INS_IDINSTRUMENTO	TEM_IDTEMA	IXP_ORDEN	PRE_TIPOPREGUNTA	PRE_IDPREGUNTA	PRE_PREGUNTA	RES_IDRESPUESTA	RES_RESPUESTA	RES_ACTIVA	ESCRIBIBLE
1	1	1	GE	1161	Dirección Territorial	3806		SI	SI
1	1	2	GE	1	Lugar de la Encuesta	1		SI	SI
1	1	3	GE	2	Método de recolección	2	Vivienda de residencia	SI	SI
1	1	3	GE	2	Método de recolección	3	Entrevista Telefónica	SI	SI
1	1	3	GE	2	Método de recolección	4	Entrevista presencial (en un lugar distinto de la vivienda)	SI	SI
1	1	3	GE	2	Método de recolección	5	Otro, Cuál?	SI	SI
1	1	3	GE	2	Método de recolección	2334	Jornada de Atención	SI	SI
1	1	4	IN	35	De acuerdo con su cultura, pueblo o rasgos físicos, ...Se autoreconoce como: <i><font color="#006600">(Encuestador: No asuma la respuesta por la apariencia física, lengua, u apellidos de las personas. Es necesario leer la pregunta)</font></i>	112	Indígena	SI	SI
1	1	4	IN	35	De acuerdo con su cultura, pueblo o rasgos físicos, ...Se autoreconoce como: <i><font color="#006600">(Encuestador: No asuma la respuesta por la apariencia física, lengua, u apellidos de las personas. Es necesario leer la pregunta)</font></i>	113	Gitano(a), Rrom	SI	SI
1	1	4	IN	35	De acuerdo con su cultura, pueblo o rasgos físicos, ...Se autoreconoce como: <i><font color="#006600">(Encuestador: No asuma la respuesta por la apariencia física, lengua, u apellidos de las personas. Es necesario leer la pregunta)</font></i>	114	Raizal del Archipiélago de San Andrés, Providencia y Santa Catalina	SI	SI
1	1	4	IN	35	De acuerdo con su cultura, pueblo o rasgos físicos, ...Se autoreconoce como: <i><font color="#006600">(Encuestador: No asuma la respuesta por la apariencia física, lengua, u apellidos de las personas. Es necesario leer la pregunta)</font></i>	115	Palenquero (a)	SI	SI
1	1	4	IN	35	De acuerdo con su cultura, pueblo o rasgos físicos, ...Se autoreconoce como: <i><font color="#006600">(Encuestador: No asuma la respuesta por la apariencia física, lengua, u apellidos de las personas. Es necesario leer la pregunta)</font></i>	116	Negro(a), afrocolombiano(a) o afrodescendiente	SI	SI
1	1	4	IN	35	De acuerdo con su cultura, pueblo o rasgos físicos, ...Se autoreconoce como: <i><font color="#006600">(Encuestador: No asuma la respuesta por la apariencia física, lengua, u apellidos de las personas. Es necesario leer la pregunta)</font></i>	117	Ninguna	SI	SI
1	1	5	GE	3	Lugar de Residencia	6		SI	SI
1	1	6	GE	5	Zona de residencia	8	Cabecera municipal (donde está la alcaldía)	SI	SI
1	1	6	GE	5	Zona de residencia	9	Centro poblado, corregimiento, inspección de policía, caserío	SI	SI
1	1	6	GE	5	Zona de residencia	10	Parte rural disperso (vereda, campo)	SI	SI
1	1	7	GE	4	Barrio, centro poblado o vereda	7		SI	SI
1	1	8	GE	882	Ingrese nombre de la vereda:	2708		SI	SI
1	1	9	GE	6	Dirección de la vivienda o nombre de la finca/predio<i><font color="#006600"> (Si no conoce la dirección registro 98 )</font></i>	11		SI	SI
1	1	10	GE	7	Teléfono fijo  con indicativo <i><font color="#006600"> (XX-XXXXXXX)</font></i> Ejemplo Bogotá <i><font color="#006600"> (91-2345678) si no conoce el número de teléfono digitar 99-9999999</font></i>	12		SI	SI
1	1	11	IN	8	Teléfono celular	13		SI	SI
1	1	12	GE	788	Otro teléfono de contacto	2339		SI	SI
1	1	13	GE	389	Correo Electrónico	1349		SI	SI
1	1	14	GE	789	Lugar de correspondencia es el mismo de residencia.	2340	Sí	SI	SI
1	1	14	GE	789	Lugar de correspondencia es el mismo de residencia.	2341	No	SI	SI
1	1	15	GE	1163	Departamento y municipio de Correspondencia	3808		SI	SI
1	1	16	GE	1164	Zona de correspondencia	3809	Cabecera municipal (donde está la alcaldía)	SI	SI
1	1	16	GE	1164	Zona de correspondencia	3810	Centro poblado, corregimiento, inspección de policía, caserío	SI	SI
1	1	16	GE	1164	Zona de correspondencia	3811	Parte rural disperso (vereda, campo)	SI	SI
1	1	17	GE	1165	Barrio, centro poblado o vereda	3812		SI	SI
1	1	18	GE	1166	Ingrese nombre de la vereda:	3813		SI	SI
1	1	19	GE	790	Dirección de correspondencia	2342		SI	SI
1	1	20	GE	10	Supervisor de la encuesta	15		SI	SI
1	1	21	GE	249	Observaciones a este capitulo	940		SI	SI
1	2	1	IN	13	Nombre(s) y apellido(s) (verifique información)	19	Primer Nombre	SI	SI
1	2	1	IN	13	Nombre(s) y apellido(s) (verifique información)	20	Segundo Nombre	SI	SI
1	2	1	IN	13	Nombre(s) y apellido(s) (verifique información)	21	Primer Apellido	SI	SI
1	2	1	IN	13	Nombre(s) y apellido(s) (verifique información)	22	Segundo Apellido	SI	SI
1	2	2	IN	15	¿...está presente en esta entrevista?	24	Si	SI	SI
1	2	2	IN	15	¿...está presente en esta entrevista?	25	No	SI	SI
1	2	3	IN	27	¿Cuál es la fecha de nacimiento de...? <i><i><font color="#006600">(Si no conoce la fecha exacta de nacimiento, diligencie la más aproximada posible)</font></i></i>	78		SI	SI
1	2	4	IN	14	¿Cuántos años cumplidos tiene ...?	23		SI	SI
1	2	5	IN	1177	GRUPO ETAREO	3846	0 - 5 AÑOS: PRIMERA INFANCIA	SI	SI
1	2	5	IN	1177	GRUPO ETAREO	3847	6 - 11 AÑOS: NIÑEZ	SI	SI
1	2	5	IN	1177	GRUPO ETAREO	3848	12 - 17 AÑOS: ADOLESCENCIA	SI	SI
1	2	5	IN	1177	GRUPO ETAREO	3849	18 - 28 AÑOS: JÓVENES	SI	SI
1	2	5	IN	1177	GRUPO ETAREO	3850	29 - 59 AÑOS: ADULTO	SI	SI
1	2	5	IN	1177	GRUPO ETAREO	3851	60  AÑOS EN ADELANTE: PERSONA MAYOR	SI	SI
1	2	6	IN	30	¿Qué tipo de documento de identificación tiene...? <i><font color="#006600">(Solicite mostrar el documento de identificación)</font></i>	93	Cédula de ciudadanía / Contraseña	SI	SI
1	2	6	IN	30	¿Qué tipo de documento de identificación tiene...? <i><font color="#006600">(Solicite mostrar el documento de identificación)</font></i>	94	Cédula de extranjería	SI	SI
1	2	6	IN	30	¿Qué tipo de documento de identificación tiene...? <i><font color="#006600">(Solicite mostrar el documento de identificación)</font></i>	95	Tarjeta de identidad	SI	SI
1	2	6	IN	30	¿Qué tipo de documento de identificación tiene...? <i><font color="#006600">(Solicite mostrar el documento de identificación)</font></i>	96	Registro civil/NUIP	SI	SI
1	2	6	IN	30	¿Qué tipo de documento de identificación tiene...? <i><font color="#006600">(Solicite mostrar el documento de identificación)</font></i>	3799	Permiso especial de permanencia	SI	SI
1	2	6	IN	30	¿Qué tipo de documento de identificación tiene...? <i><font color="#006600">(Solicite mostrar el documento de identificación)</font></i>	3800	Permiso temporal de permanencia	SI	SI
1	2	6	IN	30	¿Qué tipo de documento de identificación tiene...? <i><font color="#006600">(Solicite mostrar el documento de identificación)</font></i>	3801	Pasaporte	SI	SI
1	2	6	IN	30	¿Qué tipo de documento de identificación tiene...? <i><font color="#006600">(Solicite mostrar el documento de identificación)</font></i>	3802	Adulto sin identificar	SI	SI
1	2	6	IN	30	¿Qué tipo de documento de identificación tiene...? <i><font color="#006600">(Solicite mostrar el documento de identificación)</font></i>	3803	Menor sin identificar	SI	SI
1	2	6	IN	30	¿Qué tipo de documento de identificación tiene...? <i><font color="#006600">(Solicite mostrar el documento de identificación)</font></i>	3804	Recién nacido	SI	SI
1	2	6	IN	30	¿Qué tipo de documento de identificación tiene...? <i><font color="#006600">(Solicite mostrar el documento de identificación)</font></i>	3805	Certificado de pertenencia étnica	SI	SI
1	2	6	IN	30	¿Qué tipo de documento de identificación tiene...? <i><font color="#006600">(Solicite mostrar el documento de identificación)</font></i>	3852	Cédula de ciudadanía / Contraseña	SI	SI
1	2	6	IN	30	¿Qué tipo de documento de identificación tiene...? <i><font color="#006600">(Solicite mostrar el documento de identificación)</font></i>	3853	Cédula de ciudadanía / Contraseña	SI	SI
1	2	6	IN	30	¿Qué tipo de documento de identificación tiene...? <i><font color="#006600">(Solicite mostrar el documento de identificación)</font></i>	3854	Cédula de ciudadanía / Contraseña	SI	SI
1	2	7	IN	32	¿...cuenta con el documento de identificación?<i><font color="#006600">(Solicite mostrar el documento)</font></i>	102	Si	SI	SI
1	2	7	IN	32	¿...cuenta con el documento de identificación?<i><font color="#006600">(Solicite mostrar el documento)</font></i>	103	No	SI	SI
1	2	7	IN	32	¿...cuenta con el documento de identificación?<i><font color="#006600">(Solicite mostrar el documento)</font></i>	104	No sabe/no informa	SI	NO
1	2	8	IN	31	Número Documento de identificación <i><font color="#006600"> (Si no conoce el número, diligencie 99) (verifique información)</font></i>	101		SI	SI
1	2	9	IN	1169	Novedades en el RUV	3819	Actualización de Nombres y/o Apellidos	SI	SI
1	2	9	IN	1169	Novedades en el RUV	3820	Actualización de Documento de Identidad	SI	SI
1	2	9	IN	1169	Novedades en el RUV	3821	Actualización Fecha de Nacimiento	SI	SI
1	2	9	IN	1169	Novedades en el RUV	3822	Ninguna	SI	SI
1	2	10	IN	24	Sexo: <i><font color="#006600"> (No asumir el sexo a partir del nombre, es necesario preguntar)</font></i>	68	Hombre	SI	SI
1	2	10	IN	24	Sexo: <i><font color="#006600"> (No asumir el sexo a partir del nombre, es necesario preguntar)</font></i>	69	Mujer	SI	SI
1	2	10	IN	24	Sexo: <i><font color="#006600"> (No asumir el sexo a partir del nombre, es necesario preguntar)</font></i>	968	Intersexual	SI	SI
1	2	10	IN	24	Sexo: <i><font color="#006600"> (No asumir el sexo a partir del nombre, es necesario preguntar)</font></i>	3814	Indeterminado	SI	SI
1	2	11	IN	792	¿Cuál es su orientación sexual?	2351	Heterosexual	SI	SI
1	2	11	IN	792	¿Cuál es su orientación sexual?	2352	Homosexual	SI	SI
1	2	11	IN	792	¿Cuál es su orientación sexual?	2353	Bisexual	SI	SI
1	2	11	IN	792	¿Cuál es su orientación sexual?	2354	Ninguno	SI	SI
1	2	11	IN	792	¿Cuál es su orientación sexual?	2355	No sabe, no responde	SI	SI
1	2	11	IN	792	¿Cuál es su orientación sexual?	3756	Asexual	SI	SI
1	2	12	IN	274	¿Cuál es su identidad de género?	974	Femenino	SI	SI
1	2	12	IN	274	¿Cuál es su identidad de género?	975	Masculino	SI	SI
1	2	12	IN	274	¿Cuál es su identidad de género?	978	No sabe / No responde	SI	SI
1	2	12	IN	274	¿Cuál es su identidad de género?	1358	Transgénero	SI	SI
1	2	13	IN	33	¿...tiene libreta militar?  <i> <strong> <font color="#2E64FE">Ley 48 de 1993 </font></strong> </i><i><font color="#006600">  Si tiene libreta provisional o está vencida, marque  "si"</font></i>	105	Si	SI	SI
1	2	13	IN	33	¿...tiene libreta militar?  <i> <strong> <font color="#2E64FE">Ley 48 de 1993 </font></strong> </i><i><font color="#006600">  Si tiene libreta provisional o está vencida, marque  "si"</font></i>	106	No	SI	SI
1	2	13	IN	33	¿...tiene libreta militar?  <i> <strong> <font color="#2E64FE">Ley 48 de 1993 </font></strong> </i><i><font color="#006600">  Si tiene libreta provisional o está vencida, marque  "si"</font></i>	107	No sabe / No responde	SI	SI
1	2	13	IN	33	¿...tiene libreta militar?  <i> <strong> <font color="#2E64FE">Ley 48 de 1993 </font></strong> </i><i><font color="#006600">  Si tiene libreta provisional o está vencida, marque  "si"</font></i>	108	En trámite	SI	NO
1	2	14	IN	1167	¿Cuenta con libreta militar en físico?	3815	Si	SI	SI
1	2	14	IN	1167	¿Cuenta con libreta militar en físico?	3816	No	SI	SI
1	2	15	IN	793	¿Pertenece o ha pertenecido a la Fuerza Pública?	2356	Sí	SI	SI
1	2	15	IN	793	¿Pertenece o ha pertenecido a la Fuerza Pública?	2357	No	SI	SI
1	2	16	IN	88	¿Presenta alguna discapacidad?	315	Si	SI	SI
1	2	16	IN	88	¿Presenta alguna discapacidad?	316	No	SI	SI
1	2	17	IN	89	¿Qué tipo de discapacidad presenta?	317	Física	SI	SI
1	2	17	IN	89	¿Qué tipo de discapacidad presenta?	319	Intelectual	SI	SI
1	2	17	IN	89	¿Qué tipo de discapacidad presenta?	320	Mental	SI	SI
1	2	17	IN	89	¿Qué tipo de discapacidad presenta?	2807	Visual	SI	SI
1	2	17	IN	89	¿Qué tipo de discapacidad presenta?	2808	Auditiva	SI	SI
1	2	17	IN	89	¿Qué tipo de discapacidad presenta?	2809	Sordo Ceguera	SI	SI
1	2	18	IN	400	¿… cuál es el origen de su discapacidad?	1396	Porque nació así	SI	NO
1	2	18	IN	400	¿… cuál es el origen de su discapacidad?	1397	Enfermedad congénita	SI	SI
1	2	18	IN	400	¿… cuál es el origen de su discapacidad?	1398	A causa de un accidente	SI	SI
1	2	18	IN	400	¿… cuál es el origen de su discapacidad?	1399	Porque ya está muy mayor	SI	SI
1	2	18	IN	400	¿… cuál es el origen de su discapacidad?	1400	Porque fue víctima del conflicto armado (minas, combates, otros)	SI	SI
1	2	18	IN	400	¿… cuál es el origen de su discapacidad?	1401	Porque fue víctima de otros hechos (delincuencia, por ejemplo)	SI	SI
1	2	18	IN	400	¿… cuál es el origen de su discapacidad?	1402	No sabe/No responde	SI	SI
1	2	19	IN	794	¿Presenta diagnóstico de enfermedades ruinosas, catastróficas y de alto costo?	2358	SÍ	SI	SI
1	2	19	IN	794	¿Presenta diagnóstico de enfermedades ruinosas, catastróficas y de alto costo?	2359	No	SI	SI
1	2	20	IN	865	¿Cuál enfermedad?	3865	TRANSPLANTE RENAL	SI	SI
1	2	20	IN	865	¿Cuál enfermedad?	3866	DIÁLISIS PERITONEAL Y HEMODIÁLISIS	SI	SI
1	2	20	IN	865	¿Cuál enfermedad?	3867	MANEJO QUIRÚRGICO PARA ENFERMEDADES DEL SISTEMA NERVIOSO CENTRAL	SI	SI
1	2	20	IN	865	¿Cuál enfermedad?	3868	MANEJO QUIRÚRGICO PARA ENFERMEDADES DEL CORAZÓN	SI	SI
1	2	20	IN	865	¿Cuál enfermedad?	3869	REEMPLAZOS ARTICULARES	SI	SI
1	2	20	IN	865	¿Cuál enfermedad?	3870	MANEJO MÉDICO QUIRÚRGICO DEL PACIENTE GRAN QUEMADO	SI	SI
1	2	20	IN	865	¿Cuál enfermedad?	3871	MANEJO DEL TRAUMA MAYOR	SI	SI
1	2	20	IN	865	¿Cuál enfermedad?	3872	DIAGNÓSTICO Y MANEJO DEL PACIENTE INFECTADO POR VIH/SIDA	SI	SI
1	2	20	IN	865	¿Cuál enfermedad?	3873	QUIMIOTERAPIA Y RADIOTERAPIA PARA EL CANCER	SI	SI
1	2	20	IN	865	¿Cuál enfermedad?	3874	MANEJO DE PACIENTES EN UNIDAD DE CUIDADOS INTENSIVOS	SI	SI
1	2	20	IN	865	¿Cuál enfermedad?	3875	MANEJO QUIRÚRGICO DE ENFERMEDADES CONGÉNITAS	SI	SI
1	2	20	IN	865	¿Cuál enfermedad?	3876	TRASPLANTE RENAL, CORAZÓN, HÍGADO, MÉDULA ÓSEA Y CÓRNEA	SI	SI
1	2	20	IN	865	¿Cuál enfermedad?	3877	CORRECCIÓN QUIRÚRGICA DE LA HERNIA DE NÚCLEO PULPOSO	SI	SI
1	2	20	IN	865	¿Cuál enfermedad?	3878	OTRA (EPOC, ANEMIA FALCIFORME, ETC)	SI	SI
1	2	21	IN	26	¿Se encuentra alguna de las mujeres del hogar en estado de embarazo?	76	Si, ¿Cuantás semanas?	SI	SI
1	2	21	IN	26	¿Se encuentra alguna de las mujeres del hogar en estado de embarazo?	77	No	SI	SI
1	2	22	IN	393	¿En la actualidad es madre lactante?	1356	No	SI	SI
1	2	22	IN	393	¿En la actualidad es madre lactante?	1357	Sí	SI	SI
1	2	23	IN	28	El parentesco … frente al jefe del hogar es:  <i><font color="#006600"> (No acepte como jefe de hogar a persona menor a 14 años)</font></i>	79	Jefe(a)	SI	SI
1	2	23	IN	28	El parentesco … frente al jefe del hogar es:  <i><font color="#006600"> (No acepte como jefe de hogar a persona menor a 14 años)</font></i>	80	Cónyuge o Compañera(o) (Personas mayores de 14 años)	SI	SI
1	2	23	IN	28	El parentesco … frente al jefe del hogar es:  <i><font color="#006600"> (No acepte como jefe de hogar a persona menor a 14 años)</font></i>	81	Hijo(a) - Hijastro(a)	SI	SI
1	2	23	IN	28	El parentesco … frente al jefe del hogar es:  <i><font color="#006600"> (No acepte como jefe de hogar a persona menor a 14 años)</font></i>	83	Nieto(a)	SI	NO
1	2	23	IN	28	El parentesco … frente al jefe del hogar es:  <i><font color="#006600"> (No acepte como jefe de hogar a persona menor a 14 años)</font></i>	84	Padre o madre - Padrastro o madrastra	SI	SI
1	2	23	IN	28	El parentesco … frente al jefe del hogar es:  <i><font color="#006600"> (No acepte como jefe de hogar a persona menor a 14 años)</font></i>	906	Hermano(a) - Hermanastro(a)	SI	SI
1	2	23	IN	28	El parentesco … frente al jefe del hogar es:  <i><font color="#006600"> (No acepte como jefe de hogar a persona menor a 14 años)</font></i>	907	Yerno o nuera	SI	NO
1	2	23	IN	28	El parentesco … frente al jefe del hogar es:  <i><font color="#006600"> (No acepte como jefe de hogar a persona menor a 14 años)</font></i>	908	Abuelo(a)	SI	NO
1	2	23	IN	28	El parentesco … frente al jefe del hogar es:  <i><font color="#006600"> (No acepte como jefe de hogar a persona menor a 14 años)</font></i>	909	Suegro(a)	SI	NO
1	2	23	IN	28	El parentesco … frente al jefe del hogar es:  <i><font color="#006600"> (No acepte como jefe de hogar a persona menor a 14 años)</font></i>	910	Tío(a)	SI	NO
1	2	23	IN	28	El parentesco … frente al jefe del hogar es:  <i><font color="#006600"> (No acepte como jefe de hogar a persona menor a 14 años)</font></i>	911	Sobrino(a)	SI	NO
1	2	23	IN	28	El parentesco … frente al jefe del hogar es:  <i><font color="#006600"> (No acepte como jefe de hogar a persona menor a 14 años)</font></i>	912	Otro pariente del jefe	SI	SI
1	2	23	IN	28	El parentesco … frente al jefe del hogar es:  <i><font color="#006600"> (No acepte como jefe de hogar a persona menor a 14 años)</font></i>	916	Otros no parientes	SI	NO
1	2	24	IN	1435	El parentesco … frente a la persona responsable del hogar es: 	4499	RESPONSABLE DEL HOGAR	SI	SI
1	2	24	IN	1435	El parentesco … frente a la persona responsable del hogar es: 	4500	CÓNYUGE O COMPAÑERA(O)	SI	SI
1	2	24	IN	1435	El parentesco … frente a la persona responsable del hogar es: 	4501	HIJO(A) - HIJASTRO(A)	SI	SI
1	2	24	IN	1435	El parentesco … frente a la persona responsable del hogar es: 	4502	PADRE O MADRE - PADRASTRO O MADRASTRA	SI	SI
1	2	24	IN	1435	El parentesco … frente a la persona responsable del hogar es: 	4503	HERMANO(A) - HERMANASTRO(A)	SI	SI
1	2	24	IN	1435	El parentesco … frente a la persona responsable del hogar es: 	4504	OTRO PARIENTE DEL RESPONSABLE DEL HOGAR	SI	SI
1	2	25	IN	289	Siente ... que vive en un entorno cultural acorde con sus usos y costumbres?	1040	Si	SI	SI
1	2	25	IN	289	Siente ... que vive en un entorno cultural acorde con sus usos y costumbres?	1041	No	SI	SI
1	2	26	IN	867	¿Se encuentra habitando algún territorio colectivo?	2632	Sí	SI	SI
1	2	26	IN	867	¿Se encuentra habitando algún territorio colectivo?	2633	No	SI	SI
1	2	27	IN	866	¿En que tipo de territorio se encuentra?	2628	Resguardo Indígena	SI	SI
1	2	27	IN	866	¿En que tipo de territorio se encuentra?	2629	Terrritorio Colectivo de Comunidades Negras	SI	SI
1	2	27	IN	866	¿En que tipo de territorio se encuentra?	2630	Territorio Ancestralmente Habitado	SI	SI
1	2	27	IN	866	¿En que tipo de territorio se encuentra?	2631	Otro	SI	SI
1	2	27	IN	866	¿En que tipo de territorio se encuentra?	3798	Zonas de reserva campesina	SI	SI
1	2	28	IN	290	¿... A qué pueblo indigena pertenece?<i><font color="#006600"> Ingrese las 3 primeras letras del pueblo indigena</font></i>	1042		SI	SI
1	2	29	IN	291	¿… A qué comunidad indígena pertenece?	1043		SI	SI
1	2	30	IN	868	¿… A qué cabildo indígena pertenece?	2634		SI	SI
1	2	31	IN	1182	¿PERTENECE A UN CONSEJO COMUNITARIO?	3879	Sí	SI	SI
1	2	31	IN	1182	¿PERTENECE A UN CONSEJO COMUNITARIO?	3880	No	SI	SI
1	2	32	IN	795	¿… A qué consejo comunitario pertenece?	2360		SI	SI
1	2	33	IN	372	¿… A qué <em>Vitsa</em> pertenece?	1292	Bolochoc	SI	SI
1	2	33	IN	372	¿… A qué <em>Vitsa</em> pertenece?	1293	Bimbay	SI	SI
1	2	33	IN	372	¿… A qué <em>Vitsa</em> pertenece?	1294	Mijhaís	SI	SI
1	2	33	IN	372	¿… A qué <em>Vitsa</em> pertenece?	1295	Ghoso	SI	SI
1	2	33	IN	372	¿… A qué <em>Vitsa</em> pertenece?	1296	Churon	SI	SI
1	2	33	IN	372	¿… A qué <em>Vitsa</em> pertenece?	1297	Rruso	SI	SI
1	2	33	IN	372	¿… A qué <em>Vitsa</em> pertenece?	1298	Eskelleichi	SI	SI
1	2	33	IN	372	¿… A qué <em>Vitsa</em> pertenece?	1299	Otro ¿Cuál?	SI	SI
1	2	34	IN	373	¿… A qué Kumpania pertenece?	1300	Sabana Larga (Atlántico)	SI	SI
1	2	34	IN	373	¿… A qué Kumpania pertenece?	1301	Sampués (Sucre)	SI	SI
1	2	34	IN	373	¿… A qué Kumpania pertenece?	1302	Sahagún (Córdoba)	SI	SI
1	2	34	IN	373	¿… A qué Kumpania pertenece?	1303	San Pelayo (Córdoba)	SI	SI
1	2	34	IN	373	¿… A qué Kumpania pertenece?	1304	Cúcuta (Norte de Santander)	SI	SI
1	2	34	IN	373	¿… A qué Kumpania pertenece?	1305	Girón (Santander)	SI	SI
1	2	34	IN	373	¿… A qué Kumpania pertenece?	1306	Envigado (Antioquia)	SI	SI
1	2	34	IN	373	¿… A qué Kumpania pertenece?	1307	Ataco (Tolima)	SI	SI
1	2	34	IN	373	¿… A qué Kumpania pertenece?	1308	Bogotá Unión Romaní	SI	SI
1	2	34	IN	373	¿… A qué Kumpania pertenece?	1309	Pasto (Nariño)	SI	SI
1	2	34	IN	373	¿… A qué Kumpania pertenece?	1310	Otra ¿Cuál?	SI	SI
1	2	34	IN	373	¿… A qué Kumpania pertenece?	1375	Bogotá ProRrom	SI	SI
1	2	35	IN	294	En el actual sitio de residencia, reconoce … alguna autoridad, líder o alguien que lo represente?	1050	Sí	SI	SI
1	2	35	IN	294	En el actual sitio de residencia, reconoce … alguna autoridad, líder o alguien que lo represente?	1051	No	SI	SI
1	2	36	IN	296	Adicional, reconoce … la autoridad del Resguardo, comunidad, pueblo o territorio colectivo del que proviene?	1053	Sí ¿Cuál?	SI	SI
1	2	36	IN	296	Adicional, reconoce … la autoridad del Resguardo, comunidad, pueblo o territorio colectivo del que proviene?	1054	No	SI	SI
1	2	37	IN	292	¿ Su comunidad o pueblo tiene un idioma propio ?	1044	Si	SI	SI
1	2	37	IN	292	¿ Su comunidad o pueblo tiene un idioma propio ?	1045	No	SI	SI
1	2	38	IN	273	En cuanto a su propio idioma usted:	969	La habla y la entiende bien	SI	SI
1	2	38	IN	273	En cuanto a su propio idioma usted:	970	La entiende y habla poco	SI	SI
1	2	38	IN	273	En cuanto a su propio idioma usted:	971	La entiende pero no la habla	SI	SI
1	2	38	IN	273	En cuanto a su propio idioma usted:	972	No lo entiende ni lo habla	SI	SI
1	2	38	IN	273	En cuanto a su propio idioma usted:	973	En su comunidad sólo se habla español	SI	SI
1	2	39	IN	293	En cuanto al idioma español usted:	1046	Lo entiende y lo habla bien	SI	SI
1	2	39	IN	293	En cuanto al idioma español usted:	1047	Lo entiende y habla poco	SI	SI
1	2	39	IN	293	En cuanto al idioma español usted:	1048	Lo entiende pero no lo habla	SI	SI
1	2	39	IN	293	En cuanto al idioma español usted:	1049	No lo entiende ni lo habla	SI	SI
1	2	40	IN	869	¿Pertenece a alguna organización?	2635	Si	SI	SI
1	2	40	IN	869	¿Pertenece a alguna organización?	2636	No	SI	SI
1	2	41	IN	1158	¿Qué tipo de organización?	3760	Étnica	SI	SI
1	2	41	IN	1158	¿Qué tipo de organización?	3761	De Víctimas	SI	SI
1	2	41	IN	1158	¿Qué tipo de organización?	3762	Campesina	SI	SI
1	2	41	IN	1158	¿Qué tipo de organización?	3763	Defensoras de Derechos 	SI	SI
1	2	41	IN	1158	¿Qué tipo de organización?	3764	Otra, Cuál?	SI	SI
1	2	42	IN	16	¿Hace cuántos años vive en el municipio? <i><font color="#006600">(Si lleva menos de 1 año registro 00)</font></i>	26		SI	SI
1	2	43	IN	870	¿En los últimos seis meses, usted ha declarado nuevos hechos victimizantes para ser incluidos en el RUV?	2637	Sí	SI	SI
1	2	43	IN	870	¿En los últimos seis meses, usted ha declarado nuevos hechos victimizantes para ser incluidos en el RUV?	2638	No	SI	SI
1	2	44	IN	1436	CUÁLES HECHOS VICTIMIZANTES HA USTED DECLARADO PARA SER INCLUIDOS EN EL RUV	4505	ACTO TERRORISTA / ATENTADOS / COMBATES /ENFRENTAMIENTOS / HOSTIGAMIENTOS	SI	SI
1	2	44	IN	1436	CUÁLES HECHOS VICTIMIZANTES HA USTED DECLARADO PARA SER INCLUIDOS EN EL RUV	4506	AMENAZA	SI	SI
1	2	44	IN	1436	CUÁLES HECHOS VICTIMIZANTES HA USTED DECLARADO PARA SER INCLUIDOS EN EL RUV	4507	DELITOS CONTRA LA LIBERTAD Y LA INTEGRIDAD SEXUAL EN DESARROLLO DEL CONFLICTO ARMADO	SI	SI
1	2	44	IN	1436	CUÁLES HECHOS VICTIMIZANTES HA USTED DECLARADO PARA SER INCLUIDOS EN EL RUV	4508	DESAPARICIÓN FORZADA	SI	SI
1	2	44	IN	1436	CUÁLES HECHOS VICTIMIZANTES HA USTED DECLARADO PARA SER INCLUIDOS EN EL RUV	4509	DESPLAZAMIENTO FORZADO	SI	SI
1	2	44	IN	1436	CUÁLES HECHOS VICTIMIZANTES HA USTED DECLARADO PARA SER INCLUIDOS EN EL RUV	4510	HOMICIDIO	SI	SI
1	2	44	IN	1436	CUÁLES HECHOS VICTIMIZANTES HA USTED DECLARADO PARA SER INCLUIDOS EN EL RUV	4511	MINAS ANTIPERSONAL, MUNICIÓN SIN EXPLOTAR Y ARTEFACTO EXPLOSIVO IMPROVISADO	SI	SI
1	2	44	IN	1436	CUÁLES HECHOS VICTIMIZANTES HA USTED DECLARADO PARA SER INCLUIDOS EN EL RUV	4512	SECUESTRO	SI	SI
1	2	44	IN	1436	CUÁLES HECHOS VICTIMIZANTES HA USTED DECLARADO PARA SER INCLUIDOS EN EL RUV	4513	TORTURA	SI	SI
1	2	44	IN	1436	CUÁLES HECHOS VICTIMIZANTES HA USTED DECLARADO PARA SER INCLUIDOS EN EL RUV	4514	VINCULACIÓN DE NIÑOS NIÑAS Y ADOLESCENTES A ACTIVIDADES RELACIONADAS CON GRUPOS ARMADOS 	SI	SI
1	2	44	IN	1436	CUÁLES HECHOS VICTIMIZANTES HA USTED DECLARADO PARA SER INCLUIDOS EN EL RUV	4515	ABANDONO O DESPOJO FORZADO DE TIERRAS	SI	SI
1	2	44	IN	1436	CUÁLES HECHOS VICTIMIZANTES HA USTED DECLARADO PARA SER INCLUIDOS EN EL RUV	4516	PERDIDA DE BIENES MUEBLES O INMUEBLES	SI	SI
1	2	44	IN	1436	CUÁLES HECHOS VICTIMIZANTES HA USTED DECLARADO PARA SER INCLUIDOS EN EL RUV	4517	LESIONES PERSONALES FÍSICAS 	SI	SI
1	2	44	IN	1436	CUÁLES HECHOS VICTIMIZANTES HA USTED DECLARADO PARA SER INCLUIDOS EN EL RUV	4518	LESIONES PERSONALES PSICOLÓGICAS 	SI	SI
1	2	44	IN	1436	CUÁLES HECHOS VICTIMIZANTES HA USTED DECLARADO PARA SER INCLUIDOS EN EL RUV	4519	CONFINAMIENTO	SI	SI
1	2	45	IN	17	¿...Es víctima del conflicto armado?	27	Si	SI	SI
1	2	45	IN	17	¿...Es víctima del conflicto armado?	28	No	SI	SI
1	2	46	IN	18	… solicitó ser incluido en el RUPD/RUV por alguna de las siguientes formas:	29	El hecho lo declaró usted	SI	SI
1	2	46	IN	18	… solicitó ser incluido en el RUPD/RUV por alguna de las siguientes formas:	30	El hecho fue declarado por otra persona de su hogar	SI	SI
1	2	46	IN	18	… solicitó ser incluido en el RUPD/RUV por alguna de las siguientes formas:	31	El hecho fue declarado por una persona de otro hogar	SI	SI
1	2	46	IN	18	… solicitó ser incluido en el RUPD/RUV por alguna de las siguientes formas:	32	No declaró	SI	SI
1	2	46	IN	18	… solicitó ser incluido en el RUPD/RUV por alguna de las siguientes formas:	1055	El hecho fue declarado por un líder o una autoridad del territorio	SI	SI
1	2	47	IN	19	¿Cuáles son las razones para no haber declarado?	33	Amenaza o miedo	SI	SI
1	2	47	IN	19	¿Cuáles son las razones para no haber declarado?	34	Falta de confianza en el gobierno	SI	SI
1	2	47	IN	19	¿Cuáles son las razones para no haber declarado?	35	No confía en los funcionarios que reciben la información	SI	SI
1	2	47	IN	19	¿Cuáles son las razones para no haber declarado?	36	Por falta de información	SI	SI
1	2	47	IN	19	¿Cuáles son las razones para no haber declarado?	37	No ha querido	SI	SI
1	2	47	IN	19	¿Cuáles son las razones para no haber declarado?	38	Otra, ¿cuál?	SI	SI
1	2	47	IN	19	¿Cuáles son las razones para no haber declarado?	2361	Acceso	SI	SI
1	2	47	IN	19	¿Cuáles son las razones para no haber declarado?	2362	Traslado	SI	SI
1	2	48	GE	250	Observaciones a este capitulo	941		SI	SI
1	3	1	GE	36	¿En qué tipo de vivienda habita el hogar?	118	Casa	SI	SI
1	3	1	GE	36	¿En qué tipo de vivienda habita el hogar?	119	Apartamento	SI	SI
1	3	1	GE	36	¿En qué tipo de vivienda habita el hogar?	120	Cuarto(s) en inquilinato u otro tipo de estructura	SI	SI
1	3	1	GE	36	¿En qué tipo de vivienda habita el hogar?	121	Albergue	SI	SI
1	3	1	GE	36	¿En qué tipo de vivienda habita el hogar?	122	Vivienda indígena	SI	SI
1	3	1	GE	36	¿En qué tipo de vivienda habita el hogar?	1064	Otra vivienda ( carpa, vagón,  cueva, refugio natural,albergue, embarcación, campamento, asentamiento fluvial, rancho, etc) ¿Cuál?	SI	SI
1	3	1	GE	36	¿En qué tipo de vivienda habita el hogar?	2653	Vivienda Étnica - Maloka, bohio, deadaré	SI	SI
1	3	1	GE	36	¿En qué tipo de vivienda habita el hogar?	2654	Vivienda Étnica - Vivienda Tradicional familiar	SI	SI
1	3	1	GE	36	¿En qué tipo de vivienda habita el hogar?	2655	Vivienda Étnica tradicional familiar Palafito/palafitico	SI	SI
1	3	1	GE	36	¿En qué tipo de vivienda habita el hogar?	2656	Vivienda Étnica - Carpa	SI	SI
1	3	1	GE	36	¿En qué tipo de vivienda habita el hogar?	3757	Casa Comunitaria	SI	SI
1	3	2	GE	45	La vivienda ocupada por este hogar es:	161	Propia	SI	SI
1	3	2	GE	45	La vivienda ocupada por este hogar es:	164	Usufructo	SI	SI
1	3	2	GE	45	La vivienda ocupada por este hogar es:	165	Otra ¿Cuál?	SI	SI
1	3	2	GE	45	La vivienda ocupada por este hogar es:	2363	En arriendo o subarriendo	SI	SI
1	3	2	GE	45	La vivienda ocupada por este hogar es:	2657	Comunitaria en territorio colectivo	SI	SI
1	3	2	GE	45	La vivienda ocupada por este hogar es:	2658	Familiar en territorio colectivo	SI	SI
1	3	2	GE	45	La vivienda ocupada por este hogar es:	2659	Posesión sin título (ocupante de hecho) o propiedad colectiva	SI	SI
1	3	2	GE	45	La vivienda ocupada por este hogar es:	2660	Posada (Acoger a una persona familiar o no familiar sin pagar arriendo)	SI	SI
1	3	2	GE	45	La vivienda ocupada por este hogar es:	2707	Comunitario en propiedad privada	SI	SI
1	3	2	GE	45	La vivienda ocupada por este hogar es:	3758	Comunitaria fuera del territorio colectivo	SI	SI
1	3	3	GE	47	¿Qué tipo de documento soporte tiene?	168	Escritura, resolución o sentencia registrada	SI	SI
1	3	3	GE	47	¿Qué tipo de documento soporte tiene?	169	Escritura, resolución o sentencia sin registrar	SI	SI
1	3	3	GE	47	¿Qué tipo de documento soporte tiene?	170	Certificado de sana posesión	SI	SI
1	3	3	GE	47	¿Qué tipo de documento soporte tiene?	171	Contrato de compra venta	SI	SI
1	3	3	GE	47	¿Qué tipo de documento soporte tiene?	172	Ninguno	SI	SI
1	3	3	GE	47	¿Qué tipo de documento soporte tiene?	2661	Acta de adjudicación / contrato de usufructo	SI	SI
1	3	4	GE	37	¿Cuál es el material predominante de las paredes exteriores de la vivienda?	123	Ladrillo, Bloque, material prefabricado, piedra	SI	SI
1	3	4	GE	37	¿Cuál es el material predominante de las paredes exteriores de la vivienda?	124	Madera pulida	SI	SI
1	3	4	GE	37	¿Cuál es el material predominante de las paredes exteriores de la vivienda?	125	Adobe o tapia pisada	SI	SI
1	3	4	GE	37	¿Cuál es el material predominante de las paredes exteriores de la vivienda?	126	Bahareque y/o muro tendinoso	SI	SI
1	3	4	GE	37	¿Cuál es el material predominante de las paredes exteriores de la vivienda?	127	Madera burda, tabla, tablón	SI	SI
1	3	4	GE	37	¿Cuál es el material predominante de las paredes exteriores de la vivienda?	128	Guadua	SI	SI
1	3	4	GE	37	¿Cuál es el material predominante de las paredes exteriores de la vivienda?	129	Caña, esterilla, chonta, bejucos, otro tipo de material vegetal	SI	SI
1	3	4	GE	37	¿Cuál es el material predominante de las paredes exteriores de la vivienda?	130	Zinc, tela, cartón, latas, desechos, plástico	SI	SI
1	3	4	GE	37	¿Cuál es el material predominante de las paredes exteriores de la vivienda?	131	Sin paredes	SI	SI
1	3	4	GE	37	¿Cuál es el material predominante de las paredes exteriores de la vivienda?	1065	Tierra, barro	SI	NO
1	3	4	GE	37	¿Cuál es el material predominante de las paredes exteriores de la vivienda?	1066	Palma, hojas de platanillo	SI	NO
1	3	4	GE	37	¿Cuál es el material predominante de las paredes exteriores de la vivienda?	1067	Boñiga de vaca y otros materiales de desecho orgánico	SI	NO
1	3	4	GE	37	¿Cuál es el material predominante de las paredes exteriores de la vivienda?	1323	Caña, esterilla, otro tipo de material vegetal	SI	NO
1	3	5	GE	38	¿Cuál es el material predominante de los pisos de la vivienda?	132	Tierra, arena	SI	SI
1	3	5	GE	38	¿Cuál es el material predominante de los pisos de la vivienda?	133	Cemento, gravilla	SI	SI
1	3	5	GE	38	¿Cuál es el material predominante de los pisos de la vivienda?	134	Madera burda, tabla, tablón, otro vegetal	SI	SI
1	3	5	GE	38	¿Cuál es el material predominante de los pisos de la vivienda?	135	baldosín, ladrillo, vinisol, otros materiales sintéticos	SI	SI
1	3	5	GE	38	¿Cuál es el material predominante de los pisos de la vivienda?	136	Mármol	SI	SI
1	3	5	GE	38	¿Cuál es el material predominante de los pisos de la vivienda?	137	Madera pulida	SI	SI
1	3	5	GE	38	¿Cuál es el material predominante de los pisos de la vivienda?	138	Alfombra o tapete de pared a pared	SI	SI
1	3	6	GE	275	¿De acuerdo con sus usos y costumbres considera que la vivienda es adecuada para su hogar?	979	Si	SI	SI
1	3	6	GE	275	¿De acuerdo con sus usos y costumbres considera que la vivienda es adecuada para su hogar?	980	No	SI	SI
1	3	7	GE	318	¿El hogar cuenta con el servicio de energía eléctrica?	1133	Si, ¿Estrato?	SI	SI
1	3	7	GE	318	¿El hogar cuenta con el servicio de energía eléctrica?	1134	No	SI	SI
1	3	8	GE	319	¿El hogar cuenta con el servicio de alcantarillado?	1135	Si	SI	SI
1	3	8	GE	319	¿El hogar cuenta con el servicio de alcantarillado?	1136	No	SI	SI
1	3	9	GE	320	¿El hogar cuenta con el servicio de acueducto?	1137	Si	SI	SI
1	3	9	GE	320	¿El hogar cuenta con el servicio de acueducto?	1138	No	SI	SI
1	3	10	GE	796	¿EL HOGAR CUENTA CON EL SERVICIO DE Gas Natural conectado a red pública?	2364	Sí	SI	SI
1	3	10	GE	796	¿EL HOGAR CUENTA CON EL SERVICIO DE Gas Natural conectado a red pública?	2365	No	SI	SI
1	3	11	GE	797	¿EL HOGAR CUENTA CON EL SERVICIO DE Recolección de basuras?	2366	Sí	SI	SI
1	3	11	GE	797	¿EL HOGAR CUENTA CON EL SERVICIO DE Recolección de basuras?	2367	No	SI	SI
1	3	12	GE	871	¿Su hogar tiene acceso a servicios públicos a través de vecinos ?	2639	Sí	SI	SI
1	3	12	GE	871	¿Su hogar tiene acceso a servicios públicos a través de vecinos ?	2640	No	SI	SI
1	3	13	GE	300	¿De donde proviene principalmente el agua que utilizan para beber?	1093	Pozo artesanal	SI	NO
1	3	13	GE	300	¿De donde proviene principalmente el agua que utilizan para beber?	1094	Red Comunitaria	SI	NO
1	3	13	GE	300	¿De donde proviene principalmente el agua que utilizan para beber?	1095	Naciente	SI	NO
1	3	13	GE	300	¿De donde proviene principalmente el agua que utilizan para beber?	1096	Agua embotellada	SI	NO
1	3	13	GE	300	¿De donde proviene principalmente el agua que utilizan para beber?	1097	Agua de carro tanques	SI	NO
1	3	13	GE	300	¿De donde proviene principalmente el agua que utilizan para beber?	1098	Pozo con brocal y tapa	SI	NO
1	3	13	GE	300	¿De donde proviene principalmente el agua que utilizan para beber?	1099	Pozo sin brocal y/o tapa	SI	NO
1	3	13	GE	300	¿De donde proviene principalmente el agua que utilizan para beber?	1100	Rio, represa, lago, estanque, y otras fuentes	SI	NO
1	3	13	GE	300	¿De donde proviene principalmente el agua que utilizan para beber?	1101	Agua lluvia	SI	SI
1	3	13	GE	300	¿De donde proviene principalmente el agua que utilizan para beber?	1102	Otro	SI	NO
1	3	13	GE	300	¿De donde proviene principalmente el agua que utilizan para beber?	2368	Acueducto por tubería	SI	SI
1	3	13	GE	300	¿De donde proviene principalmente el agua que utilizan para beber?	2369	De otra fuente por tubería (Redes comunitarias)	SI	SI
1	3	13	GE	300	¿De donde proviene principalmente el agua que utilizan para beber?	2370	De pozo con bomba	SI	SI
1	3	13	GE	300	¿De donde proviene principalmente el agua que utilizan para beber?	2371	De pozo sin bomba, aljibe, jagüei o barreno	SI	SI
1	3	13	GE	300	¿De donde proviene principalmente el agua que utilizan para beber?	2372	Río, quebrada, yacimiento o manantial	SI	SI
1	3	13	GE	300	¿De donde proviene principalmente el agua que utilizan para beber?	2373	De pila pública	SI	SI
1	3	13	GE	300	¿De donde proviene principalmente el agua que utilizan para beber?	2374	Carrotanque	SI	SI
1	3	13	GE	300	¿De donde proviene principalmente el agua que utilizan para beber?	2375	Aguatero	SI	SI
1	3	13	GE	300	¿De donde proviene principalmente el agua que utilizan para beber?	2376	Agua embotellada o en bolsa	SI	SI
1	3	14	GE	49	¿Cómo eliminan principalmente las basuras en este hogar?	176	Por recolección pública o privada	SI	SI
1	3	14	GE	49	¿Cómo eliminan principalmente las basuras en este hogar?	178	La reciclan (producir energía, alimentar animales, abono)	SI	SI
1	3	14	GE	49	¿Cómo eliminan principalmente las basuras en este hogar?	179	Las queman o entierran	SI	SI
1	3	14	GE	49	¿Cómo eliminan principalmente las basuras en este hogar?	182	La tiran a un río, mar, quebrada, caño o laguna	SI	SI
1	3	14	GE	49	¿Cómo eliminan principalmente las basuras en este hogar?	2793	La tiran a un patio, lote, zanja o baldío	SI	SI
1	3	14	GE	49	¿Cómo eliminan principalmente las basuras en este hogar?	2794	La eliminan de otra forma	SI	SI
1	3	14	GE	49	¿Cómo eliminan principalmente las basuras en este hogar?	3752	Disposición a campo abierto	SI	SI
1	3	15	GE	50	¿Cuál es el principal servicio sanitario con el que cuenta el hogar?	184	Inodoro conectado a alcantarillado	SI	SI
1	3	15	GE	50	¿Cuál es el principal servicio sanitario con el que cuenta el hogar?	185	Inodoro conectado a pozo séptico	SI	SI
1	3	15	GE	50	¿Cuál es el principal servicio sanitario con el que cuenta el hogar?	186	Inodoro sin conexión	SI	SI
1	3	15	GE	50	¿Cuál es el principal servicio sanitario con el que cuenta el hogar?	187	Letrina sin conexión	SI	SI
1	3	15	GE	50	¿Cuál es el principal servicio sanitario con el que cuenta el hogar?	188	Letrina con salida a un afluente o bajamar	SI	SI
1	3	15	GE	50	¿Cuál es el principal servicio sanitario con el que cuenta el hogar?	189	No tiene servicio sanitarios	SI	SI
1	3	15	GE	50	¿Cuál es el principal servicio sanitario con el que cuenta el hogar?	3759	Usa el servicio sanitario a través de los vecinos	SI	SI
1	3	16	GE	42	Incluyendo sala-comedor, ¿de cuántos cuartos en total dispone este hogar? <i><font color="#006600"><br>(Excluya cocinas, baños, garajes y cuartos destinados a negocio)</font></i>	158		SI	SI
1	3	17	GE	43	¿En cuántos de esos cuartos que usted mencionó duermen las personas de este hogar?	159		SI	SI
1	3	18	GE	46	¿Cuánto cobraría usted por el arriendo del lugar que ocupa su hogar?<i><font color="#006600"> pesos colombianos</font></i>	167		SI	SI
1	3	19	GE	40	¿La vivienda donde habita se encuentra ubicada en zona de alto riesgo de desastre natural declarada por alguna autoridad?	146	Si ¿Cuál?	SI	SI
1	3	19	GE	40	¿La vivienda donde habita se encuentra ubicada en zona de alto riesgo de desastre natural declarada por alguna autoridad?	147	No	SI	SI
1	3	19	GE	40	¿La vivienda donde habita se encuentra ubicada en zona de alto riesgo de desastre natural declarada por alguna autoridad?	148	No sabe, No responde	SI	SI
1	3	20	GE	41	En los últimos dos años, ¿esta zona se ha visto afectada por:?	149	Inundaciones, desbordamientos, crecientes, arroyos	SI	SI
1	3	20	GE	41	En los últimos dos años, ¿esta zona se ha visto afectada por:?	150	Avalanchas	SI	SI
1	3	20	GE	41	En los últimos dos años, ¿esta zona se ha visto afectada por:?	151	Vendabal	SI	SI
1	3	20	GE	41	En los últimos dos años, ¿esta zona se ha visto afectada por:?	152	Derrumbes o deslizamientos de tierra	SI	SI
1	3	20	GE	41	En los últimos dos años, ¿esta zona se ha visto afectada por:?	153	Basura o contaminantes	SI	SI
1	3	20	GE	41	En los últimos dos años, ¿esta zona se ha visto afectada por:?	154	Zona de riesgo por electricidad o gas	SI	SI
1	3	20	GE	41	En los últimos dos años, ¿esta zona se ha visto afectada por:?	155	Otra, ¿cuál?	SI	SI
1	3	20	GE	41	En los últimos dos años, ¿esta zona se ha visto afectada por:?	156	Ninguna	SI	SI
1	3	20	GE	41	En los últimos dos años, ¿esta zona se ha visto afectada por:?	157	No sabe, No responde	SI	SI
1	3	21	GE	872	En los últimos dos años, ¿… esta zona se ha visto afectada por factores como:	2641	Minería Ilegal	SI	SI
1	3	21	GE	872	En los últimos dos años, ¿… esta zona se ha visto afectada por factores como:	2642	Exploración y explotación minero-energética (petróleo, gas etc)	SI	SI
1	3	21	GE	872	En los últimos dos años, ¿… esta zona se ha visto afectada por factores como:	2643	Presencia de campamentos de actores armados ilegales o bases militares	SI	SI
1	3	21	GE	872	En los últimos dos años, ¿… esta zona se ha visto afectada por factores como:	2644	Combates o bombardeos	SI	SI
1	3	21	GE	872	En los últimos dos años, ¿… esta zona se ha visto afectada por factores como:	2645	Restricciones a la movilidad – Confinamiento	SI	SI
1	3	21	GE	872	En los últimos dos años, ¿… esta zona se ha visto afectada por factores como:	2646	Presencia de MAP, MUSE, etc	SI	SI
1	3	21	GE	872	En los últimos dos años, ¿… esta zona se ha visto afectada por factores como:	2647	Megaproyectos de infraestructura y/o turísticos (represas, hotelería etc)	SI	SI
1	3	21	GE	872	En los últimos dos años, ¿… esta zona se ha visto afectada por factores como:	2648	Ganadería extensiva	SI	SI
1	3	21	GE	872	En los últimos dos años, ¿… esta zona se ha visto afectada por factores como:	2649	Presencia de cultivos de uso ilícito	SI	SI
1	3	21	GE	872	En los últimos dos años, ¿… esta zona se ha visto afectada por factores como:	2650	Aspersiones y/o fumigaciones aéreas para erradicación de cultivos de uso  ilícito	SI	SI
1	3	21	GE	872	En los últimos dos años, ¿… esta zona se ha visto afectada por factores como:	2651	Rutas de tránsito de estupefacientes y/o armas	SI	SI
1	3	21	GE	872	En los últimos dos años, ¿… esta zona se ha visto afectada por factores como:	2652	Actividades de explotación maderera	SI	SI
1	3	21	GE	872	En los últimos dos años, ¿… esta zona se ha visto afectada por factores como:	2791	Ninguna	SI	SI
1	3	22	GE	252	Observaciones a este capitulo	943		SI	SI
1	5	3	GE	371	Regularmente, ¿cuántas personas duermen en esos cuartos?	1290		SI	SI
1	5	4	GE	44	Regularmente, ¿cuántas personas duermen en esos cuartos (espacios) ?	160		SI	SI
1	5	9	GE	299	¿Qué tipo de luz se usa en la casa?	1086	Lámpara (querosene, alcohol, gasolina)	SI	SI
1	5	9	GE	299	¿Qué tipo de luz se usa en la casa?	1087	Vela, candil	SI	SI
1	5	9	GE	299	¿Qué tipo de luz se usa en la casa?	1088	Fogata, fogón	SI	SI
1	5	9	GE	299	¿Qué tipo de luz se usa en la casa?	1089	Bateria	SI	SI
1	5	9	GE	299	¿Qué tipo de luz se usa en la casa?	1090	Panel solar	SI	SI
1	5	9	GE	299	¿Qué tipo de luz se usa en la casa?	1091	Otro	SI	SI
1	5	9	GE	299	¿Qué tipo de luz se usa en la casa?	1092	No tiene luz	SI	SI
1	5	13	GE	301	¿De dónde proviene el agua que utilizan para el uso doméstico?	1103	Pozo artesanal	SI	SI
1	5	13	GE	301	¿De dónde proviene el agua que utilizan para el uso doméstico?	1104	Red comunitaria	SI	SI
1	5	13	GE	301	¿De dónde proviene el agua que utilizan para el uso doméstico?	1105	Naciente	SI	SI
1	5	13	GE	301	¿De dónde proviene el agua que utilizan para el uso doméstico?	1106	Agua embotellada	SI	SI
1	5	13	GE	301	¿De dónde proviene el agua que utilizan para el uso doméstico?	1107	Agua de carro tanques	SI	SI
1	5	13	GE	301	¿De dónde proviene el agua que utilizan para el uso doméstico?	1108	Pozo con brocal y tapa	SI	SI
1	5	13	GE	301	¿De dónde proviene el agua que utilizan para el uso doméstico?	1109	Pozo sin brocal y/o tapa	SI	SI
1	5	13	GE	301	¿De dónde proviene el agua que utilizan para el uso doméstico?	1110	Rio, represa, lago, estanque y otras fuentes	SI	SI
1	5	13	GE	301	¿De dónde proviene el agua que utilizan para el uso doméstico?	1111	Agua lluvia	SI	SI
1	5	13	GE	301	¿De dónde proviene el agua que utilizan para el uso doméstico?	1112	Otro	SI	SI
1	5	14	GE	302	¿De qué forma llega el agua a la casa?	1113	Cañería dentro de la vivienda	SI	SI
1	5	14	GE	302	¿De qué forma llega el agua a la casa?	1114	Cañería fuera de la vivienda pero dentro del terreno	SI	SI
1	5	14	GE	302	¿De qué forma llega el agua a la casa?	1115	Cañería hasta la cocina y/o baño	SI	SI
1	5	14	GE	302	¿De qué forma llega el agua a la casa?	1116	Por carro tanque	SI	SI
1	5	14	GE	302	¿De qué forma llega el agua a la casa?	1117	Canilla o llave pública	SI	SI
1	5	14	GE	302	¿De qué forma llega el agua a la casa?	1118	Otra forma	SI	SI
1	5	17	GE	51	Este mes los servicios públicos:	190	Los paga el hogar	SI	SI
1	5	17	GE	51	Este mes los servicios públicos:	191	No los paga el hogar	SI	SI
1	5	17	GE	51	Este mes los servicios públicos:	192	Los paga parcialmente ¿Cuànto aporta?	SI	SI
1	5	17	GE	51	Este mes los servicios públicos:	900	No se pagan	SI	NO
1	5	17	GE	51	Este mes los servicios públicos:	917	Están incluidos en el arriendo	SI	SI
1	5	18	GE	52	¿En cuánto estima el valor mensual a pagar por servicios públicos para las personas miembros del hogar?	193		SI	SI
1	5	19	GE	303	Para cocinar usa principalmente:	1119	Leña	SI	SI
1	5	19	GE	303	Para cocinar usa principalmente:	1120	Gas	SI	SI
1	5	19	GE	303	Para cocinar usa principalmente:	1121	Carbón	SI	SI
1	5	19	GE	303	Para cocinar usa principalmente:	1122	Electricidad	SI	SI
1	5	19	GE	303	Para cocinar usa principalmente:	1123	Alcohol	SI	SI
1	5	19	GE	303	Para cocinar usa principalmente:	1124	Otro	SI	SI
1	5	19	GE	303	Para cocinar usa principalmente:	1125	Ninguno	SI	SI
1	5	20	GE	304	¿Dónde consigue la provisión de alimentos?	1126	Supermecado, almacén	SI	SI
1	5	20	GE	304	¿Dónde consigue la provisión de alimentos?	1127	Almacén de la comunidad	SI	SI
1	5	20	GE	304	¿Dónde consigue la provisión de alimentos?	1128	Del Estado, ONG, Fundación, Persona Natural	SI	SI
1	5	20	GE	304	¿Dónde consigue la provisión de alimentos?	1129	Encuentros Regionales de Economías Propias	SI	SI
1	5	20	GE	304	¿Dónde consigue la provisión de alimentos?	1130	Cooperativa	SI	SI
1	5	20	GE	304	¿Dónde consigue la provisión de alimentos?	1131	De la naturaleza	SI	SI
1	5	20	GE	304	¿Dónde consigue la provisión de alimentos?	1132	Otro	SI	SI
1	5	21	GE	321	¿Con qué medio paga la provisión?	1139	De contado	SI	SI
1	5	21	GE	321	¿Con qué medio paga la provisión?	1140	Tarjeta crédito, tarjeta débito	SI	SI
1	5	21	GE	321	¿Con qué medio paga la provisión?	1141	En especie	SI	SI
1	5	21	GE	321	¿Con qué medio paga la provisión?	1142	Fiado	SI	SI
1	5	21	GE	321	¿Con qué medio paga la provisión?	1143	Trueque	SI	SI
1	5	21	GE	321	¿Con qué medio paga la provisión?	1144	Otro	SI	SI
1	5	22	GE	322	¿Algún miembro del hogar ha realizado cacería?	1145	No	SI	SI
1	5	22	GE	322	¿Algún miembro del hogar ha realizado cacería?	1146	Sí	SI	SI
1	5	23	GE	323	La caza fue para:	1147	Venta	SI	SI
1	5	23	GE	323	La caza fue para:	1148	Consumo	SI	SI
1	5	24	GE	324	¿En cuánto estima su valor durante el último mes?	1149		SI	SI
1	5	25	GE	325	¿Algún miembro del hogar ha realizado pesca?	1150	Sí	SI	SI
1	5	25	GE	325	¿Algún miembro del hogar ha realizado pesca?	1151	No	SI	SI
1	5	26	GE	326	La Pesca fue para:	1152	Venta	SI	SI
1	5	26	GE	326	La Pesca fue para:	1153	Consumo	SI	SI
1	5	27	GE	327	¿En cuánto estima su valor durante el último mes?	1154		SI	SI
1	5	28	GE	328	¿Algún miembro del hogar ha realizado recolección de alimento en el bosque, campo u otro espacio al aire libre?	1155	Sí	SI	SI
1	5	28	GE	328	¿Algún miembro del hogar ha realizado recolección de alimento en el bosque, campo u otro espacio al aire libre?	1156	No	SI	SI
1	5	29	GE	329	La recolección fue para:	1157	Venta	SI	SI
1	5	29	GE	329	La recolección fue para:	1158	Consumo	SI	SI
1	5	30	GE	330	¿En cuánto estima su valor durante el último mes?	1159		SI	SI
1	5	31	GE	331	¿Algún miembro del hogar ha realizado algún tipo de cultivo?	1160	Sí	SI	SI
1	5	31	GE	331	¿Algún miembro del hogar ha realizado algún tipo de cultivo?	1161	No	SI	SI
1	5	32	GE	332	El cultivo fue para:	1162	Venta	SI	SI
1	5	32	GE	332	El cultivo fue para:	1163	Consumo	SI	SI
1	5	33	GE	333	¿En cuánto estima su valor durante el último mes?	1164		SI	SI
1	5	34	GE	247	¿Cuáles son las razones por las que residen en este municipio?	923	Porque está cerca de familiares y/o amigos que lo apoyan	SI	SI
1	5	34	GE	247	¿Cuáles son las razones por las que residen en este municipio?	924	Porque considera que hay mas oportunidades económicas	SI	SI
1	5	34	GE	247	¿Cuáles son las razones por las que residen en este municipio?	925	Porque hay mejores condiciones de seguridad	SI	SI
1	5	34	GE	247	¿Cuáles son las razones por las que residen en este municipio?	926	Porque hay mayor acceso a programas del Estado para Víctimas	SI	SI
1	5	34	GE	247	¿Cuáles son las razones por las que residen en este municipio?	927	Porque hay mayor acceso a los servicios sociales (Salud, Educación)	SI	SI
1	5	34	GE	247	¿Cuáles son las razones por las que residen en este municipio?	928	Porque hay un asentamiento de población víctima	SI	SI
1	5	34	GE	247	¿Cuáles son las razones por las que residen en este municipio?	929	Porque se siente parte de la comunidad	SI	SI
1	5	34	GE	247	¿Cuáles son las razones por las que residen en este municipio?	930	Otra, ¿cuál?	SI	SI
1	5	35	GE	248	Cuáles de estas dificultades enfrenta el hogar en el municipio donde actualmente reside: <i><font color="#006600">(Encuestador, enuncie las siguientes opciones:)</font></i>	931	Falta de oportunidades económicas	SI	SI
1	5	35	GE	248	Cuáles de estas dificultades enfrenta el hogar en el municipio donde actualmente reside: <i><font color="#006600">(Encuestador, enuncie las siguientes opciones:)</font></i>	932	Discriminación por su condición de víctima del conflicto	SI	SI
1	5	35	GE	248	Cuáles de estas dificultades enfrenta el hogar en el municipio donde actualmente reside: <i><font color="#006600">(Encuestador, enuncie las siguientes opciones:)</font></i>	933	Existe presencia de grupos armados	SI	SI
1	5	35	GE	248	Cuáles de estas dificultades enfrenta el hogar en el municipio donde actualmente reside: <i><font color="#006600">(Encuestador, enuncie las siguientes opciones:)</font></i>	934	Riesgo de que sus hijos sean vinculados a grupos armados o pandillas	SI	SI
1	5	35	GE	248	Cuáles de estas dificultades enfrenta el hogar en el municipio donde actualmente reside: <i><font color="#006600">(Encuestador, enuncie las siguientes opciones:)</font></i>	935	No se identifica con las prácticas cotidianas de la comunidad	SI	SI
1	5	35	GE	248	Cuáles de estas dificultades enfrenta el hogar en el municipio donde actualmente reside: <i><font color="#006600">(Encuestador, enuncie las siguientes opciones:)</font></i>	936	No sabe movilizarse en el municipio o no puede pagar por el transporte	SI	SI
1	5	35	GE	248	Cuáles de estas dificultades enfrenta el hogar en el municipio donde actualmente reside: <i><font color="#006600">(Encuestador, enuncie las siguientes opciones:)</font></i>	937	Carencia y/o deficiencia de las vías de acceso a su predio	SI	SI
1	5	35	GE	248	Cuáles de estas dificultades enfrenta el hogar en el municipio donde actualmente reside: <i><font color="#006600">(Encuestador, enuncie las siguientes opciones:)</font></i>	938	Se siente inseguro por la delicuencia común	SI	SI
1	5	35	GE	248	Cuáles de estas dificultades enfrenta el hogar en el municipio donde actualmente reside: <i><font color="#006600">(Encuestador, enuncie las siguientes opciones:)</font></i>	939	Otra, ¿cuál?	SI	SI
1	5	35	GE	248	Cuáles de estas dificultades enfrenta el hogar en el municipio donde actualmente reside: <i><font color="#006600">(Encuestador, enuncie las siguientes opciones:)</font></i>	1007	No enfrenta ninguna dificultad	SI	SI
1	5	36	GE	253	Observaciones a este capitulo	944		SI	SI
1	6	1	GE	1180	Observaciones iniciales	3862		SI	SI
1	6	2	GE	798	¿En la actualidad …respecto al derecho del retorno o reubicación?	2377	Ya regresó al municipio que abandonó a causa del desplazamiento forzado	SI	SI
1	6	2	GE	798	¿En la actualidad …respecto al derecho del retorno o reubicación?	2378	Ya se reubicó en un municipio diferente al que abandonó a causa del desplazamiento forzado	SI	SI
1	6	2	GE	798	¿En la actualidad …respecto al derecho del retorno o reubicación?	2379	Ninguna de las anteriores	SI	SI
1	6	3	GE	799	¿Cuál ha sido su decisión en relacion con el derecho al retorno y reubicación?	2380	Quiere retornar al lugar del que fue expulsado a causa del desplazamiento forzado	SI	SI
1	6	3	GE	799	¿Cuál ha sido su decisión en relacion con el derecho al retorno y reubicación?	2381	Quiere reubicarse en un municipio distinto del que fue expulsado a causa del desplazamiento	SI	SI
1	6	3	GE	799	¿Cuál ha sido su decisión en relacion con el derecho al retorno y reubicación?	2382	Quiere instalarse en el municipio de residencia actual	SI	SI
1	6	3	GE	799	¿Cuál ha sido su decisión en relacion con el derecho al retorno y reubicación?	2383	Ninguna de las anteriores	SI	SI
1	6	4	GE	62	¿...Solicitó apoyo del gobierno para retornar o reubicarse?	215	Si	SI	SI
1	6	4	GE	62	¿...Solicitó apoyo del gobierno para retornar o reubicarse?	216	No ¿Por qué?	SI	SI
1	6	5	GE	63	¿En su proceso de retorno o reubicación lo acompañó alguna entidad o algún funcionario del Estado?	217	Si	SI	SI
1	6	5	GE	63	¿En su proceso de retorno o reubicación lo acompañó alguna entidad o algún funcionario del Estado?	218	No	SI	SI
1	6	6	GE	800	¿Cuál fue el Departamento y municipio en el cual se Retornó o Reubicó?	2384		SI	SI
1	6	7	GE	883	¿En qué resguardo indígena se retornó o se reubicó?	2709		SI	SI
1	6	8	GE	884	¿En qué comunidad indígena se retornó o se reubicó?	2710		SI	SI
1	6	9	GE	885	¿En qué territorio colectivo de comunidades negras se se retornó o se reubicó?	2711		SI	SI
1	6	10	GE	886	¿A Qué Kumpania se retornó o se reubicó?	3765	Sabana Larga (Atlántico)	SI	SI
1	6	10	GE	886	¿A Qué Kumpania se retornó o se reubicó?	3766	Sampués (Sucre)  	SI	SI
1	6	10	GE	886	¿A Qué Kumpania se retornó o se reubicó?	3767	Sahagún (Córdoba)    	SI	SI
1	6	10	GE	886	¿A Qué Kumpania se retornó o se reubicó?	3768	San Pelayo (Córdoba)  	SI	SI
1	6	10	GE	886	¿A Qué Kumpania se retornó o se reubicó?	3769	Cúcuta (Norte de Santander)    	SI	SI
1	6	10	GE	886	¿A Qué Kumpania se retornó o se reubicó?	3770	Girón (Santander)      	SI	SI
1	6	10	GE	886	¿A Qué Kumpania se retornó o se reubicó?	3771	Envigado (Antioquia)      	SI	SI
1	6	10	GE	886	¿A Qué Kumpania se retornó o se reubicó?	3772	Ataco (Tolima)  	SI	SI
1	6	10	GE	886	¿A Qué Kumpania se retornó o se reubicó?	3773	Bogotá - ProRrom  	SI	SI
1	6	10	GE	886	¿A Qué Kumpania se retornó o se reubicó?	3774	Bogotá - Unión Romaní 	SI	SI
1	6	10	GE	886	¿A Qué Kumpania se retornó o se reubicó?	3775	Pasto (Nariño)     	SI	SI
1	6	11	GE	801	¿A qué departamento y municipio quiere retornar o reubicarse?	2385		SI	SI
1	6	12	GE	887	¿A cuál resguardo indígena desea retornar o reubicarse?	2713		SI	SI
1	6	13	GE	888	¿A cuál  comunidad indígena desea retornar o reubicarse?	2792		SI	SI
1	6	14	GE	889	¿A cuál territorio colectivo de comunidades negras desea retornar o reubicarse?	2714		SI	SI
1	6	15	GE	890	¿A Qué Kumpania desea retornar o reubicarse?	3776	Sabana Larga (Atlántico)	SI	SI
1	6	15	GE	890	¿A Qué Kumpania desea retornar o reubicarse?	3777	Sampués (Sucre) 	SI	SI
1	6	15	GE	890	¿A Qué Kumpania desea retornar o reubicarse?	3778	Sahagún (Córdoba) 	SI	SI
1	6	15	GE	890	¿A Qué Kumpania desea retornar o reubicarse?	3779	San Pelayo (Córdoba) 	SI	SI
1	6	15	GE	890	¿A Qué Kumpania desea retornar o reubicarse?	3780	Cúcuta (Norte de Santander)	SI	SI
1	6	15	GE	890	¿A Qué Kumpania desea retornar o reubicarse?	3781	Girón (Santander) 	SI	SI
1	6	15	GE	890	¿A Qué Kumpania desea retornar o reubicarse?	3782	Envigado (Antioquia) 	SI	SI
1	6	15	GE	890	¿A Qué Kumpania desea retornar o reubicarse?	3783	Ataco (Tolima) 	SI	SI
1	6	15	GE	890	¿A Qué Kumpania desea retornar o reubicarse?	3784	Bogotá - ProRrom 	SI	SI
1	6	15	GE	890	¿A Qué Kumpania desea retornar o reubicarse?	3785	Bogotá - Unión Romaní 	SI	SI
1	6	15	GE	890	¿A Qué Kumpania desea retornar o reubicarse?	3786	Pasto (Nariño)  	SI	SI
1	6	16	GE	334	¿Cuáles son las razónes por las que residen en este municipio?	1165	Porque está cerca de familiares y/o amigos que lo apoyan	SI	SI
1	6	16	GE	334	¿Cuáles son las razónes por las que residen en este municipio?	1166	Porque considera que hay mas oportunidades económicas	SI	SI
1	6	16	GE	334	¿Cuáles son las razónes por las que residen en este municipio?	1167	Porque hay mejores condiciones de seguridad	SI	SI
1	6	16	GE	334	¿Cuáles son las razónes por las que residen en este municipio?	1168	Porque hay mayor acceso a programas del Estado para Víctimas	SI	SI
1	6	16	GE	334	¿Cuáles son las razónes por las que residen en este municipio?	1169	Porque hay mayor acceso a los servicios sociales (Salud, Educación)	SI	SI
1	6	16	GE	334	¿Cuáles son las razónes por las que residen en este municipio?	1170	Porque hay un asentamiento de población víctima	SI	SI
1	6	16	GE	334	¿Cuáles son las razónes por las que residen en este municipio?	1171	Porque se siente parte de la comunidad	SI	SI
1	6	16	GE	334	¿Cuáles son las razónes por las que residen en este municipio?	1172	Otra, ¿cuál?	SI	SI
1	6	16	GE	334	¿Cuáles son las razónes por las que residen en este municipio?	2389	Por Necesidades del servicio	SI	SI
1	6	16	GE	334	¿Cuáles son las razónes por las que residen en este municipio?	2390	Por traslado	SI	SI
1	6	17	GE	1183	¿CONSIDERA QUE EL TERRITORIO AL QUE DESEA RETORNAR, REUBICARSE O REINTEGRARSE LOCALMENTE CUMPLE CON EL PRINCIPIO DE SEGURIDAD?	3881	Sí	SI	SI
1	6	17	GE	1183	¿CONSIDERA QUE EL TERRITORIO AL QUE DESEA RETORNAR, REUBICARSE O REINTEGRARSE LOCALMENTE CUMPLE CON EL PRINCIPIO DE SEGURIDAD?	3882	No	SI	SI
1	6	18	GE	1184	¿CONSIDERA QUE EL TERRITORIO AL QUE DESEA RETORNAR, REUBICARSE O REINTEGRARSE LOCALMENTE CUMPLE CON EL PRINCIPIO DE DIGNIDAD? 	3883	Sí	SI	SI
1	6	18	GE	1184	¿CONSIDERA QUE EL TERRITORIO AL QUE DESEA RETORNAR, REUBICARSE O REINTEGRARSE LOCALMENTE CUMPLE CON EL PRINCIPIO DE DIGNIDAD? 	3884	No	SI	SI
1	6	19	GE	254	Observaciones a este capitulo	945		SI	SI
1	7	1	GE	66	A causa del desplazamiento forzado, ¿algún miembro del hogar se vio obligado a separarse?	236	Si	SI	SI
1	7	1	GE	66	A causa del desplazamiento forzado, ¿algún miembro del hogar se vio obligado a separarse?	237	No	SI	SI
1	7	2	GE	68	¿El hogar solicitó apoyo del  gobierno u otra entidad privada para la reunificación familiar?	240	Si	SI	SI
1	7	2	GE	68	¿El hogar solicitó apoyo del  gobierno u otra entidad privada para la reunificación familiar?	241	No	SI	SI
1	7	3	GE	69	¿El hogar recibió el apoyo para la reunificación familiar?	242	Si	SI	SI
1	7	3	GE	69	¿El hogar recibió el apoyo para la reunificación familiar?	243	No	SI	SI
1	7	4	GE	803	¿El hogar logró reunificarse?	2391	Sí	SI	SI
1	7	4	GE	803	¿El hogar logró reunificarse?	2392	No	SI	SI
1	7	5	GE	70	¿Por qué no ha solicitado apoyo para la reunificación familiar?	244	No le interesa	SI	SI
1	7	5	GE	70	¿Por qué no ha solicitado apoyo para la reunificación familiar?	245	No conoce el proceso de reunificación	SI	SI
1	7	5	GE	70	¿Por qué no ha solicitado apoyo para la reunificación familiar?	246	Otra, Cuál?	SI	SI
1	7	6	GE	804	¿Está interesado en iniciar un proceso de reunificación familiar?	2393	No	SI	SI
1	7	6	GE	804	¿Está interesado en iniciar un proceso de reunificación familiar?	2394	No conoce el proceso de reunificación	SI	SI
1	7	6	GE	804	¿Está interesado en iniciar un proceso de reunificación familiar?	2395	Otra, Cuál?	SI	SI
1	7	6	GE	804	¿Está interesado en iniciar un proceso de reunificación familiar?	3864	Sí	SI	SI
1	7	7	GE	255	Observaciones a este capitulo	946		SI	SI
1	8	1	IN	71	¿Actualmente... está matriculado(a) en el preescolar, escuela, colegio o universidad?	247	Si	SI	SI
1	8	1	IN	71	¿Actualmente... está matriculado(a) en el preescolar, escuela, colegio o universidad?	248	No	SI	SI
1	8	2	IN	339	… sabe leer y escribir español?  <i><font color="#006600">(Encuestador: Al realizar la pregunta omitir la palabra español si la persona no tiene enfoque étnico.)</font></i>	1185	Sí	SI	SI
1	8	2	IN	339	… sabe leer y escribir español?  <i><font color="#006600">(Encuestador: Al realizar la pregunta omitir la palabra español si la persona no tiene enfoque étnico.)</font></i>	1186	No	SI	SI
1	8	3	IN	805	¿está… interesado en acceder a programas de alfabetización?	2396	Sí	SI	SI
1	8	3	IN	805	¿está… interesado en acceder a programas de alfabetización?	2397	No	SI	SI
1	8	4	IN	345	¿DENTRO DE SU EDUCACIÓN RECIBE ENSEÑANZA ACERCA DE LAS PRÁCTICAS DE SU GRUPO ÉTNICO (IDIOMA PROPIO, USOS Y COSTUMBRES, ETNOEDUCACIÓN, ETC?)	1205	Sí	SI	SI
1	8	4	IN	345	¿DENTRO DE SU EDUCACIÓN RECIBE ENSEÑANZA ACERCA DE LAS PRÁCTICAS DE SU GRUPO ÉTNICO (IDIOMA PROPIO, USOS Y COSTUMBRES, ETNOEDUCACIÓN, ETC?)	1206	No	SI	SI
1	8	5	IN	873	¿SU PROFESOR U ORIENTADOR HACE PARTE DE SU GRUPO ÉTNICO?	2662	Sí	SI	SI
1	8	5	IN	873	¿SU PROFESOR U ORIENTADOR HACE PARTE DE SU GRUPO ÉTNICO?	2663	No	SI	SI
1	8	6	IN	73	¿Cuál es la razon principal para que... no estudie? <i><font color="#006600">(NOTA: Se debe seleccionar la opción que más peso tenga cuando se presente un caso de múltiple opción)</font></i>	251	Necesita trabajar	SI	SI
1	8	6	IN	73	¿Cuál es la razon principal para que... no estudie? <i><font color="#006600">(NOTA: Se debe seleccionar la opción que más peso tenga cuando se presente un caso de múltiple opción)</font></i>	252	Falta de cupo	SI	SI
1	8	6	IN	73	¿Cuál es la razon principal para que... no estudie? <i><font color="#006600">(NOTA: Se debe seleccionar la opción que más peso tenga cuando se presente un caso de múltiple opción)</font></i>	253	No le gusta o no le interesa el estudio	SI	SI
1	8	6	IN	73	¿Cuál es la razon principal para que... no estudie? <i><font color="#006600">(NOTA: Se debe seleccionar la opción que más peso tenga cuando se presente un caso de múltiple opción)</font></i>	254	Debe encargarse de los oficios del hogar (cuidado de niños y de otras personas del hogar: ancianos, personas con discapacidad)	SI	SI
1	8	6	IN	73	¿Cuál es la razon principal para que... no estudie? <i><font color="#006600">(NOTA: Se debe seleccionar la opción que más peso tenga cuando se presente un caso de múltiple opción)</font></i>	256	Otra ¿Cuál?	SI	SI
1	8	6	IN	73	¿Cuál es la razon principal para que... no estudie? <i><font color="#006600">(NOTA: Se debe seleccionar la opción que más peso tenga cuando se presente un caso de múltiple opción)</font></i>	2795	Considera que no está en edad escolar	SI	SI
1	8	6	IN	73	¿Cuál es la razon principal para que... no estudie? <i><font color="#006600">(NOTA: Se debe seleccionar la opción que más peso tenga cuando se presente un caso de múltiple opción)</font></i>	2796	Considera que ya terminó	SI	SI
1	8	6	IN	73	¿Cuál es la razon principal para que... no estudie? <i><font color="#006600">(NOTA: Se debe seleccionar la opción que más peso tenga cuando se presente un caso de múltiple opción)</font></i>	2797	Falta de dinero o costos educativos elevados	SI	SI
1	8	6	IN	73	¿Cuál es la razon principal para que... no estudie? <i><font color="#006600">(NOTA: Se debe seleccionar la opción que más peso tenga cuando se presente un caso de múltiple opción)</font></i>	2798	Por embarazo	SI	SI
1	8	6	IN	73	¿Cuál es la razon principal para que... no estudie? <i><font color="#006600">(NOTA: Se debe seleccionar la opción que más peso tenga cuando se presente un caso de múltiple opción)</font></i>	2799	Por inseguridad o malos tratos en el establecimiento educativo; inseguridad en el entorno del centro educativo o del lugar de residencia	SI	SI
1	8	6	IN	73	¿Cuál es la razon principal para que... no estudie? <i><font color="#006600">(NOTA: Se debe seleccionar la opción que más peso tenga cuando se presente un caso de múltiple opción)</font></i>	2800	No existe un centro educativo cercano o el establecimiento asignado es muy lejano	SI	SI
1	8	6	IN	73	¿Cuál es la razon principal para que... no estudie? <i><font color="#006600">(NOTA: Se debe seleccionar la opción que más peso tenga cuando se presente un caso de múltiple opción)</font></i>	2801	Por enfermedad	SI	SI
1	8	6	IN	73	¿Cuál es la razon principal para que... no estudie? <i><font color="#006600">(NOTA: Se debe seleccionar la opción que más peso tenga cuando se presente un caso de múltiple opción)</font></i>	2802	Necesita educación inclusiva	SI	SI
1	8	6	IN	73	¿Cuál es la razon principal para que... no estudie? <i><font color="#006600">(NOTA: Se debe seleccionar la opción que más peso tenga cuando se presente un caso de múltiple opción)</font></i>	2803	Tuvieron que abandonar el lugar de residencia habitual	SI	SI
1	8	6	IN	73	¿Cuál es la razon principal para que... no estudie? <i><font color="#006600">(NOTA: Se debe seleccionar la opción que más peso tenga cuando se presente un caso de múltiple opción)</font></i>	2804	Sus padres o la persona encargada de su cuidado no lo considera importante	SI	SI
1	8	6	IN	73	¿Cuál es la razon principal para que... no estudie? <i><font color="#006600">(NOTA: Se debe seleccionar la opción que más peso tenga cuando se presente un caso de múltiple opción)</font></i>	2805	Necesita existe oferta étnica en el contexto	SI	SI
1	8	6	IN	73	¿Cuál es la razon principal para que... no estudie? <i><font color="#006600">(NOTA: Se debe seleccionar la opción que más peso tenga cuando se presente un caso de múltiple opción)</font></i>	2806	Por situaciones académicas(bajos resultados en el periodo académico, repetición de cursos)	SI	SI
1	8	7	IN	76	¿Cuál es el nivel educativo más alto alcanzado ... ? Y ¿Cuál es el último año o grado aprobado en este nivel?  <i><font color="#006600">(NOTA: Para el caso de comunidades etnicas, aclarar que es Educación formal)</font></i>	261	Ninguno	SI	SI
1	8	7	IN	76	¿Cuál es el nivel educativo más alto alcanzado ... ? Y ¿Cuál es el último año o grado aprobado en este nivel?  <i><font color="#006600">(NOTA: Para el caso de comunidades etnicas, aclarar que es Educación formal)</font></i>	262	Preescolar	SI	SI
1	8	7	IN	76	¿Cuál es el nivel educativo más alto alcanzado ... ? Y ¿Cuál es el último año o grado aprobado en este nivel?  <i><font color="#006600">(NOTA: Para el caso de comunidades etnicas, aclarar que es Educación formal)</font></i>	263	Básica primaria (1º - 5º)	SI	SI
1	8	7	IN	76	¿Cuál es el nivel educativo más alto alcanzado ... ? Y ¿Cuál es el último año o grado aprobado en este nivel?  <i><font color="#006600">(NOTA: Para el caso de comunidades etnicas, aclarar que es Educación formal)</font></i>	264	Básica secundaria (6º - 9º)	SI	SI
1	8	7	IN	76	¿Cuál es el nivel educativo más alto alcanzado ... ? Y ¿Cuál es el último año o grado aprobado en este nivel?  <i><font color="#006600">(NOTA: Para el caso de comunidades etnicas, aclarar que es Educación formal)</font></i>	265	Media (10º - 13º)	SI	SI
1	8	7	IN	76	¿Cuál es el nivel educativo más alto alcanzado ... ? Y ¿Cuál es el último año o grado aprobado en este nivel?  <i><font color="#006600">(NOTA: Para el caso de comunidades etnicas, aclarar que es Educación formal)</font></i>	266	Técnica	SI	SI
1	8	7	IN	76	¿Cuál es el nivel educativo más alto alcanzado ... ? Y ¿Cuál es el último año o grado aprobado en este nivel?  <i><font color="#006600">(NOTA: Para el caso de comunidades etnicas, aclarar que es Educación formal)</font></i>	267	No sabe/No responde	SI	SI
1	8	7	IN	76	¿Cuál es el nivel educativo más alto alcanzado ... ? Y ¿Cuál es el último año o grado aprobado en este nivel?  <i><font color="#006600">(NOTA: Para el caso de comunidades etnicas, aclarar que es Educación formal)</font></i>	1367	Tecnológica	SI	SI
1	8	7	IN	76	¿Cuál es el nivel educativo más alto alcanzado ... ? Y ¿Cuál es el último año o grado aprobado en este nivel?  <i><font color="#006600">(NOTA: Para el caso de comunidades etnicas, aclarar que es Educación formal)</font></i>	1368	Profesional	SI	SI
1	8	7	IN	76	¿Cuál es el nivel educativo más alto alcanzado ... ? Y ¿Cuál es el último año o grado aprobado en este nivel?  <i><font color="#006600">(NOTA: Para el caso de comunidades etnicas, aclarar que es Educación formal)</font></i>	1369	Especialización Técnica	SI	SI
1	8	7	IN	76	¿Cuál es el nivel educativo más alto alcanzado ... ? Y ¿Cuál es el último año o grado aprobado en este nivel?  <i><font color="#006600">(NOTA: Para el caso de comunidades etnicas, aclarar que es Educación formal)</font></i>	1370	Especialización Tecnológica	SI	SI
1	8	7	IN	76	¿Cuál es el nivel educativo más alto alcanzado ... ? Y ¿Cuál es el último año o grado aprobado en este nivel?  <i><font color="#006600">(NOTA: Para el caso de comunidades etnicas, aclarar que es Educación formal)</font></i>	1371	Especialización Profesional	SI	SI
1	8	7	IN	76	¿Cuál es el nivel educativo más alto alcanzado ... ? Y ¿Cuál es el último año o grado aprobado en este nivel?  <i><font color="#006600">(NOTA: Para el caso de comunidades etnicas, aclarar que es Educación formal)</font></i>	1372	Maestría	SI	SI
1	8	7	IN	76	¿Cuál es el nivel educativo más alto alcanzado ... ? Y ¿Cuál es el último año o grado aprobado en este nivel?  <i><font color="#006600">(NOTA: Para el caso de comunidades etnicas, aclarar que es Educación formal)</font></i>	1373	Doctorado	SI	SI
1	8	7	IN	76	¿Cuál es el nivel educativo más alto alcanzado ... ? Y ¿Cuál es el último año o grado aprobado en este nivel?  <i><font color="#006600">(NOTA: Para el caso de comunidades etnicas, aclarar que es Educación formal)</font></i>	1374	Posdoctorado	SI	SI
1	8	8	IN	1170	Actualmente requiere acceder a los niveles de educación preescolar, básica primaria, secundaria o media	3823	Si	SI	SI
1	8	8	IN	1170	Actualmente requiere acceder a los niveles de educación preescolar, básica primaria, secundaria o media	3824	No	SI	SI
1	8	9	GE	256	Observaciones a este capitulo	947		SI	SI
1	9	1	IN	79	¿ ... está afiliado, es cotizante o es beneficiario en alguno de los siguientes regímenes de seguridad social en salud ?	274	EPS - Contributivo	SI	SI
1	9	1	IN	79	¿ ... está afiliado, es cotizante o es beneficiario en alguno de los siguientes regímenes de seguridad social en salud ?	275	Regímenes especiales (Fuerzas Armadas, Ecopetrol, universidades públicas, magisterio)	SI	SI
1	9	1	IN	79	¿ ... está afiliado, es cotizante o es beneficiario en alguno de los siguientes regímenes de seguridad social en salud ?	276	No está afiliado	SI	SI
1	9	1	IN	79	¿ ... está afiliado, es cotizante o es beneficiario en alguno de los siguientes regímenes de seguridad social en salud ?	277	EPS - Subsidiado	SI	SI
1	9	1	IN	79	¿ ... está afiliado, es cotizante o es beneficiario en alguno de los siguientes regímenes de seguridad social en salud ?	278	No sabe, no informa	SI	SI
1	9	2	IN	806	¿El servicio que recibe de salud, esta de acuerdo con sus usos y costumbres?	2398	Sí	SI	SI
1	9	2	IN	806	¿El servicio que recibe de salud, esta de acuerdo con sus usos y costumbres?	2399	No	SI	SI
1	9	3	IN	874	Para tratar sus problemas de salud, ¿Qué hizo principalmente…?	2664	Acudió a la entidad de seguridad social en salud de la cual es afiliado(a)	SI	SI
1	9	3	IN	874	Para tratar sus problemas de salud, ¿Qué hizo principalmente…?	2665	Acudió a un médico particular	SI	SI
1	9	3	IN	874	Para tratar sus problemas de salud, ¿Qué hizo principalmente…?	2666	Acudió a un boticario, farmacéuta, droguista	SI	SI
1	9	3	IN	874	Para tratar sus problemas de salud, ¿Qué hizo principalmente…?	2668	Usó remedios caseros	SI	SI
1	9	3	IN	874	Para tratar sus problemas de salud, ¿Qué hizo principalmente…?	2669	Se autorrecetó	SI	SI
1	9	3	IN	874	Para tratar sus problemas de salud, ¿Qué hizo principalmente…?	2670	No hizo nada	SI	SI
1	9	3	IN	874	Para tratar sus problemas de salud, ¿Qué hizo principalmente…?	3755	Acudió a un médico ancestral	SI	SI
1	9	4	IN	875	Cuando asistió a la entidad de salud (IPS) ¿Fue atendido oportuna y efectivamente?	2671	Sí	SI	SI
1	9	4	IN	875	Cuando asistió a la entidad de salud (IPS) ¿Fue atendido oportuna y efectivamente?	2672	No	SI	SI
1	9	5	IN	876	¿CUÁLES SON LAS RAZONES POR LAS QUE NO ASISTE A SU ENTIDAD PRESTADORA DE SALUD?	2673	Distancia / Disperso	SI	SI
1	9	5	IN	876	¿CUÁLES SON LAS RAZONES POR LAS QUE NO ASISTE A SU ENTIDAD PRESTADORA DE SALUD?	2674	Recursos económicos para el desplazamiento hasta el centro de salud	SI	SI
1	9	5	IN	876	¿CUÁLES SON LAS RAZONES POR LAS QUE NO ASISTE A SU ENTIDAD PRESTADORA DE SALUD?	2675	Edad, requiere acompañamiento	SI	SI
1	9	5	IN	876	¿CUÁLES SON LAS RAZONES POR LAS QUE NO ASISTE A SU ENTIDAD PRESTADORA DE SALUD?	2676	Demoras en la atención	SI	SI
1	9	5	IN	876	¿CUÁLES SON LAS RAZONES POR LAS QUE NO ASISTE A SU ENTIDAD PRESTADORA DE SALUD?	2677	Enfermedades propias del territorio	SI	SI
1	9	5	IN	876	¿CUÁLES SON LAS RAZONES POR LAS QUE NO ASISTE A SU ENTIDAD PRESTADORA DE SALUD?	2678	Ninguna	SI	SI
1	9	5	IN	876	¿CUÁLES SON LAS RAZONES POR LAS QUE NO ASISTE A SU ENTIDAD PRESTADORA DE SALUD?	2679	Otro, Cuál?	SI	SI
1	9	6	IN	807	¿Su IPS primaria le brinda atención en salud en el municipio de residencia?	2400	Sí	SI	SI
1	9	6	IN	807	¿Su IPS primaria le brinda atención en salud en el municipio de residencia?	2401	No	SI	SI
1	9	7	IN	808	¿La persona tiene el esquema de vacunación al día?	2402	Sí	SI	SI
1	9	7	IN	808	¿La persona tiene el esquema de vacunación al día?	2403	No	SI	SI
1	9	7	IN	808	¿La persona tiene el esquema de vacunación al día?	2680	NS/NR	SI	SI
1	9	8	GE	257	Observaciones a este capitulo	948		SI	SI
1	10	1	IN	862	Observaciones Iniciales	2624		SI	SI
1	10	2	IN	90	¿Recibe actualmente algún tipo de rehabilitación?	329	Si	SI	SI
1	10	2	IN	90	¿Recibe actualmente algún tipo de rehabilitación?	330	No	SI	SI
1	10	3	IN	92	¿… qué tipo de rehabilitación ha recibido?	342	Fisioterapia (Ejercicio físico para caminar,mover algún miembro del cuerpo)	SI	SI
1	10	3	IN	92	¿… qué tipo de rehabilitación ha recibido?	343	Fonoaudiología (por ejemplo, ejercicios para escuchar o hablar mejor)	SI	SI
1	10	3	IN	92	¿… qué tipo de rehabilitación ha recibido?	344	Terapia ocupacional (por ejemplo, ejercicios para poder concentrarse o estudiar, lectura o escritura, ejercicios para actividades de la vida diaria)	SI	SI
1	10	3	IN	92	¿… qué tipo de rehabilitación ha recibido?	345	Aprendizaje de lengua de señas	SI	SI
1	10	3	IN	92	¿… qué tipo de rehabilitación ha recibido?	346	Aprendizaje de Braile, entrenamiento para la orientación y movilidad así como para el desarrollo de las actividades de la vida diaria	SI	SI
1	10	3	IN	92	¿… qué tipo de rehabilitación ha recibido?	347	Oftalmología o ejercicios para ver mejor	SI	SI
1	10	3	IN	92	¿… qué tipo de rehabilitación ha recibido?	348	Psiquiatría (médico que ha examinado y/o ha enviado medicamentos para sentirse mejor, para poder dormir, para la depresión o angustia)	SI	SI
1	10	3	IN	92	¿… qué tipo de rehabilitación ha recibido?	349	Psicología (consultas para mejorar el estado de ánimo, para entender mejor las emociones)	SI	SI
1	10	3	IN	92	¿… qué tipo de rehabilitación ha recibido?	350	Consultas de trabajo social (un profesional que te ayude a identificar las necesidades del hogar, económicas, otras)	SI	SI
1	10	3	IN	92	¿… qué tipo de rehabilitación ha recibido?	351	Otra ¿Cuál?	SI	SI
1	10	3	IN	92	¿… qué tipo de rehabilitación ha recibido?	352	Ninguna	SI	SI
1	10	3	IN	92	¿… qué tipo de rehabilitación ha recibido?	1405	Medicamentos permanentes	SI	SI
1	10	4	IN	93	En relación con el acompañamiento psicosocial, ¿…ha recibido atención psicosocial (para su recuperación emocional) en alguno de estos ambitos?	353	Ninguna	SI	SI
1	10	4	IN	93	En relación con el acompañamiento psicosocial, ¿…ha recibido atención psicosocial (para su recuperación emocional) en alguno de estos ambitos?	354	Individual	SI	SI
1	10	4	IN	93	En relación con el acompañamiento psicosocial, ¿…ha recibido atención psicosocial (para su recuperación emocional) en alguno de estos ambitos?	355	Familiar	SI	SI
1	10	4	IN	93	En relación con el acompañamiento psicosocial, ¿…ha recibido atención psicosocial (para su recuperación emocional) en alguno de estos ambitos?	356	Grupal	SI	SI
1	10	4	IN	93	En relación con el acompañamiento psicosocial, ¿…ha recibido atención psicosocial (para su recuperación emocional) en alguno de estos ambitos?	357	Comunitaria	SI	SI
1	10	5	IN	809	¿Por parte de que entidad?	2404	Unidad para las Víctimas	SI	SI
1	10	5	IN	809	¿Por parte de que entidad?	2405	PAPSIVI	SI	SI
1	10	5	IN	809	¿Por parte de que entidad?	2406	Otra ¿Cuál?	SI	SI
1	10	6	IN	810	En relación con el acompañamiento psicosocial, ¿…considera que la atención recibida ha contribuido a su recuperación emocional?<i><font color="#006600">(NOTA: Para el caso de grupos étnicos "considera usted que la atención recibida ha contribuido a su recuperación emocional de acuerdo a sus usos y costumbres?)</font></i>	2407	Sí	SI	SI
1	10	6	IN	810	En relación con el acompañamiento psicosocial, ¿…considera que la atención recibida ha contribuido a su recuperación emocional?<i><font color="#006600">(NOTA: Para el caso de grupos étnicos "considera usted que la atención recibida ha contribuido a su recuperación emocional de acuerdo a sus usos y costumbres?)</font></i>	2408	No	SI	SI
1	10	7	IN	811	¿Considera que … requiere acompañamiento psicosocial?	2409	Sí	SI	SI
1	10	7	IN	811	¿Considera que … requiere acompañamiento psicosocial?	2410	No	SI	SI
1	10	8	IN	812	Desea que el acompañamiento sea	2411	Individual	SI	SI
1	10	8	IN	812	Desea que el acompañamiento sea	2412	Familiar	SI	SI
1	10	8	IN	812	Desea que el acompañamiento sea	2413	Grupal	SI	SI
1	10	8	IN	812	Desea que el acompañamiento sea	2414	Comunitario	SI	SI
1	10	9	IN	891	¿Ha habido coordinación de las entidades del Estado encargadas de la rehabilitación con las autoridades tradicionales?	2716	Sí	SI	SI
1	10	9	IN	891	¿Ha habido coordinación de las entidades del Estado encargadas de la rehabilitación con las autoridades tradicionales?	2717	No	SI	SI
1	10	10	IN	892	El proceso de rehabilitación contó con intérpretes y/o traductores	2718	Sí	SI	SI
1	10	10	IN	892	El proceso de rehabilitación contó con intérpretes y/o traductores	2719	No	SI	SI
1	10	11	GE	258	Observaciones a este capitulo	949		SI	SI
1	11	1	IN	881	Observaciones Iniciales	2706		SI	SI
1	11	2	GE	877	 ¿Generalmente como se aprovisiona el hogar de alimentos?	2681	Donación	SI	SI
1	11	2	GE	877	 ¿Generalmente como se aprovisiona el hogar de alimentos?	2682	Atención humanitaria	SI	SI
1	11	2	GE	877	 ¿Generalmente como se aprovisiona el hogar de alimentos?	2683	Compra	SI	SI
1	11	2	GE	877	 ¿Generalmente como se aprovisiona el hogar de alimentos?	2684	Actividades tradicionales: caza	SI	SI
1	11	2	GE	877	 ¿Generalmente como se aprovisiona el hogar de alimentos?	2685	Actividades tradicionales: pesca	SI	SI
1	11	2	GE	877	 ¿Generalmente como se aprovisiona el hogar de alimentos?	2686	Actividades tradicionales: recolección 	SI	SI
1	11	2	GE	877	 ¿Generalmente como se aprovisiona el hogar de alimentos?	2687	Actividades tradicionales: trueque	SI	SI
1	11	2	GE	877	 ¿Generalmente como se aprovisiona el hogar de alimentos?	2688	Producción en pancoger	SI	SI
1	11	2	GE	877	 ¿Generalmente como se aprovisiona el hogar de alimentos?	2689	Producción para vender y comprar otros productos	SI	SI
1	11	3	GE	878	¿Ha tenido dificultades para adquirir los alimentos en el último mes?	2690	Sí	SI	SI
1	11	3	GE	878	¿Ha tenido dificultades para adquirir los alimentos en el último mes?	2691	No	SI	SI
1	11	4	GE	95	¿En los últimos siete días, contando el día de ayer, este hogar consumió y con que frecuencia: Leguminosas (fríjol, lentejas, garbanzos, arvejas, ...)?	360	Si ¿Cuántos días?	SI	SI
1	11	4	GE	95	¿En los últimos siete días, contando el día de ayer, este hogar consumió y con que frecuencia: Leguminosas (fríjol, lentejas, garbanzos, arvejas, ...)?	361	No	SI	SI
1	11	5	GE	96	¿En los últimos siete días, contando el día de ayer, este hogar consumió y con que frecuencia: Cereales (arroz, harina de trigo, avena)?	362	Si ¿Cuántos días?	SI	SI
1	11	5	GE	96	¿En los últimos siete días, contando el día de ayer, este hogar consumió y con que frecuencia: Cereales (arroz, harina de trigo, avena)?	363	No	SI	SI
1	11	6	GE	97	¿EN LOS ÚLTIMOS SIETE DÍAS, CONTANDO EL DÍA DE AYER, ESTE HOGAR CONSUMIÓ Y CON QUE FRECUENCIA: TUBÉRCULOS Y PLÁTANOS (YUCA, ÑAME, ARRACACHA, PLÁTANO, PAPA, HOLLUCO, CALABAZA, AHUYAMA, PAPA CHINA, BANANO VERDE, BANANO CHIVO,BATATA)?	364	Si ¿Cuántos días?	SI	SI
1	11	6	GE	97	¿EN LOS ÚLTIMOS SIETE DÍAS, CONTANDO EL DÍA DE AYER, ESTE HOGAR CONSUMIÓ Y CON QUE FRECUENCIA: TUBÉRCULOS Y PLÁTANOS (YUCA, ÑAME, ARRACACHA, PLÁTANO, PAPA, HOLLUCO, CALABAZA, AHUYAMA, PAPA CHINA, BANANO VERDE, BANANO CHIVO,BATATA)?	365	No	SI	SI
1	11	7	GE	98	¿En los últimos siete días, contando el día de ayer, este hogar consumió y con que frecuencia: Verduras y hortalizas (tomate, cebolla, habichuela, arveja verde, zanahoria, col, etc.)?	366	Si ¿Cuántos días?	SI	SI
1	11	7	GE	98	¿En los últimos siete días, contando el día de ayer, este hogar consumió y con que frecuencia: Verduras y hortalizas (tomate, cebolla, habichuela, arveja verde, zanahoria, col, etc.)?	367	No	SI	SI
1	11	8	GE	99	¿EN LOS ÚLTIMOS SIETE DÍAS, CONTANDO EL DÍA DE AYER, ESTE HOGAR CONSUMIÓ Y CON QUE FRECUENCIA: FRUTAS (PAPAYA, GUAYABA, PIÑA, BOROJO, CAIMITO, GUAMA, POMARROSA, ZAPOTE, CHONTADURO, PEPEPAN, ETC)?	368	Si ¿Cuántos días?	SI	SI
1	11	8	GE	99	¿EN LOS ÚLTIMOS SIETE DÍAS, CONTANDO EL DÍA DE AYER, ESTE HOGAR CONSUMIÓ Y CON QUE FRECUENCIA: FRUTAS (PAPAYA, GUAYABA, PIÑA, BOROJO, CAIMITO, GUAMA, POMARROSA, ZAPOTE, CHONTADURO, PEPEPAN, ETC)?	369	No	SI	SI
1	11	9	GE	100	¿EN LOS ÚLTIMOS SIETE DÍAS, CONTANDO EL DÍA DE AYER, ESTE HOGAR CONSUMIÓ Y CON QUE FRECUENCIA: CARNES ( RES, POLLO, CERDO, CABRA)?	370	Si ¿Cuántos días?	SI	SI
1	11	9	GE	100	¿EN LOS ÚLTIMOS SIETE DÍAS, CONTANDO EL DÍA DE AYER, ESTE HOGAR CONSUMIÓ Y CON QUE FRECUENCIA: CARNES ( RES, POLLO, CERDO, CABRA)?	371	No	SI	SI
1	11	10	GE	1185	¿EN LOS ÚLTIMOS SIETE DÍAS, CONTANDO EL DÍA DE AYER, ESTE HOGAR CONSUMIÓ Y CON QUÉ FRECUENCIA: PESCADOS Y/O MARISCOS? 	3885	Sí	SI	SI
1	11	10	GE	1185	¿EN LOS ÚLTIMOS SIETE DÍAS, CONTANDO EL DÍA DE AYER, ESTE HOGAR CONSUMIÓ Y CON QUÉ FRECUENCIA: PESCADOS Y/O MARISCOS? 	3886	No	SI	SI
1	11	11	GE	347	¿En los últimos siete días, contando el día de ayer, este hogar consumió y con que frecuencia: Otras carnes (Patos, tortugas, ranas, insectos, reptiles, aves)?	1211	Si ¿Cuántos días?	SI	SI
1	11	11	GE	347	¿En los últimos siete días, contando el día de ayer, este hogar consumió y con que frecuencia: Otras carnes (Patos, tortugas, ranas, insectos, reptiles, aves)?	1212	No	SI	SI
1	11	12	GE	277	¿En los últimos siete días, contando el día de ayer, este hogar consumió y con que frecuenciaI: Huevo?	983	Si ¿Cuántos días?	SI	SI
1	11	12	GE	277	¿En los últimos siete días, contando el día de ayer, este hogar consumió y con que frecuenciaI: Huevo?	984	No	SI	SI
1	11	13	GE	101	¿En los últimos siete días, contando el día de ayer, este hogar consumió y con que frecuencia: Lácteos (leche, queso, kumis, yogur, etc)?	372	Si ¿Cuántos días?	SI	SI
1	11	13	GE	101	¿En los últimos siete días, contando el día de ayer, este hogar consumió y con que frecuencia: Lácteos (leche, queso, kumis, yogur, etc)?	373	No	SI	SI
1	11	14	GE	102	¿En los últimos siete días, contando el día de ayer, este hogar consumió y con que frecuencia: Grasas (aceites, mantequilla, margarina, mayonesa, manteca, etc.)?	374	Si ¿Cuántos días?	SI	SI
1	11	14	GE	102	¿En los últimos siete días, contando el día de ayer, este hogar consumió y con que frecuencia: Grasas (aceites, mantequilla, margarina, mayonesa, manteca, etc.)?	375	No	SI	SI
1	11	15	GE	103	¿En los últimos siete días, contando el día de ayer, este hogar consumió y con que frecuencia: Azúcar o panela?	376	Si ¿Cuántos días?	SI	SI
1	11	15	GE	103	¿En los últimos siete días, contando el día de ayer, este hogar consumió y con que frecuencia: Azúcar o panela?	377	No	SI	SI
1	11	16	GE	278	¿En los últimos siete días, contando el día de ayer, este hogar consumió y con que frecuencia: Bienestarina?	985	Si ¿Cuántos días?	SI	SI
1	11	16	GE	278	¿En los últimos siete días, contando el día de ayer, este hogar consumió y con que frecuencia: Bienestarina?	986	No	SI	SI
1	11	17	GE	279	¿EN LOS ÚLTIMOS SIETE DÍAS, CONTANDO EL DÍA DE AYER, ESTE HOGAR CONSUMIÓ Y CON QUE FRECUENCIA: OTROS (CONDIMENTOS Y ESPECIAS, SAL, CEBOLLA, AJO, TOMILLO, LAUREL, CILANTRO CIMARRON, OREGANO, ALBAHACA)?	987	Si ¿Cuántos días?	SI	SI
1	11	17	GE	279	¿EN LOS ÚLTIMOS SIETE DÍAS, CONTANDO EL DÍA DE AYER, ESTE HOGAR CONSUMIÓ Y CON QUE FRECUENCIA: OTROS (CONDIMENTOS Y ESPECIAS, SAL, CEBOLLA, AJO, TOMILLO, LAUREL, CILANTRO CIMARRON, OREGANO, ALBAHACA)?	988	No	SI	SI
1	11	18	GE	880	¿Considera que la alimentación de su hogar es adecuada?	2704	Sí	SI	SI
1	11	18	GE	880	¿Considera que la alimentación de su hogar es adecuada?	2705	No ¿Por qué?	SI	SI
1	11	19	GE	259	Observaciones a este capitulo	950		SI	SI
1	12	1	GE	117	¿Durante el último mes, el hogar recibió ayudas en especie como alimentos, vestuario, transporte,  medicamentos, kits escolares, por parte de instituciones del estado, particulares o de otros hogares?	404	Si	SI	SI
1	12	1	GE	117	¿Durante el último mes, el hogar recibió ayudas en especie como alimentos, vestuario, transporte,  medicamentos, kits escolares, por parte de instituciones del estado, particulares o de otros hogares?	405	No	SI	SI
1	12	2	GE	118	¿En cuánto estima el valor de las ayudas que recibieron durante el último mes?	406		SI	SI
1	12	3	GE	260	Observaciones a este capitulo	951		SI	SI
1	13	1	IN	119	¿En qué actividad ocupó... la mayor parte del tiempo la semana pasada?	407	Trabajando	SI	SI
1	13	1	IN	119	¿En qué actividad ocupó... la mayor parte del tiempo la semana pasada?	408	Buscando trabajo	SI	SI
1	13	1	IN	119	¿En qué actividad ocupó... la mayor parte del tiempo la semana pasada?	409	Estudiando	SI	SI
1	13	1	IN	119	¿En qué actividad ocupó... la mayor parte del tiempo la semana pasada?	410	Trabajo doméstico y de cuidado a personas del hogar	SI	SI
1	13	1	IN	119	¿En qué actividad ocupó... la mayor parte del tiempo la semana pasada?	411	Otra actividad, ¿cuál?	SI	SI
1	13	1	IN	119	¿En qué actividad ocupó... la mayor parte del tiempo la semana pasada?	412	Con limitación(es) permanente(s) para trabajar	SI	SI
1	13	1	IN	119	¿En qué actividad ocupó... la mayor parte del tiempo la semana pasada?	1215	Trabaja en los oficios propios de su comunidad	SI	SI
1	13	2	IN	120	Además de lo anterior, ¿ … realizó la semana pasada alguna actividad paga por una hora o más?	413	Si	SI	SI
1	13	2	IN	120	Además de lo anterior, ¿ … realizó la semana pasada alguna actividad paga por una hora o más?	414	No	SI	SI
1	13	3	IN	121	Aunque... no trabajó la semana pasada, por una hora o más en forma remunerada, ¿tenía durante esa semana algún trabajo o negocio por el que recibe ingresos?	415	Si	SI	SI
1	13	3	IN	121	Aunque... no trabajó la semana pasada, por una hora o más en forma remunerada, ¿tenía durante esa semana algún trabajo o negocio por el que recibe ingresos?	416	No	SI	SI
1	13	4	IN	122	¿... trabajó la semana pasada en un negocio por UNA HORA O MÁS sin que le pagaran?	417	Si	SI	SI
1	13	4	IN	122	¿... trabajó la semana pasada en un negocio por UNA HORA O MÁS sin que le pagaran?	418	No	SI	SI
1	13	5	IN	123	En las últimas 4 semanas ¿... hizo alguna diligencia para conseguir un trabajo o instalar un negocio? <i><font color="#006600">(pidió ayuda a amigos, familiares, etc.; consultó una agencia de empleo; puso o contestó anuncios; llenó una solicitud; buscó recursos para instalar un negocio;Jornalero en finca).</font></i>	419	Si	SI	SI
1	13	5	IN	123	En las últimas 4 semanas ¿... hizo alguna diligencia para conseguir un trabajo o instalar un negocio? <i><font color="#006600">(pidió ayuda a amigos, familiares, etc.; consultó una agencia de empleo; puso o contestó anuncios; llenó una solicitud; buscó recursos para instalar un negocio;Jornalero en finca).</font></i>	420	No	SI	SI
1	13	6	IN	124	¿Qué hizo ... principalmente en las ÚLTIMAS CUATRO SEMANAS para conseguir un trabajo o instalar un negocio?	421	Pidió ayuda a familiares, amigos, colegas	SI	SI
1	13	6	IN	124	¿Qué hizo ... principalmente en las ÚLTIMAS CUATRO SEMANAS para conseguir un trabajo o instalar un negocio?	422	Visitó, llevó o envió hojas de vida a empresas ó empleadores	SI	SI
1	13	6	IN	124	¿Qué hizo ... principalmente en las ÚLTIMAS CUATRO SEMANAS para conseguir un trabajo o instalar un negocio?	423	Visitó, llevó o envió hojas de vida a bolsas de empleo ó intermediarios	SI	SI
1	13	6	IN	124	¿Qué hizo ... principalmente en las ÚLTIMAS CUATRO SEMANAS para conseguir un trabajo o instalar un negocio?	424	Puso o consultó avisos clasificados	SI	SI
1	13	6	IN	124	¿Qué hizo ... principalmente en las ÚLTIMAS CUATRO SEMANAS para conseguir un trabajo o instalar un negocio?	425	Se presentó a convocatorias	SI	SI
1	13	6	IN	124	¿Qué hizo ... principalmente en las ÚLTIMAS CUATRO SEMANAS para conseguir un trabajo o instalar un negocio?	426	Hizo preparativos para iniciar un negocio	SI	SI
1	13	6	IN	124	¿Qué hizo ... principalmente en las ÚLTIMAS CUATRO SEMANAS para conseguir un trabajo o instalar un negocio?	427	Otro medio, ¿Cuál?	SI	SI
1	13	6	IN	124	¿Qué hizo ... principalmente en las ÚLTIMAS CUATRO SEMANAS para conseguir un trabajo o instalar un negocio?	428	No sabe, no informa	SI	SI
1	13	6	IN	124	¿Qué hizo ... principalmente en las ÚLTIMAS CUATRO SEMANAS para conseguir un trabajo o instalar un negocio?	1283	Se presentó a alguna finca a trabajar como jornalero	SI	SI
1	13	7	IN	125	¿Desea conseguir un trabajo remunerado o instalar un negocio?	429	Si	SI	SI
1	13	7	IN	125	¿Desea conseguir un trabajo remunerado o instalar un negocio?	430	No	SI	SI
1	13	8	IN	126	Aunque desea trabajar, ¿por qué motivo principal no hizo diligencias para buscar un trabajo o instalar un negocio en las ÚLTIMAS 4 SEMANAS?	431	Ya encontró trabajo	SI	SI
1	13	8	IN	126	Aunque desea trabajar, ¿por qué motivo principal no hizo diligencias para buscar un trabajo o instalar un negocio en las ÚLTIMAS 4 SEMANAS?	432	No hay trabajo disponible en la ciudad o región	SI	SI
1	13	8	IN	126	Aunque desea trabajar, ¿por qué motivo principal no hizo diligencias para buscar un trabajo o instalar un negocio en las ÚLTIMAS 4 SEMANAS?	433	Está esperando que lo llamen o esperando temporada alta	SI	SI
1	13	8	IN	126	Aunque desea trabajar, ¿por qué motivo principal no hizo diligencias para buscar un trabajo o instalar un negocio en las ÚLTIMAS 4 SEMANAS?	434	No sabe cómo buscarlo	SI	SI
1	13	8	IN	126	Aunque desea trabajar, ¿por qué motivo principal no hizo diligencias para buscar un trabajo o instalar un negocio en las ÚLTIMAS 4 SEMANAS?	435	Está cansado de buscar	SI	SI
1	13	8	IN	126	Aunque desea trabajar, ¿por qué motivo principal no hizo diligencias para buscar un trabajo o instalar un negocio en las ÚLTIMAS 4 SEMANAS?	436	Carece de la experiencia necesaria	SI	SI
1	13	8	IN	126	Aunque desea trabajar, ¿por qué motivo principal no hizo diligencias para buscar un trabajo o instalar un negocio en las ÚLTIMAS 4 SEMANAS?	437	No tiene recursos para instalar un negocio	SI	SI
1	13	8	IN	126	Aunque desea trabajar, ¿por qué motivo principal no hizo diligencias para buscar un trabajo o instalar un negocio en las ÚLTIMAS 4 SEMANAS?	438	Los empleadores lo consideran muy joven o muy viejo	SI	SI
1	13	8	IN	126	Aunque desea trabajar, ¿por qué motivo principal no hizo diligencias para buscar un trabajo o instalar un negocio en las ÚLTIMAS 4 SEMANAS?	439	Usted se considera muy joven o muy viejo	SI	SI
1	13	8	IN	126	Aunque desea trabajar, ¿por qué motivo principal no hizo diligencias para buscar un trabajo o instalar un negocio en las ÚLTIMAS 4 SEMANAS?	440	Responsabilidades familiares	SI	SI
1	13	8	IN	126	Aunque desea trabajar, ¿por qué motivo principal no hizo diligencias para buscar un trabajo o instalar un negocio en las ÚLTIMAS 4 SEMANAS?	441	Problemas de salud	SI	SI
1	13	8	IN	126	Aunque desea trabajar, ¿por qué motivo principal no hizo diligencias para buscar un trabajo o instalar un negocio en las ÚLTIMAS 4 SEMANAS?	442	Está estudiando	SI	SI
1	13	8	IN	126	Aunque desea trabajar, ¿por qué motivo principal no hizo diligencias para buscar un trabajo o instalar un negocio en las ÚLTIMAS 4 SEMANAS?	443	Otro, ¿cuál?	SI	SI
1	13	8	IN	126	Aunque desea trabajar, ¿por qué motivo principal no hizo diligencias para buscar un trabajo o instalar un negocio en las ÚLTIMAS 4 SEMANAS?	1020	No encuentra  trabajo en su oficio o profesión	SI	SI
1	13	9	IN	127	Durante los últimos 12 meses ¿... trabajó por lo menos 2 semanas consecutivas?	444	Si	SI	SI
1	13	9	IN	127	Durante los últimos 12 meses ¿... trabajó por lo menos 2 semanas consecutivas?	445	No	SI	SI
1	13	10	IN	128	Después de su último empleo, ¿... ha hecho alguna diligencia para conseguir trabajo o instalar un negocio?	446	Si	SI	SI
1	13	10	IN	128	Después de su último empleo, ¿... ha hecho alguna diligencia para conseguir trabajo o instalar un negocio?	447	No	SI	SI
1	13	11	IN	129	Durante los últimos 12 meses ¿... ha hecho alguna diligencia para conseguir trabajo o instalar un negocio?	448	Si	SI	SI
1	13	11	IN	129	Durante los últimos 12 meses ¿... ha hecho alguna diligencia para conseguir trabajo o instalar un negocio?	449	No	SI	SI
1	13	12	IN	130	¿Cuántos meses hace que dejó de buscar trabajo por última vez? (Solo acepte 01 a 12)	450		SI	SI
1	13	13	IN	131	Si le hubiera resultado algún trabajo a ... ¿estaba disponible la semana pasada para empezar a trabajar?	451	Si	SI	SI
1	13	13	IN	131	Si le hubiera resultado algún trabajo a ... ¿estaba disponible la semana pasada para empezar a trabajar?	452	No	SI	SI
1	13	14	IN	132	En este trabajo ... es:	453	Obrero o empleado de empresa particular	SI	SI
1	13	14	IN	132	En este trabajo ... es:	454	Obrero o empleado del gobierno	SI	SI
1	13	14	IN	132	En este trabajo ... es:	455	Empleado doméstico	SI	SI
1	13	14	IN	132	En este trabajo ... es:	456	Jornalero	SI	SI
1	13	14	IN	132	En este trabajo ... es:	457	Trabajador por cuenta propia	SI	SI
1	13	14	IN	132	En este trabajo ... es:	458	Patrón o empleador	SI	SI
1	13	14	IN	132	En este trabajo ... es:	459	Otro, ¿cuál?	SI	NO
1	13	14	IN	132	En este trabajo ... es:	460	Trabajador familiar sin remuneración	SI	SI
1	13	14	IN	132	En este trabajo ... es:	461	Trabajador sin remuneración en empresas o negocios de otros hogares	SI	SI
1	13	15	IN	133	¿Qué oficio o profesión DESEMPEÑA …actualmente? <i><font color="#006600">(Escriba las tres primeras letras de la profesión en el recuadro de busqueda y seleccione una de las opciones) </font></i>	462		SI	SI
1	13	16	IN	893	¿El contrato de trabajo es a término indefinido o a término fijo?	2720	Contrato a término fijo	SI	SI
1	13	16	IN	893	¿El contrato de trabajo es a término indefinido o a término fijo?	2721	Contrato a término indefinido	SI	SI
1	13	16	IN	893	¿El contrato de trabajo es a término indefinido o a término fijo?	3704	Ninguna	SI	SI
1	13	17	IN	134	¿… tiene experiencia laboral o conocimientos que le permitan realizar un trabajo u oficio diferente al actual?	472	Si ¿Cuál?	SI	SI
1	13	17	IN	134	¿… tiene experiencia laboral o conocimientos que le permitan realizar un trabajo u oficio diferente al actual?	473	No	SI	SI
1	13	18	IN	136	Antes de descuentos ¿Cuánto ganó el mes pasado en este empleo? (Incluya propinas y comisiones, y excluya viáticos y pagos en especie)<i><font color="#006600">(Si no recibió salario en dinero, registre 00. Si recibió pero no sabe el monto, registre 98. Si no informa el monto que recibió, registre 99.) </font></i>	484	Valor Mensual ($)	SI	SI
1	13	19	IN	137	¿El mes pasado... recibió ingresos por concepto de horas extras?<i><font color="#006600">( Si recibió pero no sabe el monto, registre 98.) </font></i>	485	Si ¿Cuánto? 	SI	SI
1	13	19	IN	137	¿El mes pasado... recibió ingresos por concepto de horas extras?<i><font color="#006600">( Si recibió pero no sabe el monto, registre 98.) </font></i>	486	No	SI	SI
1	13	19	IN	137	¿El mes pasado... recibió ingresos por concepto de horas extras?<i><font color="#006600">( Si recibió pero no sabe el monto, registre 98.) </font></i>	487	No sabe / No informa	SI	SI
1	13	20	IN	138	Incluyo este valor en los ingresos del mes pasado que me declaro anteriormente?	488	Si	SI	SI
1	13	20	IN	138	Incluyo este valor en los ingresos del mes pasado que me declaro anteriormente?	489	No	SI	SI
1	13	21	IN	139	Además del salario en dinero, ¿el mes pasado recibió alimentos como parte de pago por su trabajo? <i><font color="#006600">(Si recibió pero no sabe estimar el monto, registre 98)</font></i>	490	Si ¿En Cuánto estima lo que recibió?	SI	SI
1	13	21	IN	139	Además del salario en dinero, ¿el mes pasado recibió alimentos como parte de pago por su trabajo? <i><font color="#006600">(Si recibió pero no sabe estimar el monto, registre 98)</font></i>	491	No	SI	SI
1	13	21	IN	139	Además del salario en dinero, ¿el mes pasado recibió alimentos como parte de pago por su trabajo? <i><font color="#006600">(Si recibió pero no sabe estimar el monto, registre 98)</font></i>	492	No sabe / No informa	SI	SI
1	13	22	IN	140	Además del salario en dinero, ¿el mes pasado recibió alojamiento como parte de pago por su trabajo?<i><font color="#006600">(Si recibió pero no sabe estimar el monto, registre 98) </font></i>	493	Si ¿En Cuánto estima lo que recibió?	SI	SI
1	13	22	IN	140	Además del salario en dinero, ¿el mes pasado recibió alojamiento como parte de pago por su trabajo?<i><font color="#006600">(Si recibió pero no sabe estimar el monto, registre 98) </font></i>	494	No	SI	SI
1	13	22	IN	140	Además del salario en dinero, ¿el mes pasado recibió alojamiento como parte de pago por su trabajo?<i><font color="#006600">(Si recibió pero no sabe estimar el monto, registre 98) </font></i>	495	No sabe / No informa	SI	SI
1	13	23	IN	141	¿En los últimos 12 meses recibió Prima de servicios?<i><font color="#006600">(Si recibió pero no sabe estimar el monto, registre 98) </font></i>	496	Si ¿Cuánto recibió?	SI	SI
1	13	23	IN	141	¿En los últimos 12 meses recibió Prima de servicios?<i><font color="#006600">(Si recibió pero no sabe estimar el monto, registre 98) </font></i>	497	No	SI	SI
1	13	24	IN	142	¿En los últimos 12 meses recibió Prima de navidad?<i><font color="#006600">(Si recibió pero no sabe estimar el monto, registre 98) </font></i>	498	Si ¿Cuánto recibió?	SI	SI
1	13	24	IN	142	¿En los últimos 12 meses recibió Prima de navidad?<i><font color="#006600">(Si recibió pero no sabe estimar el monto, registre 98) </font></i>	499	No	SI	SI
1	13	25	IN	143	¿En los últimos 12 meses recibió Prima de vacaciones?<i><font color="#006600">(Si recibió pero no sabe estimar el monto, registre 98) </font></i>	500	Si ¿Cuánto recibió?	SI	SI
1	13	25	IN	143	¿En los últimos 12 meses recibió Prima de vacaciones?<i><font color="#006600">(Si recibió pero no sabe estimar el monto, registre 98) </font></i>	501	No	SI	SI
1	13	26	IN	144	¿En los últimos 12 meses recibió Viáticos permanentes y/o bonificaciones anuales ?<i><font color="#006600">(Si recibió pero no sabe estimar el monto, registre 98) </font></i>	502	Si ¿Cuánto recibió?	SI	SI
1	13	26	IN	144	¿En los últimos 12 meses recibió Viáticos permanentes y/o bonificaciones anuales ?<i><font color="#006600">(Si recibió pero no sabe estimar el monto, registre 98) </font></i>	503	No	SI	SI
1	13	27	IN	145	¿En los últimos 12 meses recibió Pagos por accidentes de trabajo<i><font color="#006600">(Si recibió pero no sabe estimar el monto, registre 98) </font></i>	504	Si ¿Cuánto recibió?	SI	SI
1	13	27	IN	145	¿En los últimos 12 meses recibió Pagos por accidentes de trabajo<i><font color="#006600">(Si recibió pero no sabe estimar el monto, registre 98) </font></i>	505	No	SI	SI
1	13	28	IN	146	¿Cuál fue la ganancia neta o los honorarios netos de ... en esa actividad, negocio, profesión o finca, el mes pasado?<i><font color="#006600">(Si no obtuvo ganancias, registre 00; si obtuvo pero no sabe el monto, registre 98; si no informa  si obtuvo, registre 99.) </font></i>	506		SI	SI
1	13	29	IN	147	¿Está ... cotizando actualmente a un fondo de pensiones?	507	Si	SI	SI
1	13	29	IN	147	¿Está ... cotizando actualmente a un fondo de pensiones?	508	No	SI	SI
1	13	29	IN	147	¿Está ... cotizando actualmente a un fondo de pensiones?	509	Ya es pensionado	SI	SI
1	13	30	IN	150	El mes pasado, ¿recibió pagos por concepto de arriendos y/o pensiones?	514	Si	SI	SI
1	13	30	IN	150	El mes pasado, ¿recibió pagos por concepto de arriendos y/o pensiones?	515	No	SI	SI
1	13	31	IN	151	El mes pasado, recibió pagos por arriendos de casas, apartamentos, fincas, lotes, vehículos, equipos, etc.	516	Si ¿Valor del mes pasado?	SI	SI
1	13	31	IN	151	El mes pasado, recibió pagos por arriendos de casas, apartamentos, fincas, lotes, vehículos, equipos, etc.	517	No	SI	SI
1	13	31	IN	151	El mes pasado, recibió pagos por arriendos de casas, apartamentos, fincas, lotes, vehículos, equipos, etc.	518	No sabe	SI	SI
1	13	32	IN	152	El mes pasado, recibió pagos por pensiones o jubilaciones por vejez, invalidez o sustitución pensional	519	Si ¿Valor del mes pasado?	SI	SI
1	13	32	IN	152	El mes pasado, recibió pagos por pensiones o jubilaciones por vejez, invalidez o sustitución pensional	520	No	SI	SI
1	13	32	IN	152	El mes pasado, recibió pagos por pensiones o jubilaciones por vejez, invalidez o sustitución pensional	521	No sabe	SI	SI
1	13	33	IN	153	El mes pasado, recibió pagos por pensión alimenticia por paternidad, divorcio o separación	522	Si ¿Valor del mes pasado?	SI	SI
1	13	33	IN	153	El mes pasado, recibió pagos por pensión alimenticia por paternidad, divorcio o separación	523	No	SI	SI
1	13	33	IN	153	El mes pasado, recibió pagos por pensión alimenticia por paternidad, divorcio o separación	524	No sabe	SI	SI
1	13	34	IN	154	El mes pasado, ¿recibió dinero de otros hogares, personas o instituciones; dinero por intereses, dividendos, utilidades o cesantías?	525	Si ¿Valor del mes pasado?	SI	SI
1	13	34	IN	154	El mes pasado, ¿recibió dinero de otros hogares, personas o instituciones; dinero por intereses, dividendos, utilidades o cesantías?	526	No	SI	SI
1	13	34	IN	154	El mes pasado, ¿recibió dinero de otros hogares, personas o instituciones; dinero por intereses, dividendos, utilidades o cesantías?	3787	No sabe	SI	SI
1	13	35	IN	894	¿El mes pasado recibio pagos por: Dinero de otros hogares o personas residentes en el país?	2722	Si ¿Valor del mes pasado?	SI	SI
1	13	35	IN	894	¿El mes pasado recibio pagos por: Dinero de otros hogares o personas residentes en el país?	2723	No	SI	SI
1	13	35	IN	894	¿El mes pasado recibio pagos por: Dinero de otros hogares o personas residentes en el país?	2724	No sabe	SI	SI
1	13	36	IN	895	¿El mes pasado recibio pagos por: Dinero de otros hogares o personas residentes fuera del país?	2725	Si ¿Valor del mes pasado?	SI	SI
1	13	36	IN	895	¿El mes pasado recibio pagos por: Dinero de otros hogares o personas residentes fuera del país?	2726	No	SI	SI
1	13	36	IN	895	¿El mes pasado recibio pagos por: Dinero de otros hogares o personas residentes fuera del país?	2727	No sabe	SI	SI
1	13	37	IN	896	¿El mes pasado recibio pagos por: Ayudas en dinero de instituciones del país o de fuera del país?	2728	Si ¿Valor del mes pasado?	SI	SI
1	13	37	IN	896	¿El mes pasado recibio pagos por: Ayudas en dinero de instituciones del país o de fuera del país?	2729	No	SI	SI
1	13	37	IN	896	¿El mes pasado recibio pagos por: Ayudas en dinero de instituciones del país o de fuera del país?	2730	No sabe	SI	SI
1	13	38	IN	897	¿El mes pasado recibio pagos por: Dinero por intereses de préstamos o por CDT, depósitos de ahorro, utilidades, ganancias o dividendos por inversiones?	2731	Si ¿Valor del mes pasado?	SI	SI
1	13	38	IN	897	¿El mes pasado recibio pagos por: Dinero por intereses de préstamos o por CDT, depósitos de ahorro, utilidades, ganancias o dividendos por inversiones?	2732	No	SI	SI
1	13	38	IN	897	¿El mes pasado recibio pagos por: Dinero por intereses de préstamos o por CDT, depósitos de ahorro, utilidades, ganancias o dividendos por inversiones?	2733	No sabe	SI	SI
1	13	39	IN	898	¿El mes pasado recibio pagos por: Ingresos por concepto de cesantías y/o intereses a las cesantías?	2734	Si ¿Valor del mes pasado?	SI	SI
1	13	39	IN	898	¿El mes pasado recibio pagos por: Ingresos por concepto de cesantías y/o intereses a las cesantías?	2735	No	SI	SI
1	13	39	IN	898	¿El mes pasado recibio pagos por: Ingresos por concepto de cesantías y/o intereses a las cesantías?	2736	No sabe	SI	SI
1	13	40	IN	899	¿El mes pasado recibio pagos por: Dinero de otras fuentes diferentes a las anteriores  (loterias, indemnizaciones, venta de propiedades, acciones, dinero de regalias o transferencias de resguardo constituido..)	2737	Si ¿Valor del mes pasado?	SI	SI
1	13	40	IN	899	¿El mes pasado recibio pagos por: Dinero de otras fuentes diferentes a las anteriores  (loterias, indemnizaciones, venta de propiedades, acciones, dinero de regalias o transferencias de resguardo constituido..)	2738	No	SI	SI
1	13	40	IN	899	¿El mes pasado recibio pagos por: Dinero de otras fuentes diferentes a las anteriores  (loterias, indemnizaciones, venta de propiedades, acciones, dinero de regalias o transferencias de resguardo constituido..)	2739	No sabe	SI	SI
1	13	41	IN	161	Las ayudas en dinero fueron de:	545	Entidades privadas nacionales	SI	SI
1	13	41	IN	161	Las ayudas en dinero fueron de:	546	Entidades del gobierno	SI	SI
1	13	41	IN	161	Las ayudas en dinero fueron de:	547	Entidades fuera del país	SI	SI
1	13	41	IN	161	Las ayudas en dinero fueron de:	548	No sabe, no informa	SI	SI
1	13	42	GE	261	Observaciones a este capitulo	952		SI	SI
1	14	13	GE	262	Observaciones a este capitulo	953		SI	SI
1	15	1	IN	162	Por cuál(es) hecho(s) vivido(s) … recibió ayuda humanitaria durante los  tres primeros meses desde la ocurrencia? <i><font color="#006600">(Marque todo hecho vivido por el que recibió la ayuda, independientemente si a causa de éste fue incluido o no  en el RUPD/RUV )</font></i>	549	Desplazamiento forzado	SI	SI
1	15	1	IN	162	Por cuál(es) hecho(s) vivido(s) … recibió ayuda humanitaria durante los  tres primeros meses desde la ocurrencia? <i><font color="#006600">(Marque todo hecho vivido por el que recibió la ayuda, independientemente si a causa de éste fue incluido o no  en el RUPD/RUV )</font></i>	550	Homicidio/Masacre	SI	SI
1	15	1	IN	162	Por cuál(es) hecho(s) vivido(s) … recibió ayuda humanitaria durante los  tres primeros meses desde la ocurrencia? <i><font color="#006600">(Marque todo hecho vivido por el que recibió la ayuda, independientemente si a causa de éste fue incluido o no  en el RUPD/RUV )</font></i>	551	Amenaza	SI	SI
1	15	1	IN	162	Por cuál(es) hecho(s) vivido(s) … recibió ayuda humanitaria durante los  tres primeros meses desde la ocurrencia? <i><font color="#006600">(Marque todo hecho vivido por el que recibió la ayuda, independientemente si a causa de éste fue incluido o no  en el RUPD/RUV )</font></i>	552	Desaparición forzada	SI	SI
1	15	1	IN	162	Por cuál(es) hecho(s) vivido(s) … recibió ayuda humanitaria durante los  tres primeros meses desde la ocurrencia? <i><font color="#006600">(Marque todo hecho vivido por el que recibió la ayuda, independientemente si a causa de éste fue incluido o no  en el RUPD/RUV )</font></i>	553	Perdida de Bienes Muebles o Inmuebles	SI	SI
1	15	1	IN	162	Por cuál(es) hecho(s) vivido(s) … recibió ayuda humanitaria durante los  tres primeros meses desde la ocurrencia? <i><font color="#006600">(Marque todo hecho vivido por el que recibió la ayuda, independientemente si a causa de éste fue incluido o no  en el RUPD/RUV )</font></i>	554	Acto terrorista	SI	SI
1	15	1	IN	162	Por cuál(es) hecho(s) vivido(s) … recibió ayuda humanitaria durante los  tres primeros meses desde la ocurrencia? <i><font color="#006600">(Marque todo hecho vivido por el que recibió la ayuda, independientemente si a causa de éste fue incluido o no  en el RUPD/RUV )</font></i>	555	Secuestro	SI	SI
1	15	1	IN	162	Por cuál(es) hecho(s) vivido(s) … recibió ayuda humanitaria durante los  tres primeros meses desde la ocurrencia? <i><font color="#006600">(Marque todo hecho vivido por el que recibió la ayuda, independientemente si a causa de éste fue incluido o no  en el RUPD/RUV )</font></i>	556	Minas Antipersonal	SI	SI
1	15	1	IN	162	Por cuál(es) hecho(s) vivido(s) … recibió ayuda humanitaria durante los  tres primeros meses desde la ocurrencia? <i><font color="#006600">(Marque todo hecho vivido por el que recibió la ayuda, independientemente si a causa de éste fue incluido o no  en el RUPD/RUV )</font></i>	557	Tortura	SI	SI
1	15	1	IN	162	Por cuál(es) hecho(s) vivido(s) … recibió ayuda humanitaria durante los  tres primeros meses desde la ocurrencia? <i><font color="#006600">(Marque todo hecho vivido por el que recibió la ayuda, independientemente si a causa de éste fue incluido o no  en el RUPD/RUV )</font></i>	558	Vinculación de Niños Niñas y Adolescentes	SI	SI
1	15	1	IN	162	Por cuál(es) hecho(s) vivido(s) … recibió ayuda humanitaria durante los  tres primeros meses desde la ocurrencia? <i><font color="#006600">(Marque todo hecho vivido por el que recibió la ayuda, independientemente si a causa de éste fue incluido o no  en el RUPD/RUV )</font></i>	559	Abandono o Despojo Forzado de Tierras	SI	SI
1	15	1	IN	162	Por cuál(es) hecho(s) vivido(s) … recibió ayuda humanitaria durante los  tres primeros meses desde la ocurrencia? <i><font color="#006600">(Marque todo hecho vivido por el que recibió la ayuda, independientemente si a causa de éste fue incluido o no  en el RUPD/RUV )</font></i>	560	Delitos contra la libertad y la integridad sexual	SI	SI
1	15	1	IN	162	Por cuál(es) hecho(s) vivido(s) … recibió ayuda humanitaria durante los  tres primeros meses desde la ocurrencia? <i><font color="#006600">(Marque todo hecho vivido por el que recibió la ayuda, independientemente si a causa de éste fue incluido o no  en el RUPD/RUV )</font></i>	561	Ninguno	SI	SI
1	15	1	IN	162	Por cuál(es) hecho(s) vivido(s) … recibió ayuda humanitaria durante los  tres primeros meses desde la ocurrencia? <i><font color="#006600">(Marque todo hecho vivido por el que recibió la ayuda, independientemente si a causa de éste fue incluido o no  en el RUPD/RUV )</font></i>	1021	No sabe/No se acuerda	SI	SI
1	15	2	IN	163	Por cuáles hechos … solicitó ayuda humanitaria durante los tres primeros meses desde la ocurrencia?	562	Desplazamiento forzado	SI	SI
1	15	2	IN	163	Por cuáles hechos … solicitó ayuda humanitaria durante los tres primeros meses desde la ocurrencia?	563	Homicidio/Masacre	SI	SI
1	15	2	IN	163	Por cuáles hechos … solicitó ayuda humanitaria durante los tres primeros meses desde la ocurrencia?	564	Amenaza	SI	SI
1	15	2	IN	163	Por cuáles hechos … solicitó ayuda humanitaria durante los tres primeros meses desde la ocurrencia?	565	Desaparición forzada	SI	SI
1	15	2	IN	163	Por cuáles hechos … solicitó ayuda humanitaria durante los tres primeros meses desde la ocurrencia?	566	Perdida de Bienes Muebles o Inmuebles	SI	SI
1	15	2	IN	163	Por cuáles hechos … solicitó ayuda humanitaria durante los tres primeros meses desde la ocurrencia?	567	Acto terrorista	SI	SI
1	15	2	IN	163	Por cuáles hechos … solicitó ayuda humanitaria durante los tres primeros meses desde la ocurrencia?	568	Secuestro	SI	SI
1	15	2	IN	163	Por cuáles hechos … solicitó ayuda humanitaria durante los tres primeros meses desde la ocurrencia?	569	Minas Antipersonal	SI	SI
1	15	2	IN	163	Por cuáles hechos … solicitó ayuda humanitaria durante los tres primeros meses desde la ocurrencia?	570	Tortura	SI	SI
1	15	2	IN	163	Por cuáles hechos … solicitó ayuda humanitaria durante los tres primeros meses desde la ocurrencia?	571	Vinculación de Niños Niñas y Adolescentes	SI	SI
1	15	2	IN	163	Por cuáles hechos … solicitó ayuda humanitaria durante los tres primeros meses desde la ocurrencia?	572	Abandono o Despojo Forzado de Tierras	SI	SI
1	15	2	IN	163	Por cuáles hechos … solicitó ayuda humanitaria durante los tres primeros meses desde la ocurrencia?	573	Delitos contra la libertad y la integridad sexual	SI	SI
1	15	2	IN	163	Por cuáles hechos … solicitó ayuda humanitaria durante los tres primeros meses desde la ocurrencia?	574	Ninguno	SI	SI
1	15	3	IN	164	En qué gastó el dinero, o qué recibió? <i><font color ="#006600">(Sólo aplica para quienes recibieron ayuda por desplazamiento forzado)</font></i>	575	Alimentación	SI	SI
1	15	3	IN	164	En qué gastó el dinero, o qué recibió? <i><font color ="#006600">(Sólo aplica para quienes recibieron ayuda por desplazamiento forzado)</font></i>	576	Alojamiento	SI	SI
1	15	3	IN	164	En qué gastó el dinero, o qué recibió? <i><font color ="#006600">(Sólo aplica para quienes recibieron ayuda por desplazamiento forzado)</font></i>	577	Vestuario	SI	SI
1	15	3	IN	164	En qué gastó el dinero, o qué recibió? <i><font color ="#006600">(Sólo aplica para quienes recibieron ayuda por desplazamiento forzado)</font></i>	578	Atención médica	SI	SI
1	15	3	IN	164	En qué gastó el dinero, o qué recibió? <i><font color ="#006600">(Sólo aplica para quienes recibieron ayuda por desplazamiento forzado)</font></i>	579	Atención psicosocial	SI	SI
1	15	3	IN	164	En qué gastó el dinero, o qué recibió? <i><font color ="#006600">(Sólo aplica para quienes recibieron ayuda por desplazamiento forzado)</font></i>	580	Transporte	SI	SI
1	15	3	IN	164	En qué gastó el dinero, o qué recibió? <i><font color ="#006600">(Sólo aplica para quienes recibieron ayuda por desplazamiento forzado)</font></i>	581	Kit de habitabilidad (utensilios de aseo, de cocina, ollas, platos, cubiertos, etc; colchonetas, chinchorro o hamaca)	SI	SI
1	15	3	IN	164	En qué gastó el dinero, o qué recibió? <i><font color ="#006600">(Sólo aplica para quienes recibieron ayuda por desplazamiento forzado)</font></i>	582	Otro Cuál?	SI	SI
1	15	3	IN	164	En qué gastó el dinero, o qué recibió? <i><font color ="#006600">(Sólo aplica para quienes recibieron ayuda por desplazamiento forzado)</font></i>	1223	Agua potable	SI	SI
1	15	3	IN	164	En qué gastó el dinero, o qué recibió? <i><font color ="#006600">(Sólo aplica para quienes recibieron ayuda por desplazamiento forzado)</font></i>	1224	Saneamiento básico	SI	SI
1	15	4	IN	353	Después de haber sido incluido en el RUV y antes de haber cumplido un año de ocurrido el hecho victimizante, ¿… recibió la ayuda humanitaria?	1225	Sí	SI	SI
1	15	4	IN	353	Después de haber sido incluido en el RUV y antes de haber cumplido un año de ocurrido el hecho victimizante, ¿… recibió la ayuda humanitaria?	1226	No	SI	SI
1	15	5	IN	354	¿En qué gastó el dinero, o qué recibió?	1229	Alimentación	SI	SI
1	15	5	IN	354	¿En qué gastó el dinero, o qué recibió?	1230	Alojamiento	SI	SI
1	15	5	IN	354	¿En qué gastó el dinero, o qué recibió?	1231	Vestuario	SI	SI
1	15	5	IN	354	¿En qué gastó el dinero, o qué recibió?	1232	Atención médica	SI	SI
1	15	5	IN	354	¿En qué gastó el dinero, o qué recibió?	1233	Atención psicosocial	SI	SI
1	15	5	IN	354	¿En qué gastó el dinero, o qué recibió?	1234	Transporte	SI	SI
1	15	5	IN	354	¿En qué gastó el dinero, o qué recibió?	1235	Kit de habitabilidad	SI	SI
1	15	5	IN	354	¿En qué gastó el dinero, o qué recibió?	1236	Agua potable	SI	SI
1	15	5	IN	354	¿En qué gastó el dinero, o qué recibió?	1237	Educación	SI	SI
1	15	5	IN	354	¿En qué gastó el dinero, o qué recibió?	1238	Pago de deudas y préstamos	SI	SI
1	15	5	IN	354	¿En qué gastó el dinero, o qué recibió?	1239	Pago de servicios públicos	SI	SI
1	15	5	IN	354	¿En qué gastó el dinero, o qué recibió?	1240	Saneamiento básico	SI	SI
1	15	5	IN	354	¿En qué gastó el dinero, o qué recibió?	1241	Otra, Cuál?	SI	SI
1	15	6	GE	263	Observaciones a este capitulo	954		SI	SI
1	16	1	GE	355	Usted o algún miembro del hogar tenía un predio en Colombia, que debido a la violencia causada por un grupo armado:	1242	Ninguna de las anteriores	SI	SI
1	16	1	GE	355	Usted o algún miembro del hogar tenía un predio en Colombia, que debido a la violencia causada por un grupo armado:	1243	Permanece en él pero no puede acceder a su pleno goce	SI	SI
1	16	1	GE	355	Usted o algún miembro del hogar tenía un predio en Colombia, que debido a la violencia causada por un grupo armado:	1244	Tuvo que ceder o vender por presión o amenaza	SI	SI
1	16	1	GE	355	Usted o algún miembro del hogar tenía un predio en Colombia, que debido a la violencia causada por un grupo armado:	1245	Se vio obligado a abandonar	SI	SI
1	16	1	GE	355	Usted o algún miembro del hogar tenía un predio en Colombia, que debido a la violencia causada por un grupo armado:	1351	Tuvo que vender a un precio inferior	SI	SI
1	16	2	GE	166	Cuántos bienes inmuebles han perdido los miembros de este hogar?	585	1 Bien inmueble	SI	SI
1	16	2	GE	166	Cuántos bienes inmuebles han perdido los miembros de este hogar?	901	2 Bienes inmuebles	SI	SI
1	16	2	GE	166	Cuántos bienes inmuebles han perdido los miembros de este hogar?	902	3 Bienes inmuebles	SI	SI
1	16	2	GE	166	Cuántos bienes inmuebles han perdido los miembros de este hogar?	903	4 Bienes inmuebles	SI	SI
1	16	2	GE	166	Cuántos bienes inmuebles han perdido los miembros de este hogar?	904	5 Bienes inmuebles	SI	SI
1	16	3	GE	168	<i><font color="#006600">El primer bien inmueble </font></i> que abandonó o que le fue despojado es:	586	Vivienda Urbana	SI	SI
1	16	3	GE	168	<i><font color="#006600">El primer bien inmueble </font></i> que abandonó o que le fue despojado es:	587	Tierra/Lote con vivienda	SI	SI
1	16	3	GE	168	<i><font color="#006600">El primer bien inmueble </font></i> que abandonó o que le fue despojado es:	588	Tierra/Lote sin vivienda	SI	SI
1	16	3	GE	168	<i><font color="#006600">El primer bien inmueble </font></i> que abandonó o que le fue despojado es:	1246	Territorio Colectivo	SI	SI
1	16	4	GE	167	<i><font color="#006600">Donde esta ubicado el primer inmueble </font></i>	589		SI	SI
1	16	5	GE	358	¿Cuál es el nombre del Resguardo?	1258		SI	SI
1	16	6	GE	363	¿Con cuántos espacios contaba la vivienda?	1263		SI	SI
1	16	7	GE	169	¿Cuántos metros cuadrados tenia la vivienda <i><font color="#006600">(el primer inmueble despojado)</font></i>?	590		SI	SI
1	16	8	GE	170	¿Qué tamaño tenía el lote?	591		SI	SI
1	16	9	GE	172	¿En qué unidades de medida? (Lote)	593	Hectáreas	SI	SI
1	16	9	GE	172	¿En qué unidades de medida? (Lote)	594	Metros cuadrados	SI	SI
1	16	9	GE	172	¿En qué unidades de medida? (Lote)	595	Fanegadas	SI	SI
1	16	9	GE	172	¿En qué unidades de medida? (Lote)	596	Plazas	SI	SI
1	16	9	GE	172	¿En qué unidades de medida? (Lote)	597	Cuadras	SI	SI
1	16	9	GE	172	¿En qué unidades de medida? (Lote)	598	No sabe	SI	SI
1	16	9	GE	172	¿En qué unidades de medida? (Lote)	1250	Otra ¿Cúal?	SI	SI
1	16	10	GE	173	¿Qué relación tiene o tenía con <i><font color="#006600">el primer bien inmueble </font></i> que perdieron?	599	Propietario con documento registrado	SI	SI
1	16	10	GE	173	¿Qué relación tiene o tenía con <i><font color="#006600">el primer bien inmueble </font></i> que perdieron?	600	Poseedor	SI	SI
1	16	10	GE	173	¿Qué relación tiene o tenía con <i><font color="#006600">el primer bien inmueble </font></i> que perdieron?	601	Arrendatario con contrato escrito	SI	SI
1	16	10	GE	173	¿Qué relación tiene o tenía con <i><font color="#006600">el primer bien inmueble </font></i> que perdieron?	602	Arrendatario sin contrato escrito	SI	SI
1	16	10	GE	173	¿Qué relación tiene o tenía con <i><font color="#006600">el primer bien inmueble </font></i> que perdieron?	603	Usufructo	SI	SI
1	16	10	GE	173	¿Qué relación tiene o tenía con <i><font color="#006600">el primer bien inmueble </font></i> que perdieron?	604	Otro, Cuál?	SI	SI
1	16	10	GE	173	¿Qué relación tiene o tenía con <i><font color="#006600">el primer bien inmueble </font></i> que perdieron?	1268	Miembro/autoridad del colectivo	SI	SI
1	16	11	GE	174	Actualmente <i><font color="#006600">el primer bien </font></i>que abandonó o le fue despojado está:	605	Habitado o utilizado por usted mismo	SI	SI
1	16	11	GE	174	Actualmente <i><font color="#006600">el primer bien </font></i>que abandonó o le fue despojado está:	606	Habitado o utilizado por un tercero sin su consentimiento	SI	SI
1	16	11	GE	174	Actualmente <i><font color="#006600">el primer bien </font></i>que abandonó o le fue despojado está:	607	Habitado o utilizado por un tercero con su consentimiento	SI	SI
1	16	11	GE	174	Actualmente <i><font color="#006600">el primer bien </font></i>que abandonó o le fue despojado está:	608	Abandonado	SI	SI
1	16	11	GE	174	Actualmente <i><font color="#006600">el primer bien </font></i>que abandonó o le fue despojado está:	609	No sabe	SI	SI
1	16	12	GE	175	<i><font color="#006600">Algún miembro del hogar</font></i> ha solicitado protección y/o restitución de este <i><font color="#006600">bien inmueble</font></i> a alguna de las siguientes entidades:	610	Unidad para las víctimas	SI	SI
1	16	12	GE	175	<i><font color="#006600">Algún miembro del hogar</font></i> ha solicitado protección y/o restitución de este <i><font color="#006600">bien inmueble</font></i> a alguna de las siguientes entidades:	611	Acción social	SI	SI
1	16	12	GE	175	<i><font color="#006600">Algún miembro del hogar</font></i> ha solicitado protección y/o restitución de este <i><font color="#006600">bien inmueble</font></i> a alguna de las siguientes entidades:	612	Unidad de Restitución de Tierras	SI	SI
1	16	12	GE	175	<i><font color="#006600">Algún miembro del hogar</font></i> ha solicitado protección y/o restitución de este <i><font color="#006600">bien inmueble</font></i> a alguna de las siguientes entidades:	613	Ante un Juez	SI	SI
1	16	12	GE	175	<i><font color="#006600">Algún miembro del hogar</font></i> ha solicitado protección y/o restitución de este <i><font color="#006600">bien inmueble</font></i> a alguna de las siguientes entidades:	614	Ante el Ministerio Público	SI	SI
1	16	12	GE	175	<i><font color="#006600">Algún miembro del hogar</font></i> ha solicitado protección y/o restitución de este <i><font color="#006600">bien inmueble</font></i> a alguna de las siguientes entidades:	615	No ha solicitado	SI	SI
1	16	12	GE	175	<i><font color="#006600">Algún miembro del hogar</font></i> ha solicitado protección y/o restitución de este <i><font color="#006600">bien inmueble</font></i> a alguna de las siguientes entidades:	1285	Alcaldia Municipal	SI	SI
1	16	13	GE	176	¿Cuál fue la razón principal para no solicitar la protección y/o restitución <i><font color="#006600">del bien inmueble </font></i>?	616	Por miedo o amenazas	SI	SI
1	16	13	GE	176	¿Cuál fue la razón principal para no solicitar la protección y/o restitución <i><font color="#006600">del bien inmueble </font></i>?	617	Porque no conocía el proceso	SI	SI
1	16	13	GE	176	¿Cuál fue la razón principal para no solicitar la protección y/o restitución <i><font color="#006600">del bien inmueble </font></i>?	618	Porque no confía en el proceso	SI	SI
1	16	13	GE	176	¿Cuál fue la razón principal para no solicitar la protección y/o restitución <i><font color="#006600">del bien inmueble </font></i>?	619	Porque el trámite era muy difícil	SI	SI
1	16	13	GE	176	¿Cuál fue la razón principal para no solicitar la protección y/o restitución <i><font color="#006600">del bien inmueble </font></i>?	620	Otro, ¿cuál?	SI	SI
1	16	14	GE	178	<i><font color="#006600">El segundo bien inmueble </font></i> que abandonó o que le fue despojado es:	621	Vivienda Urbana	SI	SI
1	16	14	GE	178	<i><font color="#006600">El segundo bien inmueble </font></i> que abandonó o que le fue despojado es:	622	Tierra/Lote con vivienda	SI	SI
1	16	14	GE	178	<i><font color="#006600">El segundo bien inmueble </font></i> que abandonó o que le fue despojado es:	623	Tierra/Lote sin vivienda	SI	SI
1	16	14	GE	178	<i><font color="#006600">El segundo bien inmueble </font></i> que abandonó o que le fue despojado es:	1254	Territorio Colectivo	SI	SI
1	16	15	GE	177	<i><font color="#006600">Donde esta ubicado el segundo inmueble </font></i>	624		SI	SI
1	16	16	GE	359	¿Cuál es el nombre del Resguardo?	1259		SI	SI
1	16	17	GE	364	¿Con cuántos espacios contaba la vivienda?	1264		SI	SI
1	16	18	GE	179	¿Cuántos metros cuadrados tenia la vivienda <i><font color="#006600">(el segundo inmueble despojado)</font></i>?	625		SI	SI
1	16	19	GE	180	¿Qué tamaño tenía el lote?	626		SI	SI
1	16	20	GE	182	¿En qué unidades de medida? (Lote)	628	Hectáreas	SI	SI
1	16	20	GE	182	¿En qué unidades de medida? (Lote)	629	Metros cuadrados	SI	SI
1	16	20	GE	182	¿En qué unidades de medida? (Lote)	630	Fanegadas	SI	SI
1	16	20	GE	182	¿En qué unidades de medida? (Lote)	631	Plazas	SI	SI
1	16	20	GE	182	¿En qué unidades de medida? (Lote)	632	Cuadras	SI	SI
1	16	20	GE	182	¿En qué unidades de medida? (Lote)	633	No sabe	SI	SI
1	16	20	GE	182	¿En qué unidades de medida? (Lote)	1272	Otra ¿Cúal?	SI	SI
1	16	21	GE	183	¿Qué relación tiene o tenía con <i><font color="#006600">el segundo bien inmueble </font></i> que perdieron?	634	Propietario con documento registrado	SI	SI
1	16	21	GE	183	¿Qué relación tiene o tenía con <i><font color="#006600">el segundo bien inmueble </font></i> que perdieron?	635	Poseedor	SI	SI
1	16	21	GE	183	¿Qué relación tiene o tenía con <i><font color="#006600">el segundo bien inmueble </font></i> que perdieron?	636	Arrendatario con contrato escrito	SI	SI
1	16	21	GE	183	¿Qué relación tiene o tenía con <i><font color="#006600">el segundo bien inmueble </font></i> que perdieron?	637	Arrendatario sin contrato escrito	SI	SI
1	16	21	GE	183	¿Qué relación tiene o tenía con <i><font color="#006600">el segundo bien inmueble </font></i> que perdieron?	638	Usufructo	SI	SI
1	16	21	GE	183	¿Qué relación tiene o tenía con <i><font color="#006600">el segundo bien inmueble </font></i> que perdieron?	639	Otro, Cuál?	SI	SI
1	16	21	GE	183	¿Qué relación tiene o tenía con <i><font color="#006600">el segundo bien inmueble </font></i> que perdieron?	1253	Miembro/autoridad del colectivo	SI	SI
1	16	22	GE	184	Actualmente <i><font color="#006600">el segundo bien </font></i>que abandonó o le fue despojado está:	640	Habitado o utilizado por usted mismo	SI	SI
1	16	22	GE	184	Actualmente <i><font color="#006600">el segundo bien </font></i>que abandonó o le fue despojado está:	641	Habitado o utilizado por un tercero sin su consentimiento	SI	SI
1	16	22	GE	184	Actualmente <i><font color="#006600">el segundo bien </font></i>que abandonó o le fue despojado está:	642	Habitado o utilizado por un tercero con su consentimiento	SI	SI
1	16	22	GE	184	Actualmente <i><font color="#006600">el segundo bien </font></i>que abandonó o le fue despojado está:	643	Abandonado	SI	SI
1	16	22	GE	184	Actualmente <i><font color="#006600">el segundo bien </font></i>que abandonó o le fue despojado está:	644	No sabe	SI	SI
1	16	23	GE	185	<i><font color="#006600">Algún miembro del hogar</font></i> ha solicitado protección y/o restitución de este <i><font color="#006600">bien inmueble</font></i> a alguna de las siguientes entidades:	645	Unidad para las víctimas	SI	SI
1	16	23	GE	185	<i><font color="#006600">Algún miembro del hogar</font></i> ha solicitado protección y/o restitución de este <i><font color="#006600">bien inmueble</font></i> a alguna de las siguientes entidades:	646	Acción social	SI	SI
1	16	23	GE	185	<i><font color="#006600">Algún miembro del hogar</font></i> ha solicitado protección y/o restitución de este <i><font color="#006600">bien inmueble</font></i> a alguna de las siguientes entidades:	647	Unidad de Restitución de Tierras	SI	SI
1	16	23	GE	185	<i><font color="#006600">Algún miembro del hogar</font></i> ha solicitado protección y/o restitución de este <i><font color="#006600">bien inmueble</font></i> a alguna de las siguientes entidades:	648	Ante un Juez	SI	SI
1	16	23	GE	185	<i><font color="#006600">Algún miembro del hogar</font></i> ha solicitado protección y/o restitución de este <i><font color="#006600">bien inmueble</font></i> a alguna de las siguientes entidades:	649	Ante el Ministerio Público	SI	SI
1	16	23	GE	185	<i><font color="#006600">Algún miembro del hogar</font></i> ha solicitado protección y/o restitución de este <i><font color="#006600">bien inmueble</font></i> a alguna de las siguientes entidades:	650	No ha solicitado	SI	SI
1	16	23	GE	185	<i><font color="#006600">Algún miembro del hogar</font></i> ha solicitado protección y/o restitución de este <i><font color="#006600">bien inmueble</font></i> a alguna de las siguientes entidades:	1286	Alcaldia Municipal	SI	SI
1	16	24	GE	186	¿Cuál fue la razón principal para no solicitar la protección y/o restitución <i><font color="#006600">del bien inmueble </font></i>?	651	Por miedo o amenazas	SI	SI
1	16	24	GE	186	¿Cuál fue la razón principal para no solicitar la protección y/o restitución <i><font color="#006600">del bien inmueble </font></i>?	652	Porque no conocía el proceso	SI	SI
1	16	24	GE	186	¿Cuál fue la razón principal para no solicitar la protección y/o restitución <i><font color="#006600">del bien inmueble </font></i>?	653	Porque no confía en el proceso	SI	SI
1	16	24	GE	186	¿Cuál fue la razón principal para no solicitar la protección y/o restitución <i><font color="#006600">del bien inmueble </font></i>?	654	Porque el trámite era muy difícil	SI	SI
1	16	24	GE	186	¿Cuál fue la razón principal para no solicitar la protección y/o restitución <i><font color="#006600">del bien inmueble </font></i>?	655	Otro, Cuál?	SI	SI
1	16	25	GE	188	<i><font color="#006600">El tercer bien inmueble </font></i> que abandonó o que le fue despojado es:	656	Vivienda Urbana	SI	SI
1	16	25	GE	188	<i><font color="#006600">El tercer bien inmueble </font></i> que abandonó o que le fue despojado es:	657	Tierra/Lote con vivienda	SI	SI
1	16	25	GE	188	<i><font color="#006600">El tercer bien inmueble </font></i> que abandonó o que le fue despojado es:	658	Tierra/Lote sin vivienda	SI	SI
1	16	25	GE	188	<i><font color="#006600">El tercer bien inmueble </font></i> que abandonó o que le fue despojado es:	1255	Territorio Colectivo	SI	SI
1	16	26	GE	187	<i><font color="#006600">Donde esta ubicado el tercer inmueble </font></i>	659		SI	SI
1	16	27	GE	360	¿Cuál es el nombre del Resguardo?	1260		SI	SI
1	16	28	GE	365	¿Con cuántos espacios contaba la vivienda?	1265		SI	SI
1	16	29	GE	189	¿Cuántos metros cuadrados tenia la vivienda <i><font color="#006600">(el tercer inmueble despojado)</font></i>?	660		SI	SI
1	16	30	GE	190	¿Qué tamaño tenía el lote?	661		SI	SI
1	16	31	GE	192	¿En qué unidades de medida? (Lote)	663	Hectáreas	SI	SI
1	16	31	GE	192	¿En qué unidades de medida? (Lote)	664	Metros cuadrados	SI	SI
1	16	31	GE	192	¿En qué unidades de medida? (Lote)	665	Fanegadas	SI	SI
1	16	31	GE	192	¿En qué unidades de medida? (Lote)	666	Plazas	SI	SI
1	16	31	GE	192	¿En qué unidades de medida? (Lote)	667	Cuadras	SI	SI
1	16	31	GE	192	¿En qué unidades de medida? (Lote)	668	No sabe	SI	SI
1	16	31	GE	192	¿En qué unidades de medida? (Lote)	1273	Otra ¿Cúal?	SI	SI
1	16	32	GE	193	¿Qué relación tiene o tenía con <i><font color="#006600">el tercer bien inmueble </font></i> que perdieron?	669	Propietario con documento registrado	SI	SI
1	16	32	GE	193	¿Qué relación tiene o tenía con <i><font color="#006600">el tercer bien inmueble </font></i> que perdieron?	670	Poseedor	SI	SI
1	16	32	GE	193	¿Qué relación tiene o tenía con <i><font color="#006600">el tercer bien inmueble </font></i> que perdieron?	671	Arrendatario con contrato escrito	SI	SI
1	16	32	GE	193	¿Qué relación tiene o tenía con <i><font color="#006600">el tercer bien inmueble </font></i> que perdieron?	672	Arrendatario sin contrato escrito	SI	SI
1	16	32	GE	193	¿Qué relación tiene o tenía con <i><font color="#006600">el tercer bien inmueble </font></i> que perdieron?	673	Usufructo	SI	SI
1	16	32	GE	193	¿Qué relación tiene o tenía con <i><font color="#006600">el tercer bien inmueble </font></i> que perdieron?	674	Otro, Cuál?	SI	SI
1	16	32	GE	193	¿Qué relación tiene o tenía con <i><font color="#006600">el tercer bien inmueble </font></i> que perdieron?	1269	Miembro/autoridad del colectivo	SI	SI
1	16	33	GE	194	Actualmente <i><font color="#006600">el tercer bien </font></i>que abandonó o le fue despojado está:	675	Habitado o utilizado por usted mismo	SI	SI
1	16	33	GE	194	Actualmente <i><font color="#006600">el tercer bien </font></i>que abandonó o le fue despojado está:	676	Habitado o utilizado por un tercero sin su consentimiento	SI	SI
1	16	33	GE	194	Actualmente <i><font color="#006600">el tercer bien </font></i>que abandonó o le fue despojado está:	677	Habitado o utilizado por un tercero con su consentimiento	SI	SI
1	16	33	GE	194	Actualmente <i><font color="#006600">el tercer bien </font></i>que abandonó o le fue despojado está:	678	Abandonado	SI	SI
1	16	33	GE	194	Actualmente <i><font color="#006600">el tercer bien </font></i>que abandonó o le fue despojado está:	679	No sabe	SI	SI
1	16	34	GE	195	<i><font color="#006600">Algún miembro del hogar</font></i> ha solicitado protección y/o restitución de este <i><font color="#006600">bien inmueble</font></i> a alguna de las siguientes entidades:	680	Unidad para las víctimas	SI	SI
1	16	34	GE	195	<i><font color="#006600">Algún miembro del hogar</font></i> ha solicitado protección y/o restitución de este <i><font color="#006600">bien inmueble</font></i> a alguna de las siguientes entidades:	681	Acción social	SI	SI
1	16	34	GE	195	<i><font color="#006600">Algún miembro del hogar</font></i> ha solicitado protección y/o restitución de este <i><font color="#006600">bien inmueble</font></i> a alguna de las siguientes entidades:	682	Unidad de Restitución de Tierras	SI	SI
1	16	34	GE	195	<i><font color="#006600">Algún miembro del hogar</font></i> ha solicitado protección y/o restitución de este <i><font color="#006600">bien inmueble</font></i> a alguna de las siguientes entidades:	683	Ante un Juez	SI	SI
1	16	34	GE	195	<i><font color="#006600">Algún miembro del hogar</font></i> ha solicitado protección y/o restitución de este <i><font color="#006600">bien inmueble</font></i> a alguna de las siguientes entidades:	684	Ante el Ministerio Público	SI	SI
1	16	34	GE	195	<i><font color="#006600">Algún miembro del hogar</font></i> ha solicitado protección y/o restitución de este <i><font color="#006600">bien inmueble</font></i> a alguna de las siguientes entidades:	685	No ha solicitado	SI	SI
1	16	34	GE	195	<i><font color="#006600">Algún miembro del hogar</font></i> ha solicitado protección y/o restitución de este <i><font color="#006600">bien inmueble</font></i> a alguna de las siguientes entidades:	1287	Alcaldia Municipal	SI	SI
1	16	35	GE	196	¿Cuál fue la razón principal para no solicitar la protección y/o restitución <i><font color="#006600">del bien inmueble </font></i>?	686	Por miedo o amenazas	SI	SI
1	16	35	GE	196	¿Cuál fue la razón principal para no solicitar la protección y/o restitución <i><font color="#006600">del bien inmueble </font></i>?	687	Porque no conocía el proceso	SI	SI
1	16	35	GE	196	¿Cuál fue la razón principal para no solicitar la protección y/o restitución <i><font color="#006600">del bien inmueble </font></i>?	688	Porque no confía en el proceso	SI	SI
1	16	35	GE	196	¿Cuál fue la razón principal para no solicitar la protección y/o restitución <i><font color="#006600">del bien inmueble </font></i>?	689	Porque el trámite era muy difícil	SI	SI
1	16	35	GE	196	¿Cuál fue la razón principal para no solicitar la protección y/o restitución <i><font color="#006600">del bien inmueble </font></i>?	690	Otro, ¿cuál?	SI	SI
1	16	36	GE	198	<i><font color="#006600">El cuarto bien inmueble </font></i> que abandonó o que le fue despojado es:	691	Vivienda Urbana	SI	SI
1	16	36	GE	198	<i><font color="#006600">El cuarto bien inmueble </font></i> que abandonó o que le fue despojado es:	692	Tierra/Lote con vivienda	SI	SI
1	16	36	GE	198	<i><font color="#006600">El cuarto bien inmueble </font></i> que abandonó o que le fue despojado es:	693	Tierra/Lote sin vivienda	SI	SI
1	16	36	GE	198	<i><font color="#006600">El cuarto bien inmueble </font></i> que abandonó o que le fue despojado es:	1256	Territorio Colectivo	SI	SI
1	16	37	GE	197	<i><font color="#006600">Donde esta ubicado el cuarto inmueble </font></i>	694		SI	SI
1	16	38	GE	361	¿Cuál es el nombre del Resguardo?	1261		SI	SI
1	16	39	GE	366	¿Con cuántos espacios contaba la vivienda?	1266		SI	SI
1	16	40	GE	199	¿Cuántos metros cuadrados tenia la vivienda <i><font color="#006600">(el cuarto inmueble despojado)</font></i>?	695		SI	SI
1	16	41	GE	200	¿Qué tamaño tenía el lote?	696		SI	SI
1	16	42	GE	202	¿En qué unidades de medida? (Lote)	698	Hectáreas	SI	SI
1	16	42	GE	202	¿En qué unidades de medida? (Lote)	699	Metros cuadrados	SI	SI
1	16	42	GE	202	¿En qué unidades de medida? (Lote)	700	Fanegadas	SI	SI
1	16	42	GE	202	¿En qué unidades de medida? (Lote)	701	Plazas	SI	SI
1	16	42	GE	202	¿En qué unidades de medida? (Lote)	702	Cuadras	SI	SI
1	16	42	GE	202	¿En qué unidades de medida? (Lote)	703	No sabe	SI	SI
1	16	42	GE	202	¿En qué unidades de medida? (Lote)	1274	Otra ¿Cúal?	SI	SI
1	16	43	GE	203	¿Qué relación tiene o tenía con <i><font color="#006600">el cuarto bien inmueble </font></i> que perdieron?	704	Propietario con documento registrado	SI	SI
1	16	43	GE	203	¿Qué relación tiene o tenía con <i><font color="#006600">el cuarto bien inmueble </font></i> que perdieron?	705	Poseedor	SI	SI
1	16	43	GE	203	¿Qué relación tiene o tenía con <i><font color="#006600">el cuarto bien inmueble </font></i> que perdieron?	706	Arrendatario con contrato escrito	SI	SI
1	16	43	GE	203	¿Qué relación tiene o tenía con <i><font color="#006600">el cuarto bien inmueble </font></i> que perdieron?	707	Arrendatario sin contrato escrito	SI	SI
1	16	43	GE	203	¿Qué relación tiene o tenía con <i><font color="#006600">el cuarto bien inmueble </font></i> que perdieron?	708	Usufructo	SI	SI
1	16	43	GE	203	¿Qué relación tiene o tenía con <i><font color="#006600">el cuarto bien inmueble </font></i> que perdieron?	709	Otro, Cuál?	SI	SI
1	16	43	GE	203	¿Qué relación tiene o tenía con <i><font color="#006600">el cuarto bien inmueble </font></i> que perdieron?	1270	Miembro/autoridad del colectivo	SI	SI
1	16	44	GE	204	Actualmente <i><font color="#006600">el cuarto bien </font></i>que abandonó o le fue despojado está:	710	Habitado o utilizado por usted mismo	SI	SI
1	16	44	GE	204	Actualmente <i><font color="#006600">el cuarto bien </font></i>que abandonó o le fue despojado está:	711	Habitado o utilizado por un tercero sin su consentimiento	SI	SI
1	16	44	GE	204	Actualmente <i><font color="#006600">el cuarto bien </font></i>que abandonó o le fue despojado está:	712	Habitado o utilizado por un tercero con su consentimiento	SI	SI
1	16	44	GE	204	Actualmente <i><font color="#006600">el cuarto bien </font></i>que abandonó o le fue despojado está:	713	Abandonado	SI	SI
1	16	44	GE	204	Actualmente <i><font color="#006600">el cuarto bien </font></i>que abandonó o le fue despojado está:	714	No sabe	SI	SI
1	16	45	GE	205	<i><font color="#006600">Algún miembro del hogar</font></i> ha solicitado protección y/o restitución de este <i><font color="#006600">bien inmueble</font></i> a alguna de las siguientes entidades:	715	Unidad para las víctimas	SI	SI
1	16	45	GE	205	<i><font color="#006600">Algún miembro del hogar</font></i> ha solicitado protección y/o restitución de este <i><font color="#006600">bien inmueble</font></i> a alguna de las siguientes entidades:	716	Acción social	SI	SI
1	16	45	GE	205	<i><font color="#006600">Algún miembro del hogar</font></i> ha solicitado protección y/o restitución de este <i><font color="#006600">bien inmueble</font></i> a alguna de las siguientes entidades:	717	Unidad de Restitución de Tierras	SI	SI
1	16	45	GE	205	<i><font color="#006600">Algún miembro del hogar</font></i> ha solicitado protección y/o restitución de este <i><font color="#006600">bien inmueble</font></i> a alguna de las siguientes entidades:	718	Ante un Juez	SI	SI
1	16	45	GE	205	<i><font color="#006600">Algún miembro del hogar</font></i> ha solicitado protección y/o restitución de este <i><font color="#006600">bien inmueble</font></i> a alguna de las siguientes entidades:	719	Ante el Ministerio Público	SI	SI
1	16	45	GE	205	<i><font color="#006600">Algún miembro del hogar</font></i> ha solicitado protección y/o restitución de este <i><font color="#006600">bien inmueble</font></i> a alguna de las siguientes entidades:	720	No ha solicitado	SI	SI
1	16	45	GE	205	<i><font color="#006600">Algún miembro del hogar</font></i> ha solicitado protección y/o restitución de este <i><font color="#006600">bien inmueble</font></i> a alguna de las siguientes entidades:	1288	Alcaldia Municipal	SI	SI
1	16	46	GE	206	¿Cuál fue la razón principal para no solicitar la protección y/o restitución <i><font color="#006600">del bien inmueble </font></i>?	721	Por miedo o amenazas	SI	SI
1	16	46	GE	206	¿Cuál fue la razón principal para no solicitar la protección y/o restitución <i><font color="#006600">del bien inmueble </font></i>?	722	Porque no conocía el proceso	SI	SI
1	16	46	GE	206	¿Cuál fue la razón principal para no solicitar la protección y/o restitución <i><font color="#006600">del bien inmueble </font></i>?	723	Porque no confía en el proceso	SI	SI
1	16	46	GE	206	¿Cuál fue la razón principal para no solicitar la protección y/o restitución <i><font color="#006600">del bien inmueble </font></i>?	724	Porque el trámite era muy difícil	SI	SI
1	16	46	GE	206	¿Cuál fue la razón principal para no solicitar la protección y/o restitución <i><font color="#006600">del bien inmueble </font></i>?	725	Otro, ¿cuál?	SI	SI
1	16	47	GE	208	<i><font color="#006600">El quinto bien inmueble </font></i> que abandonó o que le fue despojado es:	726	Vivienda Urbana	SI	SI
1	16	47	GE	208	<i><font color="#006600">El quinto bien inmueble </font></i> que abandonó o que le fue despojado es:	727	Tierra/Lote con vivienda	SI	SI
1	16	47	GE	208	<i><font color="#006600">El quinto bien inmueble </font></i> que abandonó o que le fue despojado es:	728	Tierra/Lote sin vivienda	SI	SI
1	16	47	GE	208	<i><font color="#006600">El quinto bien inmueble </font></i> que abandonó o que le fue despojado es:	1257	Territorio Colectivo	SI	SI
1	16	48	GE	207	<i><font color="#006600">Donde esta ubicado el quinto inmueble </font></i>	729		SI	SI
1	16	49	GE	362	¿Cuál es el nombre del Resguardo?	1262		SI	SI
1	16	50	GE	367	¿Con cuántos espacios contaba la vivienda?	1267		SI	SI
1	16	51	GE	209	¿Cuántos metros cuadrados tenia la vivienda <i><font color="#006600">(el quinto inmueble despojado)</font></i>?	730		SI	SI
1	16	52	GE	210	¿Qué tamaño tenía el lote?	731		SI	SI
1	16	53	GE	212	¿En qué unidades de medida? (Lote)	733	Hectáreas	SI	SI
1	16	53	GE	212	¿En qué unidades de medida? (Lote)	734	Metros cuadrados	SI	SI
1	16	53	GE	212	¿En qué unidades de medida? (Lote)	735	Fanegadas	SI	SI
1	16	53	GE	212	¿En qué unidades de medida? (Lote)	736	Plazas	SI	SI
1	16	53	GE	212	¿En qué unidades de medida? (Lote)	737	Cuadras	SI	SI
1	16	53	GE	212	¿En qué unidades de medida? (Lote)	738	No sabe	SI	SI
1	16	53	GE	212	¿En qué unidades de medida? (Lote)	1275	Otra ¿Cúal?	SI	SI
1	16	54	GE	213	¿Qué relación tiene o tenía con <i><font color="#006600">el quinto bien inmueble </font></i> que perdieron?	739	Propietario con documento registrado	SI	SI
1	16	54	GE	213	¿Qué relación tiene o tenía con <i><font color="#006600">el quinto bien inmueble </font></i> que perdieron?	740	Poseedor	SI	SI
1	16	54	GE	213	¿Qué relación tiene o tenía con <i><font color="#006600">el quinto bien inmueble </font></i> que perdieron?	741	Arrendatario con contrato escrito	SI	SI
1	16	54	GE	213	¿Qué relación tiene o tenía con <i><font color="#006600">el quinto bien inmueble </font></i> que perdieron?	742	Arrendatario sin contrato escrito	SI	SI
1	16	54	GE	213	¿Qué relación tiene o tenía con <i><font color="#006600">el quinto bien inmueble </font></i> que perdieron?	743	Usufructo	SI	SI
1	16	54	GE	213	¿Qué relación tiene o tenía con <i><font color="#006600">el quinto bien inmueble </font></i> que perdieron?	744	Otro, Cuál?	SI	SI
1	16	54	GE	213	¿Qué relación tiene o tenía con <i><font color="#006600">el quinto bien inmueble </font></i> que perdieron?	1271	Miembro/autoridad del colectivo	SI	SI
1	16	55	GE	214	Actualmente <i><font color="#006600">el quinto bien </font></i>que abandonó o le fue despojado está:	745	Habitado o utilizado por usted mismo	SI	SI
1	16	55	GE	214	Actualmente <i><font color="#006600">el quinto bien </font></i>que abandonó o le fue despojado está:	746	Habitado o utilizado por un tercero sin su consentimiento	SI	SI
1	16	55	GE	214	Actualmente <i><font color="#006600">el quinto bien </font></i>que abandonó o le fue despojado está:	747	Habitado o utilizado por un tercero con su consentimiento	SI	SI
1	16	55	GE	214	Actualmente <i><font color="#006600">el quinto bien </font></i>que abandonó o le fue despojado está:	748	Abandonado	SI	SI
1	16	55	GE	214	Actualmente <i><font color="#006600">el quinto bien </font></i>que abandonó o le fue despojado está:	749	No sabe	SI	SI
1	16	56	GE	215	<i><font color="#006600">Algún miembro del hogar</font></i> ha solicitado protección y/o restitución de este <i><font color="#006600">bien inmueble</font></i> a alguna de las siguientes entidades:	750	Unidad para las víctimas	SI	SI
1	16	56	GE	215	<i><font color="#006600">Algún miembro del hogar</font></i> ha solicitado protección y/o restitución de este <i><font color="#006600">bien inmueble</font></i> a alguna de las siguientes entidades:	751	Acción social	SI	SI
1	16	56	GE	215	<i><font color="#006600">Algún miembro del hogar</font></i> ha solicitado protección y/o restitución de este <i><font color="#006600">bien inmueble</font></i> a alguna de las siguientes entidades:	752	Unidad de Restitución de Tierras	SI	SI
1	16	56	GE	215	<i><font color="#006600">Algún miembro del hogar</font></i> ha solicitado protección y/o restitución de este <i><font color="#006600">bien inmueble</font></i> a alguna de las siguientes entidades:	753	Ante un Juez	SI	SI
1	16	56	GE	215	<i><font color="#006600">Algún miembro del hogar</font></i> ha solicitado protección y/o restitución de este <i><font color="#006600">bien inmueble</font></i> a alguna de las siguientes entidades:	754	Ante el Ministerio Público	SI	SI
1	16	56	GE	215	<i><font color="#006600">Algún miembro del hogar</font></i> ha solicitado protección y/o restitución de este <i><font color="#006600">bien inmueble</font></i> a alguna de las siguientes entidades:	755	No ha solicitado	SI	SI
1	16	56	GE	215	<i><font color="#006600">Algún miembro del hogar</font></i> ha solicitado protección y/o restitución de este <i><font color="#006600">bien inmueble</font></i> a alguna de las siguientes entidades:	1289	Alcaldia Municipal	SI	SI
1	16	57	GE	216	¿Cuál fue la razón principal para no solicitar la protección y/o restitución <i><font color="#006600">del bien inmueble </font></i>?	756	Por miedo o amenazas	SI	SI
1	16	57	GE	216	¿Cuál fue la razón principal para no solicitar la protección y/o restitución <i><font color="#006600">del bien inmueble </font></i>?	757	Porque no conocía el proceso	SI	SI
1	16	57	GE	216	¿Cuál fue la razón principal para no solicitar la protección y/o restitución <i><font color="#006600">del bien inmueble </font></i>?	758	Porque no confía en el proceso	SI	SI
1	16	57	GE	216	¿Cuál fue la razón principal para no solicitar la protección y/o restitución <i><font color="#006600">del bien inmueble </font></i>?	759	Porque el trámite era muy difícil	SI	SI
1	16	57	GE	216	¿Cuál fue la razón principal para no solicitar la protección y/o restitución <i><font color="#006600">del bien inmueble </font></i>?	760	Otro, ¿cuál?	SI	SI
1	16	58	GE	264	Observaciones a este capitulo	955		SI	SI
1	17	1	GE	217	¿Sabe ante qué entidades puede presentar una denuncia por los hechos ocurridos con ocasión del conflicto interno armado ?	761	Si	SI	SI
1	17	1	GE	217	¿Sabe ante qué entidades puede presentar una denuncia por los hechos ocurridos con ocasión del conflicto interno armado ?	762	No	SI	SI
1	17	2	GE	218	¿Cuáles?	763	Fiscalía General de la Nación	SI	SI
1	17	2	GE	218	¿Cuáles?	764	Policía Nacional	SI	SI
1	17	2	GE	218	¿Cuáles?	765	Defensoría del Pueblo o regionales	SI	SI
1	17	2	GE	218	¿Cuáles?	766	Personería	SI	SI
1	17	2	GE	218	¿Cuáles?	767	Procuraduría	SI	SI
1	17	2	GE	218	¿Cuáles?	768	Unidades de atención y orientación al desplazado (Puntos de atención a víctimas)	SI	SI
1	17	2	GE	218	¿Cuáles?	769	Otra, Cuál?	SI	SI
1	17	3	IN	219	¿Cuál(es) de los hechos por los que … fue victimizado se denunciaron ante la Fiscalía General de la Nación?	770	Desplazamiento forzado	SI	SI
1	17	3	IN	219	¿Cuál(es) de los hechos por los que … fue victimizado se denunciaron ante la Fiscalía General de la Nación?	771	Homicidio/Masacre	SI	SI
1	17	3	IN	219	¿Cuál(es) de los hechos por los que … fue victimizado se denunciaron ante la Fiscalía General de la Nación?	772	Amenaza	SI	SI
1	17	3	IN	219	¿Cuál(es) de los hechos por los que … fue victimizado se denunciaron ante la Fiscalía General de la Nación?	773	Desaparición forzada	SI	SI
1	17	3	IN	219	¿Cuál(es) de los hechos por los que … fue victimizado se denunciaron ante la Fiscalía General de la Nación?	774	Perdida de Bienes Muebles o Inmuebles	SI	SI
1	17	3	IN	219	¿Cuál(es) de los hechos por los que … fue victimizado se denunciaron ante la Fiscalía General de la Nación?	775	Acto terrorista	SI	SI
1	17	3	IN	219	¿Cuál(es) de los hechos por los que … fue victimizado se denunciaron ante la Fiscalía General de la Nación?	776	Secuestro	SI	SI
1	17	3	IN	219	¿Cuál(es) de los hechos por los que … fue victimizado se denunciaron ante la Fiscalía General de la Nación?	777	Minas Antipersonal	SI	SI
1	17	3	IN	219	¿Cuál(es) de los hechos por los que … fue victimizado se denunciaron ante la Fiscalía General de la Nación?	778	Tortura	SI	SI
1	17	3	IN	219	¿Cuál(es) de los hechos por los que … fue victimizado se denunciaron ante la Fiscalía General de la Nación?	779	Vinculación de Niños Niñas y Adolescentes	SI	SI
1	17	3	IN	219	¿Cuál(es) de los hechos por los que … fue victimizado se denunciaron ante la Fiscalía General de la Nación?	780	Abandono o Despojo Forzado de Tierras	SI	SI
1	17	3	IN	219	¿Cuál(es) de los hechos por los que … fue victimizado se denunciaron ante la Fiscalía General de la Nación?	781	Delitos contra la libertad y la integridad sexual	SI	SI
1	17	3	IN	219	¿Cuál(es) de los hechos por los que … fue victimizado se denunciaron ante la Fiscalía General de la Nación?	782	Ninguno	SI	SI
1	17	3	IN	219	¿Cuál(es) de los hechos por los que … fue victimizado se denunciaron ante la Fiscalía General de la Nación?	783	No sabe	SI	SI
1	17	4	IN	220	¿Por cuál(es) de los hechos en que … fue victimizado existe o existió una investigación penal?	784	Desplazamiento forzado	SI	SI
1	17	4	IN	220	¿Por cuál(es) de los hechos en que … fue victimizado existe o existió una investigación penal?	785	Homicidio/Masacre	SI	SI
1	17	4	IN	220	¿Por cuál(es) de los hechos en que … fue victimizado existe o existió una investigación penal?	786	Amenaza	SI	SI
1	17	4	IN	220	¿Por cuál(es) de los hechos en que … fue victimizado existe o existió una investigación penal?	787	Desaparición forzada	SI	SI
1	17	4	IN	220	¿Por cuál(es) de los hechos en que … fue victimizado existe o existió una investigación penal?	788	Perdida de Bienes Muebles o Inmuebles	SI	SI
1	17	4	IN	220	¿Por cuál(es) de los hechos en que … fue victimizado existe o existió una investigación penal?	789	Acto terrorista	SI	SI
1	17	4	IN	220	¿Por cuál(es) de los hechos en que … fue victimizado existe o existió una investigación penal?	790	Secuestro	SI	SI
1	17	4	IN	220	¿Por cuál(es) de los hechos en que … fue victimizado existe o existió una investigación penal?	791	Minas Antipersonal	SI	SI
1	17	4	IN	220	¿Por cuál(es) de los hechos en que … fue victimizado existe o existió una investigación penal?	792	Tortura	SI	SI
1	17	4	IN	220	¿Por cuál(es) de los hechos en que … fue victimizado existe o existió una investigación penal?	793	Vinculación de Niños Niñas y Adolescentes	SI	SI
1	17	4	IN	220	¿Por cuál(es) de los hechos en que … fue victimizado existe o existió una investigación penal?	794	Abandono o Despojo Forzado de Tierras	SI	SI
1	17	4	IN	220	¿Por cuál(es) de los hechos en que … fue victimizado existe o existió una investigación penal?	795	Delitos contra la libertad y la integridad sexual	SI	SI
1	17	4	IN	220	¿Por cuál(es) de los hechos en que … fue victimizado existe o existió una investigación penal?	796	Ninguno	SI	SI
1	17	4	IN	220	¿Por cuál(es) de los hechos en que … fue victimizado existe o existió una investigación penal?	797	No sabe	SI	SI
1	17	5	IN	221	Por cuál(es) investigación(es) de la Fiscalía  ... fue reconocido(a) como víctima dentro del proceso?	798	Desplazamiento forzado	SI	SI
1	17	5	IN	221	Por cuál(es) investigación(es) de la Fiscalía  ... fue reconocido(a) como víctima dentro del proceso?	799	Homicidio/Masacre	SI	SI
1	17	5	IN	221	Por cuál(es) investigación(es) de la Fiscalía  ... fue reconocido(a) como víctima dentro del proceso?	800	Amenaza	SI	SI
1	17	5	IN	221	Por cuál(es) investigación(es) de la Fiscalía  ... fue reconocido(a) como víctima dentro del proceso?	801	Desaparición forzada	SI	SI
1	17	5	IN	221	Por cuál(es) investigación(es) de la Fiscalía  ... fue reconocido(a) como víctima dentro del proceso?	802	Perdida de Bienes Muebles o Inmuebles	SI	SI
1	17	5	IN	221	Por cuál(es) investigación(es) de la Fiscalía  ... fue reconocido(a) como víctima dentro del proceso?	803	Acto terrorista	SI	NO
1	17	5	IN	221	Por cuál(es) investigación(es) de la Fiscalía  ... fue reconocido(a) como víctima dentro del proceso?	804	Secuestro	SI	SI
1	17	5	IN	221	Por cuál(es) investigación(es) de la Fiscalía  ... fue reconocido(a) como víctima dentro del proceso?	805	Minas Antipersonal	SI	SI
1	17	5	IN	221	Por cuál(es) investigación(es) de la Fiscalía  ... fue reconocido(a) como víctima dentro del proceso?	806	Tortura	SI	SI
1	17	5	IN	221	Por cuál(es) investigación(es) de la Fiscalía  ... fue reconocido(a) como víctima dentro del proceso?	807	Vinculación de Niños Niñas y Adolescentes	SI	NO
1	17	5	IN	221	Por cuál(es) investigación(es) de la Fiscalía  ... fue reconocido(a) como víctima dentro del proceso?	808	Abandono o Despojo Forzado de Tierras	SI	SI
1	17	5	IN	221	Por cuál(es) investigación(es) de la Fiscalía  ... fue reconocido(a) como víctima dentro del proceso?	809	Delitos contra la libertad y la integridad sexual	SI	SI
1	17	5	IN	221	Por cuál(es) investigación(es) de la Fiscalía  ... fue reconocido(a) como víctima dentro del proceso?	810	Ninguno	SI	SI
1	17	5	IN	221	Por cuál(es) investigación(es) de la Fiscalía  ... fue reconocido(a) como víctima dentro del proceso?	811	No sabe	SI	SI
1	17	6	IN	222	¿Cuál(es) investigación(es)  finalizó(aron)?	812	Desplazamiento forzado	SI	SI
1	17	6	IN	222	¿Cuál(es) investigación(es)  finalizó(aron)?	813	Homicidio/Masacre	SI	SI
1	17	6	IN	222	¿Cuál(es) investigación(es)  finalizó(aron)?	814	Amenaza	SI	SI
1	17	6	IN	222	¿Cuál(es) investigación(es)  finalizó(aron)?	815	Desaparición forzada	SI	SI
1	17	6	IN	222	¿Cuál(es) investigación(es)  finalizó(aron)?	816	Perdida de Bienes Muebles o Inmuebles	SI	SI
1	17	6	IN	222	¿Cuál(es) investigación(es)  finalizó(aron)?	817	Acto terrorista	SI	NO
1	17	6	IN	222	¿Cuál(es) investigación(es)  finalizó(aron)?	818	Secuestro	SI	SI
1	17	6	IN	222	¿Cuál(es) investigación(es)  finalizó(aron)?	819	Minas Antipersonal	SI	NO
1	17	6	IN	222	¿Cuál(es) investigación(es)  finalizó(aron)?	820	Tortura	SI	SI
1	17	6	IN	222	¿Cuál(es) investigación(es)  finalizó(aron)?	821	Vinculación de Niños Niñas y Adolescentes	SI	NO
1	17	6	IN	222	¿Cuál(es) investigación(es)  finalizó(aron)?	822	Abandono o Despojo Forzado de Tierras	SI	SI
1	17	6	IN	222	¿Cuál(es) investigación(es)  finalizó(aron)?	823	Delitos contra la libertad y la integridad sexual	SI	NO
1	17	6	IN	222	¿Cuál(es) investigación(es)  finalizó(aron)?	824	Ninguno	SI	SI
1	17	6	IN	222	¿Cuál(es) investigación(es)  finalizó(aron)?	825	No sabe	SI	SI
1	17	7	IN	223	¿Cuál(es) investigación(es) fueron sentenciadas por un juez?	826	Desplazamiento forzado	SI	SI
1	17	7	IN	223	¿Cuál(es) investigación(es) fueron sentenciadas por un juez?	827	Homicidio/Masacre	SI	SI
1	17	7	IN	223	¿Cuál(es) investigación(es) fueron sentenciadas por un juez?	828	Amenaza	SI	SI
1	17	7	IN	223	¿Cuál(es) investigación(es) fueron sentenciadas por un juez?	829	Desaparición forzada	SI	SI
1	17	7	IN	223	¿Cuál(es) investigación(es) fueron sentenciadas por un juez?	830	Perdida de Bienes Muebles o Inmuebles	SI	SI
1	17	7	IN	223	¿Cuál(es) investigación(es) fueron sentenciadas por un juez?	831	Acto terrorista	SI	SI
1	17	7	IN	223	¿Cuál(es) investigación(es) fueron sentenciadas por un juez?	832	Secuestro	SI	SI
1	17	7	IN	223	¿Cuál(es) investigación(es) fueron sentenciadas por un juez?	833	Minas Antipersonal	SI	SI
1	17	7	IN	223	¿Cuál(es) investigación(es) fueron sentenciadas por un juez?	834	Tortura	SI	SI
1	17	7	IN	223	¿Cuál(es) investigación(es) fueron sentenciadas por un juez?	835	Vinculación de Niños Niñas y Adolescentes	SI	SI
1	17	7	IN	223	¿Cuál(es) investigación(es) fueron sentenciadas por un juez?	836	Abandono o Despojo Forzado de Tierras	SI	SI
1	17	7	IN	223	¿Cuál(es) investigación(es) fueron sentenciadas por un juez?	837	Delitos contra la libertad y la integridad sexual	SI	SI
1	17	7	IN	223	¿Cuál(es) investigación(es) fueron sentenciadas por un juez?	838	Ninguno	SI	SI
1	17	7	IN	223	¿Cuál(es) investigación(es) fueron sentenciadas por un juez?	839	No sabe	SI	SI
1	17	8	IN	224	¿Por cuál(es) hecho(s) se ha condenado a los victimarios?	840	Desplazamiento forzado	SI	SI
1	17	8	IN	224	¿Por cuál(es) hecho(s) se ha condenado a los victimarios?	841	Homicidio/Masacre	SI	SI
1	17	8	IN	224	¿Por cuál(es) hecho(s) se ha condenado a los victimarios?	842	Amenaza	SI	SI
1	17	8	IN	224	¿Por cuál(es) hecho(s) se ha condenado a los victimarios?	843	Desaparición forzada	SI	SI
1	17	8	IN	224	¿Por cuál(es) hecho(s) se ha condenado a los victimarios?	844	Perdida de Bienes Muebles o Inmuebles	SI	SI
1	17	8	IN	224	¿Por cuál(es) hecho(s) se ha condenado a los victimarios?	845	Acto terrorista	SI	SI
1	17	8	IN	224	¿Por cuál(es) hecho(s) se ha condenado a los victimarios?	846	Secuestro	SI	SI
1	17	8	IN	224	¿Por cuál(es) hecho(s) se ha condenado a los victimarios?	847	Minas Antipersonal	SI	SI
1	17	8	IN	224	¿Por cuál(es) hecho(s) se ha condenado a los victimarios?	848	Tortura	SI	SI
1	17	8	IN	224	¿Por cuál(es) hecho(s) se ha condenado a los victimarios?	849	Vinculación de Niños Niñas y Adolescentes	SI	SI
1	17	8	IN	224	¿Por cuál(es) hecho(s) se ha condenado a los victimarios?	850	Abandono o Despojo Forzado de Tierras	SI	SI
1	17	8	IN	224	¿Por cuál(es) hecho(s) se ha condenado a los victimarios?	851	Delitos contra la libertad y la integridad sexual	SI	SI
1	17	8	IN	224	¿Por cuál(es) hecho(s) se ha condenado a los victimarios?	852	Ninguno	SI	SI
1	17	8	IN	224	¿Por cuál(es) hecho(s) se ha condenado a los victimarios?	853	No sabe	SI	SI
1	17	9	GE	265	Observaciones a este capitulo	956		SI	SI
1	18	1	IN	225	¿Han solicitado medidas de protección para...?	854	Si	SI	SI
1	18	1	IN	225	¿Han solicitado medidas de protección para...?	855	No	SI	SI
1	18	2	IN	226	¿ … recibió medidas de protección?	856	Si	SI	SI
1	18	2	IN	226	¿ … recibió medidas de protección?	857	No	SI	SI
1	18	3	IN	356	Las medidas fueron:	1247	Individuales	SI	SI
1	18	3	IN	356	Las medidas fueron:	1248	Colectivas	SI	SI
1	18	3	IN	356	Las medidas fueron:	1249	Especiales	SI	SI
1	18	4	IN	227	Desde que le otorgaron las medidas de protección a...¿ha sufrido acciones en contra de su libertad, integridad y/o seguridad personal?	858	Si	SI	SI
1	18	4	IN	227	Desde que le otorgaron las medidas de protección a...¿ha sufrido acciones en contra de su libertad, integridad y/o seguridad personal?	859	No	SI	SI
1	18	5	GE	266	Observaciones a este capitulo	957		SI	SI
1	19	1	IN	228	¿...ha recibido indemnización por parte de la Unidad de Víctimas o Acción Social por alguno de los hechos declarados?	860	Si	SI	SI
1	19	1	IN	228	¿...ha recibido indemnización por parte de la Unidad de Víctimas o Acción Social por alguno de los hechos declarados?	861	No	SI	SI
1	19	2	IN	229	¿...solicitó indemnización ante un juez por alguno de los hechos victimizantes?	862	Si	SI	SI
1	19	2	IN	229	¿...solicitó indemnización ante un juez por alguno de los hechos victimizantes?	863	No	SI	SI
1	19	3	IN	230	¿...recibió la indemnización por vía judicial?	864	Si	SI	SI
1	19	3	IN	230	¿...recibió la indemnización por vía judicial?	865	No	SI	SI
1	19	4	IN	357	¿…participó en el programa de acompañamiento, por parte de la UARIV, para la inversión adecuada de los recursos recibidos por la indemnización?	1251	Sí	SI	SI
1	19	4	IN	357	¿…participó en el programa de acompañamiento, por parte de la UARIV, para la inversión adecuada de los recursos recibidos por la indemnización?	1252	No	SI	SI
1	19	5	IN	391	¿…participó en el acompañamiento antes de la indemnización por parte de la UARIV?	1352	Sí	SI	SI
1	19	5	IN	391	¿…participó en el acompañamiento antes de la indemnización por parte de la UARIV?	1353	No	SI	SI
1	19	6	IN	231	Principalmente, en qué invirtió o le gustaría  invertir la(s) indemnización(es):	866	Educación	SI	SI
1	19	6	IN	231	Principalmente, en qué invirtió o le gustaría  invertir la(s) indemnización(es):	867	Compra/Mejora de Vivienda	SI	SI
1	19	6	IN	231	Principalmente, en qué invirtió o le gustaría  invertir la(s) indemnización(es):	868	Adquirir Terreno Rural	SI	SI
1	19	6	IN	231	Principalmente, en qué invirtió o le gustaría  invertir la(s) indemnización(es):	869	Iniciar/Fortalecer Negocio o Proyecto Productivo	SI	SI
1	19	6	IN	231	Principalmente, en qué invirtió o le gustaría  invertir la(s) indemnización(es):	870	Otro Cuál?	SI	SI
1	19	7	GE	267	Observaciones a este capitulo	958		SI	SI
1	20	1	IN	232	¿… cree que el conflicto armado ha afectado su buen nombre (o el de su comunidad), honra o su imagen  ante la sociedad?	871	Si	SI	SI
1	20	1	IN	232	¿… cree que el conflicto armado ha afectado su buen nombre (o el de su comunidad), honra o su imagen  ante la sociedad?	872	No	SI	SI
1	20	2	IN	235	¿Se han llevado a cabo acciones para difundir públicamente la verdad de lo que le sucedió?	877	Si	SI	SI
1	20	2	IN	235	¿Se han llevado a cabo acciones para difundir públicamente la verdad de lo que le sucedió?	878	No	SI	SI
1	20	2	IN	235	¿Se han llevado a cabo acciones para difundir públicamente la verdad de lo que le sucedió?	879	No sabe	SI	SI
1	20	3	IN	236	¿...conoce monumentos, plazas o  museos hechos para conmemorar a las víctimas del conflicto?	880	Si	SI	SI
1	20	3	IN	236	¿...conoce monumentos, plazas o  museos hechos para conmemorar a las víctimas del conflicto?	881	No	SI	SI
1	20	4	IN	237	¿Los victimarios han reconocido públicamente la responsabilidad en la victimización de...?	883	Si	SI	SI
1	20	4	IN	237	¿Los victimarios han reconocido públicamente la responsabilidad en la victimización de...?	884	No	SI	SI
1	20	4	IN	237	¿Los victimarios han reconocido públicamente la responsabilidad en la victimización de...?	885	No sabe	SI	SI
1	20	5	IN	238	Los victimarios han pedido perdón por los hechos que afectaron a ...?	886	Si	SI	SI
1	20	5	IN	238	Los victimarios han pedido perdón por los hechos que afectaron a ...?	887	No	SI	SI
1	20	5	IN	238	Los victimarios han pedido perdón por los hechos que afectaron a ...?	888	No sabe	SI	SI
1	20	6	IN	234	¿... siente que efectivamente se ha limpiado su buen nombre?	875	Si	SI	SI
1	20	6	IN	234	¿... siente que efectivamente se ha limpiado su buen nombre?	876	No	SI	SI
1	20	7	IN	239	¿… ha participado en actividades para recuperar las tradiciones y prácticas culturales de su comunidad?	889	Si	SI	SI
1	20	7	IN	239	¿… ha participado en actividades para recuperar las tradiciones y prácticas culturales de su comunidad?	890	No	SI	SI
1	20	8	IN	240	¿… ha participado en actividades para fortalecer las relaciones y la confianza dentro de su comunidad?	891	Si	SI	SI
1	20	8	IN	240	¿… ha participado en actividades para fortalecer las relaciones y la confianza dentro de su comunidad?	892	No	SI	SI
1	20	9	IN	241	¿… ha recibido apoyo en la  búsqueda de sus familiares desaparecidos?<i><font color="#006600">(Solo para víctimas de secuestro o desaparición)</font></i>	893	Si	SI	SI
1	20	9	IN	241	¿… ha recibido apoyo en la  búsqueda de sus familiares desaparecidos?<i><font color="#006600">(Solo para víctimas de secuestro o desaparición)</font></i>	894	No	SI	SI
1	20	10	IN	286	¿… ha recibido acompañamiento en la identificación de cadáveres y su inhumación posterior?<i><font color="#006600">(Solo para víctimas de homicidio)</font></i>	1023	Sí	SI	SI
1	20	10	IN	286	¿… ha recibido acompañamiento en la identificación de cadáveres y su inhumación posterior?<i><font color="#006600">(Solo para víctimas de homicidio)</font></i>	1024	No	SI	SI
1	20	11	IN	242	¿Participó … en la elección de alguna medida que recibió (anteriormente nombradas)?	895	Si	SI	SI
1	20	11	IN	242	¿Participó … en la elección de alguna medida que recibió (anteriormente nombradas)?	896	No	SI	SI
1	20	12	IN	243	¿… considera que la(s) medida(s) que recibió, contribuyó(yeron) a su bienestar o aliviar su dolor?	897	Si	SI	SI
1	20	12	IN	243	¿… considera que la(s) medida(s) que recibió, contribuyó(yeron) a su bienestar o aliviar su dolor?	898	No	SI	SI
1	20	13	GE	268	Observaciones a este capitulo	959		SI	SI
1	23	1	IN	451	¿Qué lengua habla...?	1502	Español	SI	SI
1	23	1	IN	451	¿Qué lengua habla...?	1503	Inglés	SI	SI
1	23	1	IN	451	¿Qué lengua habla...?	1504	Creole	SI	SI
1	23	1	IN	451	¿Qué lengua habla...?	1505	Otro	SI	SI
1	23	2	IN	452	¿... Reside con tarjeta OCCRE?	1506	Sí	SI	SI
1	23	2	IN	452	¿... Reside con tarjeta OCCRE?	1507	No	SI	SI
1	23	3	IN	453	¿Desempeña alguna actividad académica actualmente...?	1508	Sí, Cuál?	SI	SI
1	23	3	IN	453	¿Desempeña alguna actividad académica actualmente...?	1509	No	SI	SI
1	23	3	IN	453	¿Desempeña alguna actividad académica actualmente...?	1510	No sabe	SI	SI
1	23	4	IN	454	¿ …consideraría seguir formándose laboralmente?	1511	Sí, en qué área?	SI	SI
1	23	4	IN	454	¿ …consideraría seguir formándose laboralmente?	1512	No	SI	SI
1	23	4	IN	454	¿ …consideraría seguir formándose laboralmente?	1513	No sabe	SI	SI
1	23	5	GE	455	Obsevaiciones a este capítulo	1514		SI	SI
1	24	1	IN	456	¿Usted se considera víctima del conflicto armado colombiano?	1515	Si	SI	SI
1	24	1	IN	456	¿Usted se considera víctima del conflicto armado colombiano?	1516	No	SI	SI
1	24	2	IN	457	Nombres y apellidos	1517		SI	SI
1	24	3	IN	458	¿Qué tipo de documento de identificación tiene ...?	1518	Cédual de ciudadania	SI	SI
1	24	3	IN	458	¿Qué tipo de documento de identificación tiene ...?	1519	Cédula de extranjeria	SI	SI
1	24	3	IN	458	¿Qué tipo de documento de identificación tiene ...?	1520	Tarjeta de identidad	SI	SI
1	24	3	IN	458	¿Qué tipo de documento de identificación tiene ...?	1521	Registro civil	SI	SI
1	24	3	IN	458	¿Qué tipo de documento de identificación tiene ...?	1522	Contraseña	SI	SI
1	24	3	IN	458	¿Qué tipo de documento de identificación tiene ...?	1523	Otro	SI	SI
1	24	3	IN	458	¿Qué tipo de documento de identificación tiene ...?	1524	Ninguno	SI	SI
1	24	3	IN	458	¿Qué tipo de documento de identificación tiene ...?	1525	No sabe	SI	SI
1	24	3	IN	458	¿Qué tipo de documento de identificación tiene ...?	1526	No es colombiano	SI	SI
1	24	4	IN	459	No. Número documento de identificación	1527		SI	SI
1	24	5	IN	460	Parentesco con el responsable de la encuesta	1528	Esposo(a) Compañero(a)	SI	SI
1	24	5	IN	460	Parentesco con el responsable de la encuesta	1529	Hijo(a)	SI	SI
1	24	5	IN	460	Parentesco con el responsable de la encuesta	1530	Hermano(a)	SI	SI
1	24	5	IN	460	Parentesco con el responsable de la encuesta	1531	Padre/Madre	SI	SI
1	24	5	IN	460	Parentesco con el responsable de la encuesta	1532	Nieto(a)	SI	SI
1	24	5	IN	460	Parentesco con el responsable de la encuesta	1533	Abuelo(a)	SI	SI
1	24	5	IN	460	Parentesco con el responsable de la encuesta	1534	Yerno o nuero	SI	SI
1	24	5	IN	460	Parentesco con el responsable de la encuesta	1535	Sobrino(a)	SI	SI
1	24	5	IN	460	Parentesco con el responsable de la encuesta	1536	Cuñado(a)	SI	SI
1	24	5	IN	460	Parentesco con el responsable de la encuesta	1537	Otro pariente	SI	SI
1	24	5	IN	460	Parentesco con el responsable de la encuesta	1538	No es de la familia	SI	SI
1	24	6	IN	461	¿Cuántos años cumplidos tiene?	1539		SI	SI
1	24	7	IN	462	¿Esta persona es víctima del conflicto armado?	1540	Si	SI	SI
1	24	7	IN	462	¿Esta persona es víctima del conflicto armado?	1541	No	SI	SI
1	24	7	IN	462	¿Esta persona es víctima del conflicto armado?	1542	No sabe	SI	SI
1	24	8	GE	463	País en el que se realiza la caracterización:	1543		SI	SI
1	24	9	GE	464	Dirección del lugar en donde vive:	1544		SI	SI
1	24	10	GE	465	Provincia/departamento:	1545		SI	SI
1	24	11	GE	466	Cantón/distrito municipal/ municipio:	1546		SI	SI
1	24	12	GE	467	Cabecera cantonal/ distrito regional/centro poblado	1547		SI	SI
1	24	13	GE	468	Parroquia rural/vereda:	1548		SI	SI
1	24	14	GE	469	Zona de residencia:	1549	Área rural	SI	NO
1	24	14	GE	469	Zona de residencia:	1550	Área urbana	SI	NO
1	24	15	IN	470	Teléfono de contacto:	1551		SI	SI
1	24	16	IN	471	Correo electornico	1552		SI	SI
1	24	17	IN	472	¿Es usted de origen colombiano?	1553	Sí	SI	SI
1	24	17	IN	472	¿Es usted de origen colombiano?	1554	No, país de origen	SI	SI
1	24	18	IN	473	¿En donde nacio?	1555		SI	SI
1	24	19	IN	474	Fecha de nacimiento	1556		SI	SI
1	24	20	IN	475	Sexo:	1557	Hombre	SI	SI
1	24	20	IN	475	Sexo:	1558	Mujer	SI	SI
1	24	21	IN	476	¿Cuál es su identidad de género?	1559	Femenino	SI	SI
1	24	21	IN	476	¿Cuál es su identidad de género?	1560	Masculino	SI	SI
1	24	21	IN	476	¿Cuál es su identidad de género?	1561	Hombre trnas	SI	SI
1	24	21	IN	476	¿Cuál es su identidad de género?	1562	Mujer trans	SI	SI
1	24	21	IN	476	¿Cuál es su identidad de género?	1563	No sabe/No responde	SI	SI
1	24	22	IN	477	Usted se siente atraído por (le gusta):	1564	Heterosexual	SI	SI
1	24	22	IN	477	Usted se siente atraído por (le gusta):	1565	Lesbiana	SI	SI
1	24	22	IN	477	Usted se siente atraído por (le gusta):	1566	Gay	SI	SI
1	24	22	IN	477	Usted se siente atraído por (le gusta):	1567	Bisexual	SI	SI
1	24	22	IN	477	Usted se siente atraído por (le gusta):	1568	No sabe/ No responde	SI	SI
1	24	23	IN	478	¿Qué tipo de identificación colombiana tiene?	1569	Cédula	SI	SI
1	24	23	IN	478	¿Qué tipo de identificación colombiana tiene?	1570	Pasaporte	SI	SI
1	24	23	IN	478	¿Qué tipo de identificación colombiana tiene?	1571	Registro civil	SI	SI
1	24	23	IN	478	¿Qué tipo de identificación colombiana tiene?	1572	Contraseña	SI	SI
1	24	23	IN	478	¿Qué tipo de identificación colombiana tiene?	1573	Tarjeta de identidad	SI	SI
1	24	23	IN	478	¿Qué tipo de identificación colombiana tiene?	1574	Libreta militar	SI	SI
1	24	23	IN	478	¿Qué tipo de identificación colombiana tiene?	1575	Ninguno	SI	SI
1	24	24	IN	479	De acuerdo con su cultura, pueblo o rasgos físicos usted es o se aouto-reconoce como:	1576	Indigena	SI	SI
1	24	24	IN	479	De acuerdo con su cultura, pueblo o rasgos físicos usted es o se aouto-reconoce como:	1577	ROM o gitano(a)	SI	SI
1	24	24	IN	479	De acuerdo con su cultura, pueblo o rasgos físicos usted es o se aouto-reconoce como:	1578	Raizal	SI	SI
1	24	24	IN	479	De acuerdo con su cultura, pueblo o rasgos físicos usted es o se aouto-reconoce como:	1579	Palanquero(a)	SI	SI
1	24	24	IN	479	De acuerdo con su cultura, pueblo o rasgos físicos usted es o se aouto-reconoce como:	1580	Negro(a), mulato(a), afrocolombiano(a)	SI	SI
1	24	24	IN	479	De acuerdo con su cultura, pueblo o rasgos físicos usted es o se aouto-reconoce como:	1581	Mestizo	SI	SI
1	24	24	IN	479	De acuerdo con su cultura, pueblo o rasgos físicos usted es o se aouto-reconoce como:	1582	Ninguna de las anteriores	SI	SI
1	24	24	IN	479	De acuerdo con su cultura, pueblo o rasgos físicos usted es o se aouto-reconoce como:	1583	No sabe	SI	SI
1	24	24	IN	479	De acuerdo con su cultura, pueblo o rasgos físicos usted es o se aouto-reconoce como:	1584	No responde	SI	SI
1	24	25	IN	480	Su estado civil actual es:	1585	Casado	SI	SI
1	24	25	IN	480	Su estado civil actual es:	1586	Soltero	SI	SI
1	24	25	IN	480	Su estado civil actual es:	1587	Viudo	SI	SI
1	24	25	IN	480	Su estado civil actual es:	1588	Seprado/divorciado	SI	SI
1	24	25	IN	480	Su estado civil actual es:	1589	Union libre	SI	SI
1	24	25	IN	480	Su estado civil actual es:	1590	No sabe	SI	SI
1	24	25	IN	480	Su estado civil actual es:	1591	No responde	SI	SI
1	24	26	IN	481	Número de años de convivenvia	1592		SI	SI
1	24	27	IN	482	Su nivel educativo más alto alcanzado es:	1593	Preescolar	SI	SI
1	24	27	IN	482	Su nivel educativo más alto alcanzado es:	1594	Básica primaria	SI	SI
1	24	27	IN	482	Su nivel educativo más alto alcanzado es:	1595	Secundario	SI	SI
1	24	27	IN	482	Su nivel educativo más alto alcanzado es:	1596	Media Técnica	SI	SI
1	24	27	IN	482	Su nivel educativo más alto alcanzado es:	1597	Tecnológo	SI	SI
1	24	27	IN	482	Su nivel educativo más alto alcanzado es:	1598	Profesional	SI	SI
1	24	27	IN	482	Su nivel educativo más alto alcanzado es:	1599	Especialización/maestreía/doctorado	SI	SI
1	24	27	IN	482	Su nivel educativo más alto alcanzado es:	1600	Ninguno	SI	SI
1	24	27	IN	482	Su nivel educativo más alto alcanzado es:	1601	No sabe/ no responde	SI	SI
1	24	28	IN	483	Actualmente, su ocupación es:	1602	Empleado forma (Con contrato)	SI	SI
1	24	28	IN	483	Actualmente, su ocupación es:	1603	Empleado informal (Sin contrato)	SI	SI
1	24	28	IN	483	Actualmente, su ocupación es:	1604	Independiente	SI	SI
1	24	28	IN	483	Actualmente, su ocupación es:	1605	Desempleado	SI	SI
1	24	28	IN	483	Actualmente, su ocupación es:	1606	Hogar(Labores de la casa)	SI	SI
1	24	28	IN	483	Actualmente, su ocupación es:	1607	Rentista (Persona que recibe dinero por arrendar bienes)	SI	SI
1	24	28	IN	483	Actualmente, su ocupación es:	1608	Estudiante	SI	SI
1	24	28	IN	483	Actualmente, su ocupación es:	1609	Pensionado	SI	SI
1	24	28	IN	483	Actualmente, su ocupación es:	1610	Otro, Cuál?	SI	SI
1	24	29	IN	484	¿Qué oficio o prefesión desempeña actualmente?	1611		SI	SI
1	24	30	GE	485	Observaciones a este capitulo	1612		SI	SI
1	31	1	IN	863	Observaciones Iniciales	2625		SI	SI
1	31	2	IN	813	¿Usted considera que la formación académica recibida ha contribuido en su desempeño laboral?	2415	Sí	SI	SI
1	31	2	IN	813	¿Usted considera que la formación académica recibida ha contribuido en su desempeño laboral?	2416	No	SI	SI
1	31	3	IN	814	¿Usted maneja otro idioma diferente al propio y español?	2417	SÍ ¿Cuál?	SI	SI
1	31	3	IN	814	¿Usted maneja otro idioma diferente al propio y español?	2418	No	SI	SI
1	31	4	IN	815	¿Cuál es el nivel de su segundo idioma?	2419	Alto	SI	SI
1	31	4	IN	815	¿Cuál es el nivel de su segundo idioma?	2420	Medio	SI	SI
1	31	4	IN	815	¿Cuál es el nivel de su segundo idioma?	2421	Bajo	SI	SI
1	31	5	IN	816	¿Cuántos cargos u oficios ha ocupado en su vida laboral?	2422	Tres o más	SI	SI
1	31	5	IN	816	¿Cuántos cargos u oficios ha ocupado en su vida laboral?	2423	Dos	SI	SI
1	31	5	IN	816	¿Cuántos cargos u oficios ha ocupado en su vida laboral?	2424	Uno	SI	SI
1	31	5	IN	816	¿Cuántos cargos u oficios ha ocupado en su vida laboral?	2594	Ninguno	SI	SI
1	31	6	IN	817	Mencione cuáles han sido los principales cargos u oficios que usted ha desempeñado desde que inició su experiencia laboral, especificando el tiempo en número de meses<i><font color="#006600"> (nombre cargo 1)</font></i>	2425		SI	SI
1	31	7	IN	818	Mencione cuáles han sido los principales cargos u oficios que usted ha desempeñado desde que inició su experiencia laboral, especificando el tiempo en número de meses<i><font color="#006600"> (Duración cargo1)</font></i>	2426		SI	SI
1	31	8	IN	819	Mencione cuáles han sido los principales cargos u oficios que usted ha desempeñado desde que inició su experiencia laboral, especificando el tiempo en número de meses<i><font color="#006600"> (Posición Ocupacional en el CARGO 1)</font></i>	2427	Obrero o empleado de empresa particular	SI	SI
1	31	8	IN	819	Mencione cuáles han sido los principales cargos u oficios que usted ha desempeñado desde que inició su experiencia laboral, especificando el tiempo en número de meses<i><font color="#006600"> (Posición Ocupacional en el CARGO 1)</font></i>	2428	Obrero o empleado del gobierno	SI	SI
1	31	8	IN	819	Mencione cuáles han sido los principales cargos u oficios que usted ha desempeñado desde que inició su experiencia laboral, especificando el tiempo en número de meses<i><font color="#006600"> (Posición Ocupacional en el CARGO 1)</font></i>	2429	Empleado doméstico	SI	SI
1	31	8	IN	819	Mencione cuáles han sido los principales cargos u oficios que usted ha desempeñado desde que inició su experiencia laboral, especificando el tiempo en número de meses<i><font color="#006600"> (Posición Ocupacional en el CARGO 1)</font></i>	2430	Trabajador por cuenta propia	SI	SI
1	31	8	IN	819	Mencione cuáles han sido los principales cargos u oficios que usted ha desempeñado desde que inició su experiencia laboral, especificando el tiempo en número de meses<i><font color="#006600"> (Posición Ocupacional en el CARGO 1)</font></i>	2431	Patrón o empleador	SI	SI
1	31	8	IN	819	Mencione cuáles han sido los principales cargos u oficios que usted ha desempeñado desde que inició su experiencia laboral, especificando el tiempo en número de meses<i><font color="#006600"> (Posición Ocupacional en el CARGO 1)</font></i>	2432	Trabajador familiar sin remuneración	SI	SI
1	31	8	IN	819	Mencione cuáles han sido los principales cargos u oficios que usted ha desempeñado desde que inició su experiencia laboral, especificando el tiempo en número de meses<i><font color="#006600"> (Posición Ocupacional en el CARGO 1)</font></i>	2433	Trabajador sin remuneración en empresas o negocios de otros hogares	SI	SI
1	31	8	IN	819	Mencione cuáles han sido los principales cargos u oficios que usted ha desempeñado desde que inició su experiencia laboral, especificando el tiempo en número de meses<i><font color="#006600"> (Posición Ocupacional en el CARGO 1)</font></i>	2434	Jornalero o peón	SI	SI
1	31	8	IN	819	Mencione cuáles han sido los principales cargos u oficios que usted ha desempeñado desde que inició su experiencia laboral, especificando el tiempo en número de meses<i><font color="#006600"> (Posición Ocupacional en el CARGO 1)</font></i>	2810	Productor agrícola	SI	SI
1	31	8	IN	819	Mencione cuáles han sido los principales cargos u oficios que usted ha desempeñado desde que inició su experiencia laboral, especificando el tiempo en número de meses<i><font color="#006600"> (Posición Ocupacional en el CARGO 1)</font></i>	2811	Otro, ¿Cuál?	SI	SI
1	31	9	IN	820	Mencione cuáles han sido los principales cargos u oficios que usted ha desempeñado desde que inició su experiencia laboral, especificando el tiempo en número de meses<i><font color="#006600"> (nombre cargo 2)</font></i>	2435		SI	SI
1	31	10	IN	821	Mencione cuáles han sido los principales cargos u oficios que usted ha desempeñado desde que inició su experiencia laboral, especificando el tiempo en número de meses<i><font color="#006600"> (Duración cargo2)</font></i>	2436		SI	SI
1	31	11	IN	822	Mencione cuáles han sido los principales cargos u oficios que usted ha desempeñado desde que inició su experiencia laboral, especificando el tiempo en número de meses<i><font color="#006600"> (Posición Ocupacional en el CARGO 2)</font></i>	2437	Obrero o empleado de empresa particular	SI	SI
1	31	11	IN	822	Mencione cuáles han sido los principales cargos u oficios que usted ha desempeñado desde que inició su experiencia laboral, especificando el tiempo en número de meses<i><font color="#006600"> (Posición Ocupacional en el CARGO 2)</font></i>	2438	Obrero o empleado del gobierno	SI	SI
1	31	11	IN	822	Mencione cuáles han sido los principales cargos u oficios que usted ha desempeñado desde que inició su experiencia laboral, especificando el tiempo en número de meses<i><font color="#006600"> (Posición Ocupacional en el CARGO 2)</font></i>	2439	Empleado doméstico	SI	SI
1	31	11	IN	822	Mencione cuáles han sido los principales cargos u oficios que usted ha desempeñado desde que inició su experiencia laboral, especificando el tiempo en número de meses<i><font color="#006600"> (Posición Ocupacional en el CARGO 2)</font></i>	2440	Trabajador por cuenta propia	SI	SI
1	31	11	IN	822	Mencione cuáles han sido los principales cargos u oficios que usted ha desempeñado desde que inició su experiencia laboral, especificando el tiempo en número de meses<i><font color="#006600"> (Posición Ocupacional en el CARGO 2)</font></i>	2441	Patrón o empleador	SI	SI
1	31	11	IN	822	Mencione cuáles han sido los principales cargos u oficios que usted ha desempeñado desde que inició su experiencia laboral, especificando el tiempo en número de meses<i><font color="#006600"> (Posición Ocupacional en el CARGO 2)</font></i>	2442	Trabajador familiar sin remuneración	SI	SI
1	31	11	IN	822	Mencione cuáles han sido los principales cargos u oficios que usted ha desempeñado desde que inició su experiencia laboral, especificando el tiempo en número de meses<i><font color="#006600"> (Posición Ocupacional en el CARGO 2)</font></i>	2443	Trabajador sin remuneración en empresas o negocios de otros hogares	SI	SI
1	31	11	IN	822	Mencione cuáles han sido los principales cargos u oficios que usted ha desempeñado desde que inició su experiencia laboral, especificando el tiempo en número de meses<i><font color="#006600"> (Posición Ocupacional en el CARGO 2)</font></i>	2444	Jornalero o peón	SI	SI
1	31	11	IN	822	Mencione cuáles han sido los principales cargos u oficios que usted ha desempeñado desde que inició su experiencia laboral, especificando el tiempo en número de meses<i><font color="#006600"> (Posición Ocupacional en el CARGO 2)</font></i>	2812	Productor agrícola	SI	SI
1	31	11	IN	822	Mencione cuáles han sido los principales cargos u oficios que usted ha desempeñado desde que inició su experiencia laboral, especificando el tiempo en número de meses<i><font color="#006600"> (Posición Ocupacional en el CARGO 2)</font></i>	2813	Otro, ¿Cuál?	SI	SI
1	31	12	IN	823	Mencione cuáles han sido los principales cargos u oficios que usted ha desempeñado desde que inició su experiencia laboral, especificando el tiempo en número de meses<i><font color="#006600"> (nombre cargo 3)</font></i>	2445		SI	SI
1	31	13	IN	824	Mencione cuáles han sido los principales cargos u oficios que usted ha desempeñado desde que inició su experiencia laboral, especificando el tiempo en número de meses<i><font color="#006600"> (Duración cargo3)</font></i>	2446		SI	SI
1	31	14	IN	825	Mencione cuáles han sido los principales cargos u oficios que usted ha desempeñado desde que inició su experiencia laboral, especificando el tiempo en número de meses<i><font color="#006600"> (Posición Ocupacional en el CARGO 3)</font></i>	2447	Obrero o empleado de empresa particular	SI	SI
1	31	14	IN	825	Mencione cuáles han sido los principales cargos u oficios que usted ha desempeñado desde que inició su experiencia laboral, especificando el tiempo en número de meses<i><font color="#006600"> (Posición Ocupacional en el CARGO 3)</font></i>	2448	Obrero o empleado del gobierno	SI	SI
1	31	14	IN	825	Mencione cuáles han sido los principales cargos u oficios que usted ha desempeñado desde que inició su experiencia laboral, especificando el tiempo en número de meses<i><font color="#006600"> (Posición Ocupacional en el CARGO 3)</font></i>	2449	Empleado doméstico	SI	SI
1	31	14	IN	825	Mencione cuáles han sido los principales cargos u oficios que usted ha desempeñado desde que inició su experiencia laboral, especificando el tiempo en número de meses<i><font color="#006600"> (Posición Ocupacional en el CARGO 3)</font></i>	2450	Trabajador por cuenta propia	SI	SI
1	31	14	IN	825	Mencione cuáles han sido los principales cargos u oficios que usted ha desempeñado desde que inició su experiencia laboral, especificando el tiempo en número de meses<i><font color="#006600"> (Posición Ocupacional en el CARGO 3)</font></i>	2451	Patrón o empleador	SI	SI
1	31	14	IN	825	Mencione cuáles han sido los principales cargos u oficios que usted ha desempeñado desde que inició su experiencia laboral, especificando el tiempo en número de meses<i><font color="#006600"> (Posición Ocupacional en el CARGO 3)</font></i>	2452	Trabajador familiar sin remuneración	SI	SI
1	31	14	IN	825	Mencione cuáles han sido los principales cargos u oficios que usted ha desempeñado desde que inició su experiencia laboral, especificando el tiempo en número de meses<i><font color="#006600"> (Posición Ocupacional en el CARGO 3)</font></i>	2453	Trabajador sin remuneración en empresas o negocios de otros hogares	SI	SI
1	31	14	IN	825	Mencione cuáles han sido los principales cargos u oficios que usted ha desempeñado desde que inició su experiencia laboral, especificando el tiempo en número de meses<i><font color="#006600"> (Posición Ocupacional en el CARGO 3)</font></i>	2454	Jornalero o peón	SI	SI
1	31	14	IN	825	Mencione cuáles han sido los principales cargos u oficios que usted ha desempeñado desde que inició su experiencia laboral, especificando el tiempo en número de meses<i><font color="#006600"> (Posición Ocupacional en el CARGO 3)</font></i>	2814	Productor agrícola	SI	SI
1	31	14	IN	825	Mencione cuáles han sido los principales cargos u oficios que usted ha desempeñado desde que inició su experiencia laboral, especificando el tiempo en número de meses<i><font color="#006600"> (Posición Ocupacional en el CARGO 3)</font></i>	2815	Otro, ¿Cuál?	SI	SI
1	31	15	IN	831	¿En cuáles de los siguientes sectores económicos usted ha trabajado?	2488	Agricultura, ganadería, caza, silvicultura y pesca	SI	SI
1	31	15	IN	831	¿En cuáles de los siguientes sectores económicos usted ha trabajado?	2489	Explotación de minas y canteras	SI	SI
1	31	15	IN	831	¿En cuáles de los siguientes sectores económicos usted ha trabajado?	2490	Industrias manufactureras	SI	SI
1	31	15	IN	831	¿En cuáles de los siguientes sectores económicos usted ha trabajado?	2491	Suministro de electricidad, gas, vapor y aire acondicionado	SI	SI
1	31	15	IN	831	¿En cuáles de los siguientes sectores económicos usted ha trabajado?	2492	Distribución de agua; evacuación y tratamiento de aguas residuales, gestión de desechos y actividades de saneamiento ambiental	SI	SI
1	31	15	IN	831	¿En cuáles de los siguientes sectores económicos usted ha trabajado?	2493	Construcción	SI	SI
1	31	15	IN	831	¿En cuáles de los siguientes sectores económicos usted ha trabajado?	2494	Comercio al por mayor y al por menor; reparación de vehículos automotores y motocicletas	SI	SI
1	31	15	IN	831	¿En cuáles de los siguientes sectores económicos usted ha trabajado?	2495	Transporte y almacenamiento	SI	SI
1	31	15	IN	831	¿En cuáles de los siguientes sectores económicos usted ha trabajado?	2496	Alojamiento y servicios de comida	SI	SI
1	31	15	IN	831	¿En cuáles de los siguientes sectores económicos usted ha trabajado?	2497	Información y comunicaciones	SI	SI
1	31	15	IN	831	¿En cuáles de los siguientes sectores económicos usted ha trabajado?	2498	Actividades financieras y de seguros	SI	SI
1	31	15	IN	831	¿En cuáles de los siguientes sectores económicos usted ha trabajado?	2499	Actividades inmobiliarias	SI	SI
1	31	15	IN	831	¿En cuáles de los siguientes sectores económicos usted ha trabajado?	2500	Actividades profesionales, científicas y técnicas	SI	SI
1	31	15	IN	831	¿En cuáles de los siguientes sectores económicos usted ha trabajado?	2501	Actividades de servicios administrativos y de apoyo	SI	SI
1	31	15	IN	831	¿En cuáles de los siguientes sectores económicos usted ha trabajado?	2502	Administración pública y defensa; planes de seguridad social de afiliación obligatoria	SI	SI
1	31	15	IN	831	¿En cuáles de los siguientes sectores económicos usted ha trabajado?	2503	Educación	SI	SI
1	31	15	IN	831	¿En cuáles de los siguientes sectores económicos usted ha trabajado?	2504	Actividades de atención de la salud humana y de asistencia social	SI	SI
1	31	15	IN	831	¿En cuáles de los siguientes sectores económicos usted ha trabajado?	2505	Actividades artísticas, de entretenimiento y recreación	SI	SI
1	31	15	IN	831	¿En cuáles de los siguientes sectores económicos usted ha trabajado?	2506	Otras actividades de servicios	SI	SI
1	31	15	IN	831	¿En cuáles de los siguientes sectores económicos usted ha trabajado?	2507	Actividades de los hogares individuales en calidad de empleadores; actividades no diferenciadas de los hogares individuales como productores de bienes y servicios para uso propio	SI	SI
1	31	15	IN	831	¿En cuáles de los siguientes sectores económicos usted ha trabajado?	2508	Actividades de organizaciones y entidades extraterritoriales	SI	SI
1	31	15	IN	831	¿En cuáles de los siguientes sectores económicos usted ha trabajado?	2509	Ninguna	SI	SI
1	31	16	IN	826	¿Ha recibido cursos de capacitación para desempeñar los trabajos que usted relacionó anteriormente?¿Cuántos?	2455	Tres o más	SI	SI
1	31	16	IN	826	¿Ha recibido cursos de capacitación para desempeñar los trabajos que usted relacionó anteriormente?¿Cuántos?	2456	Dos	SI	SI
1	31	16	IN	826	¿Ha recibido cursos de capacitación para desempeñar los trabajos que usted relacionó anteriormente?¿Cuántos?	2622	Ninguno	SI	SI
1	31	16	IN	826	¿Ha recibido cursos de capacitación para desempeñar los trabajos que usted relacionó anteriormente?¿Cuántos?	2623	Uno	SI	SI
1	31	17	IN	827	¿Cuáles cursos de capacitación usted ha desarrollado para desempeñar los trabajos que usted relacionó anteriormente?(Primer Curso)	2457	Nombre del curso	SI	SI
1	31	17	IN	827	¿Cuáles cursos de capacitación usted ha desarrollado para desempeñar los trabajos que usted relacionó anteriormente?(Primer Curso)	2458	Institución	SI	SI
1	31	17	IN	827	¿Cuáles cursos de capacitación usted ha desarrollado para desempeñar los trabajos que usted relacionó anteriormente?(Primer Curso)	2459	Tipo	SI	SI
1	31	17	IN	827	¿Cuáles cursos de capacitación usted ha desarrollado para desempeñar los trabajos que usted relacionó anteriormente?(Primer Curso)	3788	¿Terminó y obtuvo certificación?(Si/No)	SI	SI
1	31	18	IN	828	¿Cuáles cursos de capacitación usted ha desarrollado para desempeñar los trabajos que usted relacionó anteriormente?(Segundo Curso)	2460	Nombre del curso	SI	SI
1	31	18	IN	828	¿Cuáles cursos de capacitación usted ha desarrollado para desempeñar los trabajos que usted relacionó anteriormente?(Segundo Curso)	2461	Institución	SI	SI
1	31	18	IN	828	¿Cuáles cursos de capacitación usted ha desarrollado para desempeñar los trabajos que usted relacionó anteriormente?(Segundo Curso)	2462	Tipo	SI	SI
1	31	18	IN	828	¿Cuáles cursos de capacitación usted ha desarrollado para desempeñar los trabajos que usted relacionó anteriormente?(Segundo Curso)	3789	¿Terminó y obtuvo certificación? (Si/No)	SI	SI
1	31	19	IN	829	¿Cuáles cursos de capacitación usted ha desarrollado para desempeñar los trabajos que usted relacionó anteriormente?(Tercer Curso)	2463	Nombre del curso	SI	SI
1	31	19	IN	829	¿Cuáles cursos de capacitación usted ha desarrollado para desempeñar los trabajos que usted relacionó anteriormente?(Tercer Curso)	2464	Institución	SI	SI
1	31	19	IN	829	¿Cuáles cursos de capacitación usted ha desarrollado para desempeñar los trabajos que usted relacionó anteriormente?(Tercer Curso)	2465	Tipo	SI	SI
1	31	19	IN	829	¿Cuáles cursos de capacitación usted ha desarrollado para desempeñar los trabajos que usted relacionó anteriormente?(Tercer Curso)	3790	¿Terminó y obtuvo certificación? (Si/No)	SI	SI
1	31	20	IN	830	¿En cuáles de los siguientes sectores económicos le gustaría trabajar?	2466	Agricultura, ganadería, caza, silvicultura y pesca	SI	SI
1	31	20	IN	830	¿En cuáles de los siguientes sectores económicos le gustaría trabajar?	2467	Explotación de minas y canteras	SI	SI
1	31	20	IN	830	¿En cuáles de los siguientes sectores económicos le gustaría trabajar?	2468	Industrias manufactureras	SI	SI
1	31	20	IN	830	¿En cuáles de los siguientes sectores económicos le gustaría trabajar?	2469	Suministro de electricidad, gas, vapor y aire acondicionado	SI	SI
1	31	20	IN	830	¿En cuáles de los siguientes sectores económicos le gustaría trabajar?	2470	Distribución de agua; evacuación y tratamiento de aguas residuales, gestión de desechos y actividades de saneamiento ambiental	SI	SI
1	31	20	IN	830	¿En cuáles de los siguientes sectores económicos le gustaría trabajar?	2471	Construcción	SI	SI
1	31	20	IN	830	¿En cuáles de los siguientes sectores económicos le gustaría trabajar?	2472	Comercio al por mayor y al por menor; reparación de vehículos automotores y motocicletas	SI	SI
1	31	20	IN	830	¿En cuáles de los siguientes sectores económicos le gustaría trabajar?	2473	Transporte y almacenamiento	SI	SI
1	31	20	IN	830	¿En cuáles de los siguientes sectores económicos le gustaría trabajar?	2474	Alojamiento y servicios de comida	SI	SI
1	31	20	IN	830	¿En cuáles de los siguientes sectores económicos le gustaría trabajar?	2475	Información y comunicaciones	SI	SI
1	31	20	IN	830	¿En cuáles de los siguientes sectores económicos le gustaría trabajar?	2476	Actividades financieras y de seguros	SI	SI
1	31	20	IN	830	¿En cuáles de los siguientes sectores económicos le gustaría trabajar?	2477	Actividades inmobiliarias	SI	SI
1	31	20	IN	830	¿En cuáles de los siguientes sectores económicos le gustaría trabajar?	2478	Actividades profesionales, científicas y técnicas	SI	SI
1	31	20	IN	830	¿En cuáles de los siguientes sectores económicos le gustaría trabajar?	2479	Actividades de servicios administrativos y de apoyo	SI	SI
1	31	20	IN	830	¿En cuáles de los siguientes sectores económicos le gustaría trabajar?	2480	Administración pública y defensa; planes de seguridad social de afiliación obligatoria	SI	SI
1	31	20	IN	830	¿En cuáles de los siguientes sectores económicos le gustaría trabajar?	2481	Educación	SI	SI
1	31	20	IN	830	¿En cuáles de los siguientes sectores económicos le gustaría trabajar?	2482	Actividades de atención de la salud humana y de asistencia social	SI	SI
1	31	20	IN	830	¿En cuáles de los siguientes sectores económicos le gustaría trabajar?	2483	Actividades artísticas, de entretenimiento y recreación	SI	SI
1	31	20	IN	830	¿En cuáles de los siguientes sectores económicos le gustaría trabajar?	2484	Otras actividades de servicios	SI	SI
1	31	20	IN	830	¿En cuáles de los siguientes sectores económicos le gustaría trabajar?	2485	Actividades de los hogares individuales en calidad de empleadores; actividades no diferenciadas de los hogares individuales como productores de bienes y servicios para uso propio	SI	SI
1	31	20	IN	830	¿En cuáles de los siguientes sectores económicos le gustaría trabajar?	2486	Actividades de organizaciones y entidades extraterritoriales	SI	SI
1	31	20	IN	830	¿En cuáles de los siguientes sectores económicos le gustaría trabajar?	2487	Ninguna	SI	SI
1	31	21	IN	1159	¿En qué tipo de cargo u oficio le gustaría desempeñarse laboralmente?	3791		SI	SI
1	31	22	IN	832	¿Cuál de los siguientes motivos considera que han sido una razón que le ha impedido capacitarse?	2510	Considera que no está en edad escolar	SI	SI
1	31	22	IN	832	¿Cuál de los siguientes motivos considera que han sido una razón que le ha impedido capacitarse?	2511	Considera que ya terminó	SI	SI
1	31	22	IN	832	¿Cuál de los siguientes motivos considera que han sido una razón que le ha impedido capacitarse?	2512	Falta de dinero o costos educativos elevados	SI	SI
1	31	22	IN	832	¿Cuál de los siguientes motivos considera que han sido una razón que le ha impedido capacitarse?	2513	Debe encargarse de los oficios del hogar (cuidado de niños y de otras personas del hogar:ancianos, personas discapacitadas, etc)	SI	SI
1	31	22	IN	832	¿Cuál de los siguientes motivos considera que han sido una razón que le ha impedido capacitarse?	2514	Por embarazo	SI	SI
1	31	22	IN	832	¿Cuál de los siguientes motivos considera que han sido una razón que le ha impedido capacitarse?	2515	Por inseguridad o malos tratos en el establecimiento educativo; inseguridad en el entorno del centro educativo o del lugar de residencia	SI	SI
1	31	22	IN	832	¿Cuál de los siguientes motivos considera que han sido una razón que le ha impedido capacitarse?	2516	Falta de cupo	SI	SI
1	31	22	IN	832	¿Cuál de los siguientes motivos considera que han sido una razón que le ha impedido capacitarse?	2517	No existe un centro educativo cercano o el establecimiento asignado es muy lejano	SI	SI
1	31	22	IN	832	¿Cuál de los siguientes motivos considera que han sido una razón que le ha impedido capacitarse?	2518	Necesita trabajar	SI	SI
1	31	22	IN	832	¿Cuál de los siguientes motivos considera que han sido una razón que le ha impedido capacitarse?	2519	No le gusta o no le interesa el estudio	SI	SI
1	31	22	IN	832	¿Cuál de los siguientes motivos considera que han sido una razón que le ha impedido capacitarse?	2520	Por enfermedad	SI	SI
1	31	22	IN	832	¿Cuál de los siguientes motivos considera que han sido una razón que le ha impedido capacitarse?	2521	Necesita educación especial	SI	SI
1	31	22	IN	832	¿Cuál de los siguientes motivos considera que han sido una razón que le ha impedido capacitarse?	2522	Tuvieron que abandonar el lugar de residencia habitual	SI	SI
1	31	22	IN	832	¿Cuál de los siguientes motivos considera que han sido una razón que le ha impedido capacitarse?	2523	Sus padres o la persona encargada de su cuidado no lo considera importante	SI	SI
1	31	22	IN	832	¿Cuál de los siguientes motivos considera que han sido una razón que le ha impedido capacitarse?	2524	Por situaciones académicas (bajos resultados en el periodo académico, repetición de cursos)	SI	SI
1	31	22	IN	832	¿Cuál de los siguientes motivos considera que han sido una razón que le ha impedido capacitarse?	2525	Otra razón, ¿cuál?	SI	SI
1	31	22	IN	832	¿Cuál de los siguientes motivos considera que han sido una razón que le ha impedido capacitarse?	3844	A causa del hecho victimizante	SI	SI
1	31	22	IN	832	¿Cuál de los siguientes motivos considera que han sido una razón que le ha impedido capacitarse?	3845	Dificultades de conectividad	SI	SI
1	31	23	IN	833	¿Alguna vez ha llevado a cabo una iniacitiva de negocio propio o ha participado en alguna?	2526	Sí	SI	SI
1	31	23	IN	833	¿Alguna vez ha llevado a cabo una iniacitiva de negocio propio o ha participado en alguna?	2527	No	SI	SI
1	31	24	IN	840	¿Actualmente se encuentra activo su negocio?	2562	Sí	SI	SI
1	31	24	IN	840	¿Actualmente se encuentra activo su negocio?	2563	No	SI	SI
1	31	25	IN	834	Describa brevemente la actividad económica que realiza el negocio	2528		SI	SI
1	31	26	IN	835	¿Cuánto tiempo ha estado activo su negocio?	2529	Menos de un (1) año	SI	SI
1	31	26	IN	835	¿Cuánto tiempo ha estado activo su negocio?	2530	Entre 1 y 3 años	SI	SI
1	31	26	IN	835	¿Cuánto tiempo ha estado activo su negocio?	2531	Entre 3 y 5 años	SI	SI
1	31	26	IN	835	¿Cuánto tiempo ha estado activo su negocio?	2532	Más de 5 años	SI	SI
1	31	27	IN	836	¿durante este periodo su negocio se ha visto afectado por un cierre temporal?	2533	Sí	SI	SI
1	31	27	IN	836	¿durante este periodo su negocio se ha visto afectado por un cierre temporal?	2534	No	SI	SI
1	31	28	IN	837	¿Cuál es su vinculación con el negocio?	2535	Dueño o gerente	SI	SI
1	31	28	IN	837	¿Cuál es su vinculación con el negocio?	2536	Negocio familiar	SI	SI
1	31	28	IN	837	¿Cuál es su vinculación con el negocio?	2537	Asociación o cooperativa	SI	SI
1	31	28	IN	837	¿Cuál es su vinculación con el negocio?	2538	Otro, ¿Cuál?	SI	SI
1	31	29	IN	838	¿Recibió apoyo económico de alguna institución para iniciar su negocio?	2539	Sí ¿Cuál?	SI	SI
1	31	29	IN	838	¿Recibió apoyo económico de alguna institución para iniciar su negocio?	2540	No	SI	SI
1	31	30	IN	839	¿Cuál de las siguientes actividades económicas desempeña su negocio?	2541	Agricultura, ganadería, caza, silvicultura y pesca	SI	SI
1	31	30	IN	839	¿Cuál de las siguientes actividades económicas desempeña su negocio?	2542	Explotación de minas y canteras	SI	SI
1	31	30	IN	839	¿Cuál de las siguientes actividades económicas desempeña su negocio?	2543	Industrias manufactureras	SI	SI
1	31	30	IN	839	¿Cuál de las siguientes actividades económicas desempeña su negocio?	2544	Suministro de electricidad, gas, vapor y aire acondicionado	SI	SI
1	31	30	IN	839	¿Cuál de las siguientes actividades económicas desempeña su negocio?	2545	Distribución de agua; evacuación y tratamiento de aguas residuales, gestión de desechos y actividades de saneamiento ambiental	SI	SI
1	31	30	IN	839	¿Cuál de las siguientes actividades económicas desempeña su negocio?	2546	Construcción	SI	SI
1	31	30	IN	839	¿Cuál de las siguientes actividades económicas desempeña su negocio?	2547	Comercio al por mayor y al por menor; reparación de vehículos automotores y motocicletas	SI	SI
1	31	30	IN	839	¿Cuál de las siguientes actividades económicas desempeña su negocio?	2548	Transporte y almacenamiento	SI	SI
1	31	30	IN	839	¿Cuál de las siguientes actividades económicas desempeña su negocio?	2549	Alojamiento y servicios de comida	SI	SI
1	31	30	IN	839	¿Cuál de las siguientes actividades económicas desempeña su negocio?	2550	Información y comunicaciones	SI	SI
1	31	30	IN	839	¿Cuál de las siguientes actividades económicas desempeña su negocio?	2551	Actividades financieras y de seguros	SI	SI
1	31	30	IN	839	¿Cuál de las siguientes actividades económicas desempeña su negocio?	2552	Actividades inmobiliarias	SI	SI
1	31	30	IN	839	¿Cuál de las siguientes actividades económicas desempeña su negocio?	2553	Actividades profesionales, científicas y técnicas	SI	SI
1	31	30	IN	839	¿Cuál de las siguientes actividades económicas desempeña su negocio?	2554	Actividades de servicios administrativos y de apoyo	SI	SI
1	31	30	IN	839	¿Cuál de las siguientes actividades económicas desempeña su negocio?	2555	Administración pública y defensa; planes de seguridad social de afiliación obligatoria	SI	SI
1	31	30	IN	839	¿Cuál de las siguientes actividades económicas desempeña su negocio?	2556	Educación	SI	SI
1	31	30	IN	839	¿Cuál de las siguientes actividades económicas desempeña su negocio?	2557	Actividades de atención de la salud humana y de asistencia social	SI	SI
1	31	30	IN	839	¿Cuál de las siguientes actividades económicas desempeña su negocio?	2558	Actividades artísticas, de entretenimiento y recreación	SI	SI
1	31	30	IN	839	¿Cuál de las siguientes actividades económicas desempeña su negocio?	2559	Otras actividades de servicios	SI	SI
1	31	30	IN	839	¿Cuál de las siguientes actividades económicas desempeña su negocio?	2560	Actividades de los hogares individuales en calidad de empleadores; actividades no diferenciadas de los hogares individuales como productores de bienes y servicios para uso propio	SI	SI
1	31	30	IN	839	¿Cuál de las siguientes actividades económicas desempeña su negocio?	2561	Actividades de organizaciones y entidades extraterritoriales	SI	SI
1	31	30	IN	839	¿Cuál de las siguientes actividades económicas desempeña su negocio?	3792	Ninguna	SI	SI
1	31	31	GE	841	¿Dónde se encuentra su negocio?	2564		SI	SI
1	31	32	IN	842	¿Dónde se encuentra su negocio?	2566	Urbano	SI	SI
1	31	32	IN	842	¿Dónde se encuentra su negocio?	2567	Rural	SI	SI
1	31	33	IN	843	¿Cuál fue el principal motivo por el que usted tuvo que cerrar su negocio?	2568	Falta de recursos económicos	SI	SI
1	31	33	IN	843	¿Cuál fue el principal motivo por el que usted tuvo que cerrar su negocio?	2569	Falta de tiempo	SI	SI
1	31	33	IN	843	¿Cuál fue el principal motivo por el que usted tuvo que cerrar su negocio?	2570	Traslado de domicilio	SI	SI
1	31	33	IN	843	¿Cuál fue el principal motivo por el que usted tuvo que cerrar su negocio?	2571	Enfermedad	SI	SI
1	31	33	IN	843	¿Cuál fue el principal motivo por el que usted tuvo que cerrar su negocio?	2572	Dificultades en la comercialización y venta de los productos	SI	SI
1	31	33	IN	843	¿Cuál fue el principal motivo por el que usted tuvo que cerrar su negocio?	2573	Pago de impuestos	SI	SI
1	31	33	IN	843	¿Cuál fue el principal motivo por el que usted tuvo que cerrar su negocio?	2574	Falta de conocimiento en algún área del negocio	SI	SI
1	31	33	IN	843	¿Cuál fue el principal motivo por el que usted tuvo que cerrar su negocio?	2575	Diferencias entre socios y/o familiares	SI	SI
1	31	33	IN	843	¿Cuál fue el principal motivo por el que usted tuvo que cerrar su negocio?	2576	Labores de cuidado (hijos, adulto mayor, entre otros)	SI	SI
1	31	33	IN	843	¿Cuál fue el principal motivo por el que usted tuvo que cerrar su negocio?	2577	Otro ¿Cuál?	SI	SI
1	31	33	IN	843	¿Cuál fue el principal motivo por el que usted tuvo que cerrar su negocio?	3753	Paga diarios	SI	SI
1	31	33	IN	843	¿Cuál fue el principal motivo por el que usted tuvo que cerrar su negocio?	3754	Extorsión	SI	SI
1	31	34	IN	844	Pensando en su experiencia personal, ¿Qué lo motivó a crear su negocio?	2578	Subsistencia	SI	SI
1	31	34	IN	844	Pensando en su experiencia personal, ¿Qué lo motivó a crear su negocio?	2579	Continuar con el negocio familiar	SI	SI
1	31	34	IN	844	Pensando en su experiencia personal, ¿Qué lo motivó a crear su negocio?	2580	Desempleo	SI	SI
1	31	34	IN	844	Pensando en su experiencia personal, ¿Qué lo motivó a crear su negocio?	2581	Aumentar los ingresos	SI	SI
1	31	34	IN	844	Pensando en su experiencia personal, ¿Qué lo motivó a crear su negocio?	2582	Por inversión	SI	SI
1	31	34	IN	844	Pensando en su experiencia personal, ¿Qué lo motivó a crear su negocio?	2583	Aplicar conocimientos	SI	SI
1	31	34	IN	844	Pensando en su experiencia personal, ¿Qué lo motivó a crear su negocio?	2584	Tiene experiencia previa en esta actividad de negocio	SI	SI
1	31	34	IN	844	Pensando en su experiencia personal, ¿Qué lo motivó a crear su negocio?	2585	Otro ¿Cuál?	SI	SI
1	31	35	IN	845	¿Conoce servicios ofrecidos por alguna insititución para apoyar su negocio?	2586	Sí ¿Cuáles?	SI	SI
1	31	35	IN	845	¿Conoce servicios ofrecidos por alguna insititución para apoyar su negocio?	2587	No	SI	SI
1	31	36	IN	846	¿Ha utilizado alguno de los servicios que acaba de mencionar?	2588	Sí ¿Cuáles?	SI	SI
1	31	36	IN	846	¿Ha utilizado alguno de los servicios que acaba de mencionar?	2589	No	SI	SI
1	31	37	IN	847	¿De qué insititución?	2590		SI	SI
1	31	38	IN	848	¿Por cuánto tiempo? (expresar en meses)	2591		SI	SI
1	31	39	IN	849	¿… hace parte de una organización productiva?	2592	Otro ¿Cuál?	SI	SI
1	31	39	IN	849	¿… hace parte de una organización productiva?	2593	Ninguna	SI	SI
1	31	39	IN	849	¿… hace parte de una organización productiva?	3793	Cooperativa ¿Cuál?	SI	SI
1	31	39	IN	849	¿… hace parte de una organización productiva?	3794	Gremio ¿Cuál?	SI	SI
1	31	39	IN	849	¿… hace parte de una organización productiva?	3795	Sindicato ¿Cuál?	SI	SI
1	31	40	GE	850	Observaciones a este capítulo	2595		SI	SI
1	32	1	IN	851	Por favor indique cual es su vinculación actual dentro de la Fuerza Pública:	2596	Activo	SI	SI
1	32	1	IN	851	Por favor indique cual es su vinculación actual dentro de la Fuerza Pública:	2597	Con asignación de retiro	SI	SI
1	32	1	IN	851	Por favor indique cual es su vinculación actual dentro de la Fuerza Pública:	2598	Retirado	SI	SI
1	32	1	IN	851	Por favor indique cual es su vinculación actual dentro de la Fuerza Pública:	2599	Licenciamiento	SI	SI
1	32	2	IN	852	Actualmente usted se encuentra en:	2600	Carrera Militar	SI	SI
1	32	2	IN	852	Actualmente usted se encuentra en:	2601	Carrera Policial	SI	SI
1	32	2	IN	852	Actualmente usted se encuentra en:	2602	Ninguna	SI	SI
1	32	2	IN	852	Actualmente usted se encuentra en:	2603	Prestación de Servicio Militar o Policial	SI	SI
1	32	3	IN	853	En el momento del hecho victimizante usted era parte de:	2604	Ejército	SI	SI
1	32	3	IN	853	En el momento del hecho victimizante usted era parte de:	2605	Fuerza aérea	SI	SI
1	32	3	IN	853	En el momento del hecho victimizante usted era parte de:	2606	Armada Nacional	SI	SI
1	32	3	IN	853	En el momento del hecho victimizante usted era parte de:	2607	Policía Nacional	SI	SI
1	32	3	IN	853	En el momento del hecho victimizante usted era parte de:	2608	Ninguna	SI	SI
1	32	4	IN	854	¿Prestó servicio militar?	2609	Sí	SI	SI
1	32	4	IN	854	¿Prestó servicio militar?	2610	No	SI	SI
1	32	5	IN	855	¿Usted presta o prestó el servicio obligatorio en: ?	2611	Fuerzas Militares	SI	SI
1	32	5	IN	855	¿Usted presta o prestó el servicio obligatorio en: ?	2612	Policía Nacional	SI	SI
1	32	6	IN	856	¿Cuál fue la fecha de incorporación para la prestación del servicio obligatorio de las fuerzas militares o policía nacional?	2613		SI	SI
1	32	7	IN	857	¿Cuál es la fecha de licenciamiento del servicio obligatorio de la fuerza Militar o la Policía Nacional?	2614		SI	SI
1	32	8	IN	858	¿Cuál fue la fecha de ingreso a la carrera Militar o Policial?	2615		SI	SI
1	32	9	IN	859	¿Fecha de retiro de carrera Militar o Policial?	2616		SI	SI
1	32	10	IN	860	¿Usted es retirado de cual de las siguientes instituciones?	2617	Ejército	SI	SI
1	32	10	IN	860	¿Usted es retirado de cual de las siguientes instituciones?	2618	Fuerza aérea	SI	SI
1	32	10	IN	860	¿Usted es retirado de cual de las siguientes instituciones?	2619	Armada Nacional	SI	SI
1	32	10	IN	860	¿Usted es retirado de cual de las siguientes instituciones?	2620	Policía Nacional	SI	SI
1	32	11	GE	861	Observaciones a este capítulo	2621		SI	SI
1	33	1	GE	1209	¿Por cuáles de los siguientes motivos mantiene una relación urbano-rural?	3974	PARA LOGRAR EL ABASTECIMIENTO DE ALIMENTOS	SI	SI
1	33	1	GE	1209	¿Por cuáles de los siguientes motivos mantiene una relación urbano-rural?	3975	PARA MANTENER LOS VÍNCULOS FAMILIARES Y SOCIALES 	SI	SI
1	33	1	GE	1209	¿Por cuáles de los siguientes motivos mantiene una relación urbano-rural?	3976	POR MOTIVOS CULTURALES Y ESPIRITUALES	SI	SI
1	33	1	GE	1209	¿Por cuáles de los siguientes motivos mantiene una relación urbano-rural?	3977	OTROS MOTIVOS	SI	SI
1	33	1	GE	1209	¿Por cuáles de los siguientes motivos mantiene una relación urbano-rural?	3978	NO MANTIENE RELACIÓN URBANO-RURAL	SI	SI
1	33	2	GE	900	A su hogar se le ha adjudicado materialmente terreno/lote/predio/habitación	2742	Sí	SI	SI
1	33	2	GE	900	A su hogar se le ha adjudicado materialmente terreno/lote/predio/habitación	2743	No dispongo de terreno/lote/predio de manera formal ni informal	SI	SI
1	33	3	GE	901	Este terreno o predio es parte de un:	2744	Resguardo Indígena	SI	SI
1	33	3	GE	901	Este terreno o predio es parte de un:	2745	Territorios de ocupación colectiva comunidades indígenas sin titulación	SI	SI
1	33	3	GE	901	Este terreno o predio es parte de un:	2746	Territorios colectivos de comunidades negras	SI	SI
1	33	3	GE	901	Este terreno o predio es parte de un:	2747	Territorios de ocupación colectiva de comunidades negras sin titulación	SI	SI
1	33	3	GE	901	Este terreno o predio es parte de un:	2748	Ninguno de los anteriores	SI	SI
1	33	3	GE	901	Este terreno o predio es parte de un:	4521	Territorios Ancestralmente habitados	SI	SI
1	33	3	GE	901	Este terreno o predio es parte de un:	4522	Territorios Ganados al mar	SI	SI
1	33	4	GE	902	¿Cuál es la forma de tenencia de la tierra de este predio?	2749	Propia	SI	SI
1	33	4	GE	902	¿Cuál es la forma de tenencia de la tierra de este predio?	2750	Arriendo	SI	SI
1	33	4	GE	902	¿Cuál es la forma de tenencia de la tierra de este predio?	2751	Aparcería	SI	SI
1	33	4	GE	902	¿Cuál es la forma de tenencia de la tierra de este predio?	2752	Usufructo	SI	SI
1	33	4	GE	902	¿Cuál es la forma de tenencia de la tierra de este predio?	2753	Comodato	SI	SI
1	33	4	GE	902	¿Cuál es la forma de tenencia de la tierra de este predio?	2754	Ocupación de hecho	SI	SI
1	33	4	GE	902	¿Cuál es la forma de tenencia de la tierra de este predio?	2755	Propiedad Colectiva	SI	SI
1	33	4	GE	902	¿Cuál es la forma de tenencia de la tierra de este predio?	2756	Adjudicatario o comunero	SI	SI
1	33	4	GE	902	¿Cuál es la forma de tenencia de la tierra de este predio?	2757	Otra forma de tenencia	SI	SI
1	33	4	GE	902	¿Cuál es la forma de tenencia de la tierra de este predio?	2758	No sabe	SI	SI
1	33	4	GE	902	¿Cuál es la forma de tenencia de la tierra de este predio?	4523	Asentamientos en territorios ganados al mar sin titulación	SI	SI
1	33	5	GE	904	Cuáles son las principales actividades que se realizan en el predio o lugar con el que mantiene la relación urbano-rural	2761	Actividades agrícolas productivas	SI	SI
1	33	5	GE	904	Cuáles son las principales actividades que se realizan en el predio o lugar con el que mantiene la relación urbano-rural	2762	Actividades pecuarias productivas	SI	SI
1	33	5	GE	904	Cuáles son las principales actividades que se realizan en el predio o lugar con el que mantiene la relación urbano-rural	2763	Actividades agropecuarias productivas	SI	SI
1	33	5	GE	904	Cuáles son las principales actividades que se realizan en el predio o lugar con el que mantiene la relación urbano-rural	2764	Actividades tradicionales (caza, pesca y recolección)	SI	SI
1	33	6	GE	905	El principal destino de la producción final es:	2765	Autoconsumo	SI	SI
1	33	6	GE	905	El principal destino de la producción final es:	2766	Intercambio o trueque	SI	SI
1	33	6	GE	905	El principal destino de la producción final es:	2767	Venta de producto en el lote	SI	SI
1	33	6	GE	905	El principal destino de la producción final es:	2768	Venta a cooperativa	SI	SI
1	33	6	GE	905	El principal destino de la producción final es:	2769	Venta a central de abastos	SI	SI
1	33	6	GE	905	El principal destino de la producción final es:	2770	Venta directa en plaza de mercado	SI	SI
1	33	6	GE	905	El principal destino de la producción final es:	2771	Venta a comercializador	SI	SI
1	33	6	GE	905	El principal destino de la producción final es:	2772	Venta a tienda, supermercado o grandes superficies	SI	SI
1	33	6	GE	905	El principal destino de la producción final es:	2773	Venta a mercado internacional	SI	SI
1	33	6	GE	905	El principal destino de la producción final es:	2774	Para la industria	SI	SI
1	33	6	GE	905	El principal destino de la producción final es:	2775	Otros destinos	SI	SI
1	33	7	GE	906	¿Cuál es la extensión del predio  (Héctareas o metros cuadrados)?	2776		SI	SI
1	33	8	GE	907	¿En el predio en el que usted produce y/o habita existen alguno(s) de los siguientes a factores de riesgos?	2777	Contaminación por minería ilegal	SI	SI
1	33	8	GE	907	¿En el predio en el que usted produce y/o habita existen alguno(s) de los siguientes a factores de riesgos?	2778	Exploración y explotación minero-energética (petróleo, gas etc) (minería legal)	SI	SI
1	33	8	GE	907	¿En el predio en el que usted produce y/o habita existen alguno(s) de los siguientes a factores de riesgos?	2779	Presencia de campamentos de actores armados ilegales o bases militares	SI	SI
1	33	8	GE	907	¿En el predio en el que usted produce y/o habita existen alguno(s) de los siguientes a factores de riesgos?	2780	Combates o bombardeos	SI	SI
1	33	8	GE	907	¿En el predio en el que usted produce y/o habita existen alguno(s) de los siguientes a factores de riesgos?	2781	Restricciones a la movilidad – Confinamiento	SI	SI
1	33	8	GE	907	¿En el predio en el que usted produce y/o habita existen alguno(s) de los siguientes a factores de riesgos?	2782	Presencia de Minas antipersonales MAP, Municiones sin explotar -MUSE artefactos improvisados explosivos AIE, etc	SI	SI
1	33	8	GE	907	¿En el predio en el que usted produce y/o habita existen alguno(s) de los siguientes a factores de riesgos?	2783	Megaproyectos de infraestructura y/o turísticos (represas, hotelería etc)	SI	SI
1	33	8	GE	907	¿En el predio en el que usted produce y/o habita existen alguno(s) de los siguientes a factores de riesgos?	2784	Ganadería extensiva	SI	SI
1	33	8	GE	907	¿En el predio en el que usted produce y/o habita existen alguno(s) de los siguientes a factores de riesgos?	2785	Presencia de cultivos ilícitos	SI	SI
1	33	8	GE	907	¿En el predio en el que usted produce y/o habita existen alguno(s) de los siguientes a factores de riesgos?	2786	Aspersiones y/o fumigaciones aéreas para erradicación de cultivos ilícitos	SI	SI
1	33	8	GE	907	¿En el predio en el que usted produce y/o habita existen alguno(s) de los siguientes a factores de riesgos?	2787	Rutas de tránsito de drogas y/o armas	SI	SI
1	33	8	GE	907	¿En el predio en el que usted produce y/o habita existen alguno(s) de los siguientes a factores de riesgos?	2788	Actividades de explotación maderera	SI	SI
1	33	8	GE	907	¿En el predio en el que usted produce y/o habita existen alguno(s) de los siguientes a factores de riesgos?	2789	Otro ¿Cuál?	SI	SI
1	33	9	GE	908	Observaciones	2790		SI	SI
1	42	1	IN	1181	Observaciones iniciales	3863		SI	SI
1	42	2	IN	1171	¿Está interesado en vincularse a programas de?	3825	Orientación ocupacional	SI	SI
1	42	2	IN	1171	¿Está interesado en vincularse a programas de?	3826	Educación y o formación para el trabajo	SI	SI
1	42	2	IN	1171	¿Está interesado en vincularse a programas de?	3827	Empleabilidad	SI	SI
1	42	2	IN	1171	¿Está interesado en vincularse a programas de?	3828	Fortalecimiento de negocios	SI	SI
1	42	2	IN	1171	¿Está interesado en vincularse a programas de?	3829	Emprendimientos	SI	SI
1	42	2	IN	1171	¿Está interesado en vincularse a programas de?	3830	Ninguna	SI	SI
1	42	2	IN	1171	¿Está interesado en vincularse a programas de?	3831	No sabe/No responde	SI	SI
1	42	3	IN	1172	Cual? (Educación y o formación para el trabajo)	3832	Titulada – SENA	SI	SI
1	42	3	IN	1172	Cual? (Educación y o formación para el trabajo)	3833	Complementaria – SENA	SI	SI
1	42	3	IN	1172	Cual? (Educación y o formación para el trabajo)	3834	Otra	SI	SI
1	42	4	IN	1173	Cual? (Empleabilidad)	3835	Intermediación laboral	SI	SI
1	42	4	IN	1173	Cual? (Empleabilidad)	3836	Certificación de competencias laborales - SENA	SI	SI
1	42	4	IN	1173	Cual? (Empleabilidad)	3837	Otra	SI	SI
1	42	5	IN	1174	Cual? (Fortalecimiento de negocios )	3838	Asistencia técnica - SENA	SI	SI
1	42	5	IN	1174	Cual? (Fortalecimiento de negocios )	3839	Otra	SI	SI
1	42	6	IN	1175	Cual? (Emprendimientos )	3840	Asesoría (sensibilización al emprendimiento- formulación de planes de negocio)– SENA	SI	SI
1	42	6	IN	1175	Cual? (Emprendimientos )	3841	Apoyo económico para nuevos emprendimientos	SI	SI
1	42	6	IN	1175	Cual? (Emprendimientos )	3842	Otra 	SI	SI
1	42	7	GE	1176	Observaciones a este capitulo	3843		SI	SI
1	43	1	IN	1178	Según lo que usted ha vivido por el conflicto armado ¿Considera que requiere acompañamiento o atención psicosocial?	3859	Sí	SI	SI
1	43	1	IN	1178	Según lo que usted ha vivido por el conflicto armado ¿Considera que requiere acompañamiento o atención psicosocial?	3860	No	SI	SI
1	43	2	GE	1179	Observaciones a este capítulo	3861		SI	SI
1	44	1	IN	1210	OBSERVACIONES INICIALES	3979		SI	SI
1	44	2	GE	1186	¿EN CADA HABITACIÓN DESTINADA PARA DORMIR HAY POR LO MENOS UNA VENTANA?	3887	Sí	SI	SI
1	44	2	GE	1186	¿EN CADA HABITACIÓN DESTINADA PARA DORMIR HAY POR LO MENOS UNA VENTANA?	3888	No	SI	SI
1	44	3	GE	1187	¿EN LOS ÚLTIMOS SIETE DÍAS, CONTANDO EL DÍA DE AYER, ALGÚN MIEMBRO DEL HOGAR DEJÓ DE DESAYUNAR, ALMORZAR O MERENDAR POR FALTA DE DINERO? ¿CON QUÉ FRECUENCIA?	3889	Sí, Cuántos días?	SI	SI
1	44	3	GE	1187	¿EN LOS ÚLTIMOS SIETE DÍAS, CONTANDO EL DÍA DE AYER, ALGÚN MIEMBRO DEL HOGAR DEJÓ DE DESAYUNAR, ALMORZAR O MERENDAR POR FALTA DE DINERO? ¿CON QUÉ FRECUENCIA?	3890	No	SI	SI
1	44	4	IN	1188	INDIQUE POR FAVOR EL TIPO DE REMEDIOS CASEROS / FORMA EN QUE SE AUTORRECETÓ	3891	MEDICINA TRADICIONAL	SI	SI
1	44	4	IN	1188	INDIQUE POR FAVOR EL TIPO DE REMEDIOS CASEROS / FORMA EN QUE SE AUTORRECETÓ	3892	MEDICINA ALOPÁTICA/OCCIDENTAL 	SI	SI
1	44	5	IN	1189	¿A CUÁL DE LOS SIGUIENTES PROGRAMAS DE PROMOCIÓN EN SALUD ASISTIÓ EN LOS ÚLTIMOS 12 MESES? 	3893	ATENCIÓN EN PLANIFICACIÓN FAMILIAR	SI	SI
1	44	5	IN	1189	¿A CUÁL DE LOS SIGUIENTES PROGRAMAS DE PROMOCIÓN EN SALUD ASISTIÓ EN LOS ÚLTIMOS 12 MESES? 	3894	ATENCIÓN PREVENTIVA EN SALUD ORAL	SI	SI
1	44	5	IN	1189	¿A CUÁL DE LOS SIGUIENTES PROGRAMAS DE PROMOCIÓN EN SALUD ASISTIÓ EN LOS ÚLTIMOS 12 MESES? 	3895	VACUNACIÓN	SI	SI
1	44	5	IN	1189	¿A CUÁL DE LOS SIGUIENTES PROGRAMAS DE PROMOCIÓN EN SALUD ASISTIÓ EN LOS ÚLTIMOS 12 MESES? 	3896	A NINGUNO	SI	SI
1	44	5	IN	1189	¿A CUÁL DE LOS SIGUIENTES PROGRAMAS DE PROMOCIÓN EN SALUD ASISTIÓ EN LOS ÚLTIMOS 12 MESES? 	3897	OTRO, ¿CUÁL?	SI	SI
1	44	6	IN	1190	¿POR QUÉ NO ASISTIÓ? 	3898	NO LOS CONOCÍA	SI	SI
1	44	6	IN	1190	¿POR QUÉ NO ASISTIÓ? 	3899	QUEDA MUY LEJOS	SI	SI
1	44	6	IN	1190	¿POR QUÉ NO ASISTIÓ? 	3900	NO HUBO PROMOCIÓN EN SALUD / NO EXISTEN LOS PROGRAMAS	SI	SI
1	44	6	IN	1190	¿POR QUÉ NO ASISTIÓ? 	3901	OTRO, ¿CUÁL?	SI	SI
1	44	7	IN	1191	¿QUÉ MÉTODOS CONOCE… O DE CUALES HA OÍDO HABLAR PARA EVITAR UN EMBARAZO? 	3902	LIGADURA DE TROMPAS	SI	SI
1	44	7	IN	1191	¿QUÉ MÉTODOS CONOCE… O DE CUALES HA OÍDO HABLAR PARA EVITAR UN EMBARAZO? 	3903	VASECTOMÍA	SI	SI
1	44	7	IN	1191	¿QUÉ MÉTODOS CONOCE… O DE CUALES HA OÍDO HABLAR PARA EVITAR UN EMBARAZO? 	3904	PÍLDORA	SI	SI
1	44	7	IN	1191	¿QUÉ MÉTODOS CONOCE… O DE CUALES HA OÍDO HABLAR PARA EVITAR UN EMBARAZO? 	3905	DIU	SI	SI
1	44	7	IN	1191	¿QUÉ MÉTODOS CONOCE… O DE CUALES HA OÍDO HABLAR PARA EVITAR UN EMBARAZO? 	3906	INYECCIÓN	SI	SI
1	44	7	IN	1191	¿QUÉ MÉTODOS CONOCE… O DE CUALES HA OÍDO HABLAR PARA EVITAR UN EMBARAZO? 	3907	CONDÓN	SI	SI
1	44	7	IN	1191	¿QUÉ MÉTODOS CONOCE… O DE CUALES HA OÍDO HABLAR PARA EVITAR UN EMBARAZO? 	3908	MÉTODOS NATURALES	SI	SI
1	44	7	IN	1191	¿QUÉ MÉTODOS CONOCE… O DE CUALES HA OÍDO HABLAR PARA EVITAR UN EMBARAZO? 	3909	OTROS	SI	SI
1	44	7	IN	1191	¿QUÉ MÉTODOS CONOCE… O DE CUALES HA OÍDO HABLAR PARA EVITAR UN EMBARAZO? 	3910	NINGUNO	SI	SI
1	44	7	IN	1191	¿QUÉ MÉTODOS CONOCE… O DE CUALES HA OÍDO HABLAR PARA EVITAR UN EMBARAZO? 	3911	NO SABE/NO RESPONDE	SI	SI
1	44	8	IN	1192	¿CUÁLES MÉTODOS DE PLANIFICACIÓN FAMILIAR UTILIZA?	3912	LIGADURA DE TROMPAS	SI	SI
1	44	8	IN	1192	¿CUÁLES MÉTODOS DE PLANIFICACIÓN FAMILIAR UTILIZA?	3913	VASECTOMÍA	SI	SI
1	44	8	IN	1192	¿CUÁLES MÉTODOS DE PLANIFICACIÓN FAMILIAR UTILIZA?	3914	PÍLDORA	SI	SI
1	44	8	IN	1192	¿CUÁLES MÉTODOS DE PLANIFICACIÓN FAMILIAR UTILIZA?	3915	DIU	SI	SI
1	44	8	IN	1192	¿CUÁLES MÉTODOS DE PLANIFICACIÓN FAMILIAR UTILIZA?	3916	INYECCIÓN	SI	SI
1	44	8	IN	1192	¿CUÁLES MÉTODOS DE PLANIFICACIÓN FAMILIAR UTILIZA?	3917	CONDÓN	SI	SI
1	44	8	IN	1192	¿CUÁLES MÉTODOS DE PLANIFICACIÓN FAMILIAR UTILIZA?	3918	MÉTODOS NATURALES	SI	SI
1	44	8	IN	1192	¿CUÁLES MÉTODOS DE PLANIFICACIÓN FAMILIAR UTILIZA?	3919	OTROS	SI	SI
1	44	8	IN	1192	¿CUÁLES MÉTODOS DE PLANIFICACIÓN FAMILIAR UTILIZA?	3920	NINGUNO	SI	SI
1	44	8	IN	1192	¿CUÁLES MÉTODOS DE PLANIFICACIÓN FAMILIAR UTILIZA?	3921	NO SABE/NO RESPONDE	SI	SI
1	44	9	IN	1193	¿CONOCE MÉTODOS PARA LA PREVENCIÓN DE ENFERMEDADES DE TRANSMISIÓN SEXUAL? 	3922	Sí	SI	SI
1	44	9	IN	1193	¿CONOCE MÉTODOS PARA LA PREVENCIÓN DE ENFERMEDADES DE TRANSMISIÓN SEXUAL? 	3923	No	SI	SI
1	44	10	IN	1194	¿HUBO ALGÚN PARTO EN EL HOGAR EN LOS ÚLTIMOS 12 MESES?	3924	SÍ	SI	SI
1	44	10	IN	1194	¿HUBO ALGÚN PARTO EN EL HOGAR EN LOS ÚLTIMOS 12 MESES?	3925	No	SI	SI
1	44	11	IN	1195	¿DÓNDE ATENDIERON EL PARTO?	3926	PARTERA	SI	SI
1	44	11	IN	1195	¿DÓNDE ATENDIERON EL PARTO?	3927	MÉDICO EN CASA	SI	SI
1	44	11	IN	1195	¿DÓNDE ATENDIERON EL PARTO?	3928	CENTRO DE SALUD	SI	SI
1	44	11	IN	1195	¿DÓNDE ATENDIERON EL PARTO?	3929	CLÍNICA U HOSPITAL	SI	SI
1	44	11	IN	1195	¿DÓNDE ATENDIERON EL PARTO?	3930	OTRO, ¿CUÁL?	SI	SI
1	44	12	IN	1196	¿CUÁNTAS VECES HA ASISTIDO A CONTROLES PRENATALES?	3931		SI	SI
1	44	13	IN	1197	¿QUÉ COMPLEMENTOS NUTRICIONALES LE RECETÓ EL MEDICO?	3932	CALCIO	SI	SI
1	44	13	IN	1197	¿QUÉ COMPLEMENTOS NUTRICIONALES LE RECETÓ EL MEDICO?	3933	HIERRO	SI	SI
1	44	13	IN	1197	¿QUÉ COMPLEMENTOS NUTRICIONALES LE RECETÓ EL MEDICO?	3934	ÁCIDO FÓLICO	SI	SI
1	44	13	IN	1197	¿QUÉ COMPLEMENTOS NUTRICIONALES LE RECETÓ EL MEDICO?	3935	OTRO, ¿CUÁL?	SI	SI
1	44	13	IN	1197	¿QUÉ COMPLEMENTOS NUTRICIONALES LE RECETÓ EL MEDICO?	3936	NO SE LE HAN RECETADO COMPLEMENTOS NUTRICIONALES	SI	SI
1	44	14	IN	1422	USA COMPLEMENTOS NUTRICIONALES TRADICIONALES O PROPIOS DE SU GRUPO ÉTNICO?	4468	SI	SI	SI
1	44	14	IN	1422	USA COMPLEMENTOS NUTRICIONALES TRADICIONALES O PROPIOS DE SU GRUPO ÉTNICO?	4469	NO	SI	SI
1	44	15	IN	1198	¿ESTÁ CONSUMIENDO LA CANTIDAD DE SUPLEMENTO FORMULADA POR SU MÉDICO?	3937	Sí	SI	SI
1	44	15	IN	1198	¿ESTÁ CONSUMIENDO LA CANTIDAD DE SUPLEMENTO FORMULADA POR SU MÉDICO?	3938	No	SI	SI
1	44	16	IN	1199	¿POR QUÉ?	3939	FALTA DE DINERO	SI	SI
1	44	16	IN	1199	¿POR QUÉ?	3940	LOS MEDICAMENTOS NO EXISTEN EN LA ZONA	SI	SI
1	44	16	IN	1199	¿POR QUÉ?	3941	DECIDIÓ NO HACERLO	SI	SI
1	44	16	IN	1199	¿POR QUÉ?	3942	OTRO, ¿CUÁL? 	SI	SI
1	44	16	IN	1199	¿POR QUÉ?	4524	LA ENTIDAD PRESTADORA DE SALUD NO LOS ENTREGA 	SI	SI
1	44	17	IN	1200	¿CADA CUÁNTO SE REALIZA LA CITOLOGÍA VAGINAL? 	3943	MÁS DE UNA VEZ AL AÑO	SI	SI
1	44	17	IN	1200	¿CADA CUÁNTO SE REALIZA LA CITOLOGÍA VAGINAL? 	3944	UNA VEZ AL AÑO	SI	SI
1	44	17	IN	1200	¿CADA CUÁNTO SE REALIZA LA CITOLOGÍA VAGINAL? 	3945	UNA VEZ CADA DOS AÑOS	SI	SI
1	44	17	IN	1200	¿CADA CUÁNTO SE REALIZA LA CITOLOGÍA VAGINAL? 	3946	NO RECUERDA	SI	SI
1	44	17	IN	1200	¿CADA CUÁNTO SE REALIZA LA CITOLOGÍA VAGINAL? 	3947	NO SABE/NO RESPONDE	SI	SI
1	44	18	IN	1201	¿CUÁNDO FUE LA ÚLTIMA VEZ QUE SE HIZO UNA CITOLOGÍA VAGINAL?	3948	NUNCA SE LA HA HECHO	SI	SI
1	44	18	IN	1201	¿CUÁNDO FUE LA ÚLTIMA VEZ QUE SE HIZO UNA CITOLOGÍA VAGINAL?	3949	HACE MENOS DE UN AÑO	SI	SI
1	44	18	IN	1201	¿CUÁNDO FUE LA ÚLTIMA VEZ QUE SE HIZO UNA CITOLOGÍA VAGINAL?	3950	HACE MÁS DE UN AÑO	SI	SI
1	44	18	IN	1201	¿CUÁNDO FUE LA ÚLTIMA VEZ QUE SE HIZO UNA CITOLOGÍA VAGINAL?	3951	NO RECUERDA	SI	SI
1	44	19	IN	1202	¿CUÁL ES LA PRINCIPAL RAZÓN POR LA QUE NO SE HA HECHO LA CITOLOGÍA?	3952	NO SABÍA DEL EXAMEN	SI	SI
1	44	19	IN	1202	¿CUÁL ES LA PRINCIPAL RAZÓN POR LA QUE NO SE HA HECHO LA CITOLOGÍA?	3953	ES MUY COSTOSO	SI	SI
1	44	19	IN	1202	¿CUÁL ES LA PRINCIPAL RAZÓN POR LA QUE NO SE HA HECHO LA CITOLOGÍA?	3954	ES MUY LEJOS PARA SALIR	SI	SI
1	44	19	IN	1202	¿CUÁL ES LA PRINCIPAL RAZÓN POR LA QUE NO SE HA HECHO LA CITOLOGÍA?	3955	NO CREE QUE SEA NECESARIO A SU EDAD	SI	SI
1	44	19	IN	1202	¿CUÁL ES LA PRINCIPAL RAZÓN POR LA QUE NO SE HA HECHO LA CITOLOGÍA?	3956	OTRO, ¿CUÁL?	SI	SI
1	44	19	IN	1202	¿CUÁL ES LA PRINCIPAL RAZÓN POR LA QUE NO SE HA HECHO LA CITOLOGÍA?	4525	LA ENTIDAD PRESTADORA DE SALUD NO LO ORDENA	SI	SI
1	44	20	IN	1203	¿SE HA REALIZADO EL AUTO EXAMEN DE MAMA? ¿CUÁNTAS VECES AL AÑO?	3957	SÍ ¿CUÁNTAS?	SI	SI
1	44	20	IN	1203	¿SE HA REALIZADO EL AUTO EXAMEN DE MAMA? ¿CUÁNTAS VECES AL AÑO?	3958	No	SI	SI
1	44	21	IN	1204	¿SE HA REALIZADO EL EXAMEN DE PRÓSTATA? ¿CUÁNTAS VECES AL AÑO?	3959	SÍ ¿CUÁNTAS?	SI	SI
1	44	21	IN	1204	¿SE HA REALIZADO EL EXAMEN DE PRÓSTATA? ¿CUÁNTAS VECES AL AÑO?	3960	No	SI	SI
1	44	22	IN	1205	¿CREE O CONSIDERA QUE LA EDUCACIÓN QUE LE BRINDAN ES LA ADECUADA PARA ENFRENTAR LA VIDA EN SOCIEDAD?	3961	Sí	SI	SI
1	44	22	IN	1205	¿CREE O CONSIDERA QUE LA EDUCACIÓN QUE LE BRINDAN ES LA ADECUADA PARA ENFRENTAR LA VIDA EN SOCIEDAD?	3962	No	SI	SI
1	44	23	IN	1206	¿CONSIDERA QUE HAY OPORTUNIDADES PARA QUE LA POBLACIÓN VÍCTIMA DEL CONFLICTO ARMADO ACCEDA A LA EDUCACIÓN TÉCNICA, TECNOLÓGICA Y PROFESIONAL?	3963	Sí	SI	SI
1	44	23	IN	1206	¿CONSIDERA QUE HAY OPORTUNIDADES PARA QUE LA POBLACIÓN VÍCTIMA DEL CONFLICTO ARMADO ACCEDA A LA EDUCACIÓN TÉCNICA, TECNOLÓGICA Y PROFESIONAL?	3964	No	SI	SI
1	44	24	IN	1207	¿POR QUÉ?	3965	NO EXISTEN PROGRAMAS DIRIGIDOS ESPECIFICAMENTE A LA POBLACIÓN VICTIMA DEL CONFLICTO ARMADO, PARA LA EDUCACIÓN TECNICA, TECNOLOGICA Y PROFESIONAL	SI	SI
1	44	24	IN	1207	¿POR QUÉ?	3966	CONOCE MECANISMOS Y PROGRAMAS DIRIGIDOS ESPECÍFICAMENTE A LA POBLACIÓN VÍCTIMA, PERO LOS TIEMPOS PARA APLICAR A LAS CONVOCATORIAS SON MUY CORTOS	SI	SI
1	44	24	IN	1207	¿POR QUÉ?	3967	CONOCE MECANISMOS Y PROGRAMAS DIRIGIDOS ESPECÍFICAMENTE A LA POBLACIÓN VÍCTIMA, PERO ES DIFÍCIL CUMPLIR CON LOS REQUISITOS ACADÉMICOS EXIGIDOS	SI	SI
1	44	24	IN	1207	¿POR QUÉ?	3968	OTRO, ¿CUÁL?	SI	SI
1	44	25	IN	1208	¿CUÁL ES EL ESTADO DE SU DOCUMENTO DE IDENTIDAD EN ESTE MOMENTO?	3969	VIGENTE	SI	SI
1	44	25	IN	1208	¿CUÁL ES EL ESTADO DE SU DOCUMENTO DE IDENTIDAD EN ESTE MOMENTO?	3970	LO ESTÁ GESTIONANDO	SI	SI
1	44	25	IN	1208	¿CUÁL ES EL ESTADO DE SU DOCUMENTO DE IDENTIDAD EN ESTE MOMENTO?	3971	NO LE INTERESA	SI	SI
1	44	25	IN	1208	¿CUÁL ES EL ESTADO DE SU DOCUMENTO DE IDENTIDAD EN ESTE MOMENTO?	3972	NO TIENE DINERO PARA LA GESTIÓN	SI	SI
1	44	25	IN	1208	¿CUÁL ES EL ESTADO DE SU DOCUMENTO DE IDENTIDAD EN ESTE MOMENTO?	3973	OTRO, ¿CUÁL?	SI	SI
1	44	26	IN	1438	QUÉ DIAGNÓSTICO DE ENFERMEDAD PRESENTA?	4526		SI	SI
1	44	27	GE	1211	OBSERVACIONES A ESTE CAPITULO	3980		SI	SI
1	45	1	IN	1421	OPRIMA SIGUIENTE PARA INICIAR LA ENTREVISTA	4467		SI	SI
1	45	2	GE	1419	DE ACUERDO CON SU CULTURA, PUEBLO O RASGOS FÍSICOS, ... SE AUTORECONOCE COMO:	4363	Indígena	SI	SI
1	45	2	GE	1419	DE ACUERDO CON SU CULTURA, PUEBLO O RASGOS FÍSICOS, ... SE AUTORECONOCE COMO:	4364	Negro(a), afrocolombiano(a) o afrodescendiente	SI	SI
1	45	2	GE	1419	DE ACUERDO CON SU CULTURA, PUEBLO O RASGOS FÍSICOS, ... SE AUTORECONOCE COMO:	4365	Palenquero(a)	SI	SI
1	45	3	GE	1212	POR FAVOR IDENTIFIQUE EL CÓDIGO DEL HECHO MASIVO OCURRIDO A LA COMUNIDAD	3981		SI	SI
1	45	4	GE	1213	POR FAVOR IDENTIFIQUE EL PUEBLO INDÍGENA	3982		SI	SI
1	45	5	GE	1214	POR FAVOR IDENTIFIQUE EL CONSEJO COMUNITARIO	3983		SI	SI
1	45	6	GE	1215	POR FAVOR IDENTIFIQUE LA COMUNIDAD INDÍGENA (ESCRIBA EL NOMBRE ESPECÍFICO)  	3984		SI	SI
1	45	7	GE	1216	POR FAVOR IDENTIFIQUE LA COMUNIDAD NEGRA/AFROCOLOMBIANA (ESCRIBA EL NOMBRE ESPECÍFICO)  	3985		SI	SI
1	45	8	GE	1217	¿LOS ENCUESTADOS  REQUIEREN UN TRADUCTOR / INTÉRPRETE?	3986	SI	SI	SI
1	45	8	GE	1217	¿LOS ENCUESTADOS  REQUIEREN UN TRADUCTOR / INTÉRPRETE?	3987	NO	SI	SI
1	45	9	GE	1218	NOMBRES Y APELLIDOS DEL TRADUCTOR O INTÉRPRETE	3988	NOMBRE 1	SI	SI
1	45	9	GE	1218	NOMBRES Y APELLIDOS DEL TRADUCTOR O INTÉRPRETE	3989	NOMBRE 2 	SI	SI
1	45	9	GE	1218	NOMBRES Y APELLIDOS DEL TRADUCTOR O INTÉRPRETE	3990	APELLIDO 1	SI	SI
1	45	9	GE	1218	NOMBRES Y APELLIDOS DEL TRADUCTOR O INTÉRPRETE	3991	APELLIDO 2	SI	SI
1	45	10	GE	1219	¿QUÉ TIPO DE DOCUMENTO DE IDENTIFICACIÓN TIENE EL TRADUCTOR O INTÉRPRETE ...?	3992	CÉDULA DE CIUDADANÍA/CONTRASEÑA	SI	SI
1	45	10	GE	1219	¿QUÉ TIPO DE DOCUMENTO DE IDENTIFICACIÓN TIENE EL TRADUCTOR O INTÉRPRETE ...?	3993	CÉDULA DE EXTRANJERÍA	SI	SI
1	45	10	GE	1219	¿QUÉ TIPO DE DOCUMENTO DE IDENTIFICACIÓN TIENE EL TRADUCTOR O INTÉRPRETE ...?	3994	TARJETA DE IDENTIDAD	SI	SI
1	45	10	GE	1219	¿QUÉ TIPO DE DOCUMENTO DE IDENTIFICACIÓN TIENE EL TRADUCTOR O INTÉRPRETE ...?	3995	REGISTRO CIVIL/NUIP	SI	SI
1	45	10	GE	1219	¿QUÉ TIPO DE DOCUMENTO DE IDENTIFICACIÓN TIENE EL TRADUCTOR O INTÉRPRETE ...?	3996	PERMISO ESPECIAL DE PERMANENCIA	SI	SI
1	45	10	GE	1219	¿QUÉ TIPO DE DOCUMENTO DE IDENTIFICACIÓN TIENE EL TRADUCTOR O INTÉRPRETE ...?	3997	PERMISO TEMPORAL DE PERMANENCIA	SI	SI
1	45	10	GE	1219	¿QUÉ TIPO DE DOCUMENTO DE IDENTIFICACIÓN TIENE EL TRADUCTOR O INTÉRPRETE ...?	3998	PASAPORTE	SI	SI
1	45	10	GE	1219	¿QUÉ TIPO DE DOCUMENTO DE IDENTIFICACIÓN TIENE EL TRADUCTOR O INTÉRPRETE ...?	3999	ADULTO SIN IDENTIFICAR	SI	SI
1	45	10	GE	1219	¿QUÉ TIPO DE DOCUMENTO DE IDENTIFICACIÓN TIENE EL TRADUCTOR O INTÉRPRETE ...?	4000	MENOR SIN IDENTIFICAR	SI	SI
1	45	10	GE	1219	¿QUÉ TIPO DE DOCUMENTO DE IDENTIFICACIÓN TIENE EL TRADUCTOR O INTÉRPRETE ...?	4001	RECIÉN NACIDO	SI	SI
1	45	10	GE	1219	¿QUÉ TIPO DE DOCUMENTO DE IDENTIFICACIÓN TIENE EL TRADUCTOR O INTÉRPRETE ...?	4002	CERTIFICADO DE PERTENENCIA ÉTNICA	SI	SI
1	45	11	GE	1220	NÚMERO DE IDENTIFICACIÓN QUE TIENE EL TRADUCTOR O INTÉRPRETE ...? si no conoce el Número diligencia 98 	4003		SI	SI
1	45	12	GE	1221	TELÉFONO DE CONTACTO DEL TRADUCTOR O INTÉRPRETE	4004		SI	SI
1	45	13	GE	1222	CORREO ELECTRÓNICO DEL TRADUCTOR O INTÉRPRETE	4005		SI	SI
1	45	14	GE	1223	¿EL TRADUCTOR/INTERPRETE PERTENECE A LA COMUNIDAD ENCUESTADA?	4006	SI	SI	SI
1	45	14	GE	1223	¿EL TRADUCTOR/INTERPRETE PERTENECE A LA COMUNIDAD ENCUESTADA?	4007	NO	SI	SI
1	45	15	IN	1224	NOMBRES Y APELLIDOS DE LAS PERSONAS QUE PRESENTAN LA INFORMACIÓN	4008	NOMBRE1	SI	SI
1	45	15	IN	1224	NOMBRES Y APELLIDOS DE LAS PERSONAS QUE PRESENTAN LA INFORMACIÓN	4009	NOMBRE2	SI	SI
1	45	15	IN	1224	NOMBRES Y APELLIDOS DE LAS PERSONAS QUE PRESENTAN LA INFORMACIÓN	4010	APELLIDO1	SI	SI
1	45	15	IN	1224	NOMBRES Y APELLIDOS DE LAS PERSONAS QUE PRESENTAN LA INFORMACIÓN	4011	APELLIDO2	SI	SI
1	45	16	IN	1225	¿TIPO DE DOCUMENTO DE IDENTIFICACIÓN DE LAS PERSONAS QUE PRESENTAN LA INFORMACIÓN ...?	4012	CÉDULA DE CIUDADANÍA/CONTRASEÑA 	SI	SI
1	45	16	IN	1225	¿TIPO DE DOCUMENTO DE IDENTIFICACIÓN DE LAS PERSONAS QUE PRESENTAN LA INFORMACIÓN ...?	4013	CÉDULA DE EXTRANJERÍA 	SI	SI
1	45	16	IN	1225	¿TIPO DE DOCUMENTO DE IDENTIFICACIÓN DE LAS PERSONAS QUE PRESENTAN LA INFORMACIÓN ...?	4014	TARJETA DE IDENTIDAD	SI	SI
1	45	16	IN	1225	¿TIPO DE DOCUMENTO DE IDENTIFICACIÓN DE LAS PERSONAS QUE PRESENTAN LA INFORMACIÓN ...?	4015	REGISTRO CIVIL/NUIP 	SI	SI
1	45	16	IN	1225	¿TIPO DE DOCUMENTO DE IDENTIFICACIÓN DE LAS PERSONAS QUE PRESENTAN LA INFORMACIÓN ...?	4016	PERMISO ESPECIAL DE PERMANENCIA 	SI	SI
1	45	16	IN	1225	¿TIPO DE DOCUMENTO DE IDENTIFICACIÓN DE LAS PERSONAS QUE PRESENTAN LA INFORMACIÓN ...?	4017	PERMISO TEMPORAL DE PERMANENCIA	SI	SI
1	45	16	IN	1225	¿TIPO DE DOCUMENTO DE IDENTIFICACIÓN DE LAS PERSONAS QUE PRESENTAN LA INFORMACIÓN ...?	4018	PASAPORTE	SI	SI
1	45	16	IN	1225	¿TIPO DE DOCUMENTO DE IDENTIFICACIÓN DE LAS PERSONAS QUE PRESENTAN LA INFORMACIÓN ...?	4019	ADULTO SIN IDENTIFICAR	SI	SI
1	45	16	IN	1225	¿TIPO DE DOCUMENTO DE IDENTIFICACIÓN DE LAS PERSONAS QUE PRESENTAN LA INFORMACIÓN ...?	4020	MENOR SIN IDENTIFICAR	SI	SI
1	45	16	IN	1225	¿TIPO DE DOCUMENTO DE IDENTIFICACIÓN DE LAS PERSONAS QUE PRESENTAN LA INFORMACIÓN ...?	4021	RECIÉN NACIDO 	SI	SI
1	45	16	IN	1225	¿TIPO DE DOCUMENTO DE IDENTIFICACIÓN DE LAS PERSONAS QUE PRESENTAN LA INFORMACIÓN ...?	4022	CERTIFICADO DE PERTENENCIA ÉTNICA 	SI	SI
1	45	17	IN	1226	NÚMERO DE IDENTIFICACIÓN DE LAS PERSONAS QUE PRESENTAN LA INFORMACIÓN ...? si no conoce el Número diligencia 98 	4023		SI	SI
1	45	18	IN	1227	SEXO	4024	HOMBRE	SI	SI
1	45	18	IN	1227	SEXO	4025	MUJER	SI	SI
1	45	18	IN	1227	SEXO	4026	INTERSEXUAL	SI	SI
1	45	18	IN	1227	SEXO	4027	INDETERMINADO 	SI	SI
1	45	19	IN	1228	¿CUÁL ES LA FECHA DE NACIMIENTO DE … ? SI NO CONOCE EL DÍA, EL MES O EL AÑO, ESCRIBA 9 EN LOS ESPACIOS CORRESPONDIENTES A CADA UNO DE ELLOS	4028		SI	SI
1	45	20	IN	1229	CARGO/ROL PRINCIPAL 	4029	REPRESENTANTE LEGAL DEL CONSEJO COMUNITARIO	SI	SI
1	45	20	IN	1229	CARGO/ROL PRINCIPAL 	4030	PRESIDENTE DE LA ASAMBLEA O JUNTA DEL CONSEJO COMUNITARIO MAYOR	SI	SI
1	45	20	IN	1229	CARGO/ROL PRINCIPAL 	4031	PRESIDENTE DE LA ASAMBLEA O JUNTA DEL CONSEJO COMUNITARIO MENOR	SI	SI
1	45	20	IN	1229	CARGO/ROL PRINCIPAL 	4032	FISCAL	SI	SI
1	45	20	IN	1229	CARGO/ROL PRINCIPAL 	4033	SECRETARIO (A)	SI	SI
1	45	20	IN	1229	CARGO/ROL PRINCIPAL 	4034	DOCENTE	SI	SI
1	45	20	IN	1229	CARGO/ROL PRINCIPAL 	4035	LIDER/LIDERESA COMUNITARIO (A)	SI	SI
1	45	20	IN	1229	CARGO/ROL PRINCIPAL 	4036	VOCAL	SI	SI
1	45	20	IN	1229	CARGO/ROL PRINCIPAL 	4037	MEDICO TRADICIONAL	SI	SI
1	45	20	IN	1229	CARGO/ROL PRINCIPAL 	4038	PARTERAS	SI	SI
1	45	20	IN	1229	CARGO/ROL PRINCIPAL 	4039	OTRO MIEMBRO DE LA COMUNIDAD	SI	SI
1	45	21	IN	1230	CARGO/ROL PRINCIPAL 	4040	REPRESENTANTE LEGAL	SI	SI
1	45	21	IN	1230	CARGO/ROL PRINCIPAL 	4041	GOBERNADOR/CAPITAN/CACIQUE/AUTORIDAD TRADICIONAL DE GOBIERNO	SI	SI
1	45	21	IN	1230	CARGO/ROL PRINCIPAL 	4042	MIEMBRO DEL GABINETE DE GOBIERNO	SI	SI
1	45	21	IN	1230	CARGO/ROL PRINCIPAL 	4043	MEDICO TRADICIONAL	SI	SI
1	45	21	IN	1230	CARGO/ROL PRINCIPAL 	4044	CONSEJERIAS	SI	SI
1	45	21	IN	1230	CARGO/ROL PRINCIPAL 	4045	LIDER/LIDERESA COMUNITARIO (A)	SI	SI
1	45	21	IN	1230	CARGO/ROL PRINCIPAL 	4046	MIEMBRO DEL CONSEJO DE MAYORES	SI	SI
1	45	21	IN	1230	CARGO/ROL PRINCIPAL 	4047	MAYOR DE LA COMUNIDAD	SI	SI
1	45	21	IN	1230	CARGO/ROL PRINCIPAL 	4048	PALABRERO	SI	SI
1	45	21	IN	1230	CARGO/ROL PRINCIPAL 	4049	DOCENTE	SI	SI
1	45	21	IN	1230	CARGO/ROL PRINCIPAL 	4050	OTRO MIEMBRO DE LA COMUNIDAD	SI	SI
1	45	22	IN	1231	TELÉFONO DE CONTACTO DE LAS PERSONAS QUE PRESENTAN LA INFORMACIÓN	4051		SI	SI
1	45	23	IN	1232	CORREO ELECTRÓNICO DE LAS PERSONAS QUE PRESENTAN LA INFORMACIÓN	4052		SI	SI
1	45	24	GE	1233	POR FAVOR SEÑALE LA FECHA DEL ÚLTIMO DESPLAZAMIENTO MASIVO DECLARADO POR LA COMUNIDAD: 	4053		SI	SI
1	45	25	GE	1234	OBSERVACIONES A ESTE CAPITULO	4054		SI	SI
1	46	1	GE	1235	¿LA COMUNIDAD SE ENCUENTRA RETORNADA O REUBICADA?	4055	SI	SI	SI
1	46	1	GE	1235	¿LA COMUNIDAD SE ENCUENTRA RETORNADA O REUBICADA?	4056	NO	SI	SI
1	46	2	GE	1236	¿LA COMUNIDAD TUVO ACOMPAÑAMIENTO INSTITUCIONAL O PLAN DE RETORNO O REUBICACIÓN?	4057	SI	SI	SI
1	46	2	GE	1236	¿LA COMUNIDAD TUVO ACOMPAÑAMIENTO INSTITUCIONAL O PLAN DE RETORNO O REUBICACIÓN?	4058	NO	SI	SI
1	46	3	GE	1237	DILIGENCIE POR FAVOR LA FECHA DEL RETORNO O LA REUBICACIÓN	4059		SI	SI
1	46	4	GE	1238	POR FAVOR ESCRIBA EN EL SIGUIENTE RECUADRO EL NÚMERO DE FAMILIAS RETORNADAS O REUBICADAS	4060		SI	SI
1	46	5	GE	1239	¿LA COMUNIDAD HA SOLICITADO LA MEDIDA DE RETORNO O REUBICACIÓN?	4061	SI	SI	SI
1	46	5	GE	1239	¿LA COMUNIDAD HA SOLICITADO LA MEDIDA DE RETORNO O REUBICACIÓN?	4062	NO ¿POR QUÉ?	SI	SI
1	46	6	GE	1240	OBSERVACIONES A ESTE CAPITULO	4063		SI	SI
1	47	1	GE	1420	OBSERVACIONES INICIALES	4466		SI	SI
1	47	2	GE	1241	¿CUÁL ES EL NOMBRE DE LA COMUNIDAD DE ORIGEN?	4064		SI	SI
1	47	3	GE	1242	¿CUÁL ES EL NOMBRE DE LA COMUNIDAD NEGRA DE ORIGEN?	4065		SI	SI
1	47	4	GE	1243	¿CUÁL ES EL NOMBRE DEL CABILDO DE ORIGEN?	4066		SI	SI
1	47	5	GE	1244	¿CUÁL ES EL NOMBRE DEL CONSEJO COMUNITARIO DE ORIGEN?	4067		SI	SI
1	47	6	GE	1245	¿ANTE CUAL O CUALES ENTIDADES SE ENCUENTRA REGISTRADO EL CABILDO DE ORIGEN?	4068	MINISTERIO DEL INTERIOR	SI	SI
1	47	6	GE	1245	¿ANTE CUAL O CUALES ENTIDADES SE ENCUENTRA REGISTRADO EL CABILDO DE ORIGEN?	4069	ALCALDÍA MUNICIPAL	SI	SI
1	47	6	GE	1245	¿ANTE CUAL O CUALES ENTIDADES SE ENCUENTRA REGISTRADO EL CABILDO DE ORIGEN?	4070	OTRA ¿CUÁL?	SI	SI
1	47	6	GE	1245	¿ANTE CUAL O CUALES ENTIDADES SE ENCUENTRA REGISTRADO EL CABILDO DE ORIGEN?	4071	NINGUNA	SI	SI
1	47	7	GE	1246	¿ANTE CUAL O CUALES ENTIDADES SE ENCUENTRA REGISTRADO EL CONSEJO COMUNITARIO DE ORIGEN?	4072	MINISTERIO DEL INTERIOR	SI	SI
1	47	7	GE	1246	¿ANTE CUAL O CUALES ENTIDADES SE ENCUENTRA REGISTRADO EL CONSEJO COMUNITARIO DE ORIGEN?	4073	ALCALDÍA MUNICIPAL	SI	SI
1	47	7	GE	1246	¿ANTE CUAL O CUALES ENTIDADES SE ENCUENTRA REGISTRADO EL CONSEJO COMUNITARIO DE ORIGEN?	4074	OTRA ¿CUÁL?	SI	SI
1	47	7	GE	1246	¿ANTE CUAL O CUALES ENTIDADES SE ENCUENTRA REGISTRADO EL CONSEJO COMUNITARIO DE ORIGEN?	4075	NINGUNA	SI	SI
1	47	8	GE	1247	¿LA COMUNIDAD MANTIENE RELACION Y/O CONTACTO CON SU COMUNIDAD Y/O CABILDO DE ORIGEN?	4076	SI	SI	SI
1	47	8	GE	1247	¿LA COMUNIDAD MANTIENE RELACION Y/O CONTACTO CON SU COMUNIDAD Y/O CABILDO DE ORIGEN?	4077	NO	SI	SI
1	47	9	GE	1248	¿LA COMUNIDAD MANTIENE RELACION Y/O CONTACTO CON SU COMUNIDAD Y/O CONSEJO COMUNITARIO DE ORIGEN?	4078	SI	SI	SI
1	47	9	GE	1248	¿LA COMUNIDAD MANTIENE RELACION Y/O CONTACTO CON SU COMUNIDAD Y/O CONSEJO COMUNITARIO DE ORIGEN?	4079	NO	SI	SI
1	47	10	GE	1249	¿CUÁL ES EL TIPO DE RELACIÓN Y/O CONTACTO CON SU COMUNIDAD Y/O CABILDO DE ORIGEN?	4080	ECONÓMICA (TRUEQUES, AYUDAS EN DINERO, GESTIÓN DEL CABILDO O COMUNIDAD DE ORIGEN DE PROGRAMAS O PROYECTOS PRODUCTIVOS QUE BENEFICIEN A LA COMUNIDAD DESPLAZADA ETC)	SI	SI
1	47	10	GE	1249	¿CUÁL ES EL TIPO DE RELACIÓN Y/O CONTACTO CON SU COMUNIDAD Y/O CABILDO DE ORIGEN?	4081	SOCIAL Y/O CULTURAL: (CELEBRACIONES, RITUALES, PRÁCTICA DE MEDICINA TRADICIONAL, ESPACIOS PARA LA ENSEÑANZA DE LAS TRADICIONES Y LAS COSTUMBRES DE LA COMUNIDAD INDÍGENA)	SI	SI
1	47	10	GE	1249	¿CUÁL ES EL TIPO DE RELACIÓN Y/O CONTACTO CON SU COMUNIDAD Y/O CABILDO DE ORIGEN?	4082	POLÍTICA / ORGANIZATIVA (SE RESPONDE A LA AUTORIDAD TRADICIONAL – CAPITÁN, CACIQUE, GOBERNADOR, ETC, SE RESPONDE A LAS FORMAS DE CONTROL SOCIAL Y/O LA JUSTICIA PROPIA, SE PARTICIPA EN LA ELECCIÓN DE LAS AUTORIDADES TRADICIONALES Y/O REPRESENTANTES LEGALES) 	SI	SI
1	47	10	GE	1249	¿CUÁL ES EL TIPO DE RELACIÓN Y/O CONTACTO CON SU COMUNIDAD Y/O CABILDO DE ORIGEN?	4083	¿OTRO? ¿CUÁL?	SI	SI
1	47	11	GE	1250	¿CUÁL ES EL TIPO DE RELACIÓN Y/O CONTACTO CON SU COMUNIDAD Y/O CONSEJO COMUNITARIO DE ORIGEN?	4084	ECONÓMICA (PROYECTOS PRODUCTIVOS)	SI	SI
1	47	11	GE	1250	¿CUÁL ES EL TIPO DE RELACIÓN Y/O CONTACTO CON SU COMUNIDAD Y/O CONSEJO COMUNITARIO DE ORIGEN?	4085	SOCIAL Y/O CULTURAL: (FIESTAS TRADICIONALES, MEDICINA TRADICIONAL, TRANSMISIÓN DE COSTUMBRES ANCESTRALES, PRÁCTICAS CULTURALES)	SI	SI
1	47	11	GE	1250	¿CUÁL ES EL TIPO DE RELACIÓN Y/O CONTACTO CON SU COMUNIDAD Y/O CONSEJO COMUNITARIO DE ORIGEN?	4086	POLÍTICA / ORGANIZATIVA (ACOMPAÑAMIENTO ORGANIZATIVO O SOCIAL, INSTANCIAS DE PARTICIPACIÓN, PROCESOS DE TOMA DE DECISION, FORTALECIMIENTO ORGANIZATIVO Y COMUNITARIO) 	SI	SI
1	47	11	GE	1250	¿CUÁL ES EL TIPO DE RELACIÓN Y/O CONTACTO CON SU COMUNIDAD Y/O CONSEJO COMUNITARIO DE ORIGEN?	4087	¿OTRO? ¿CUÁL?	SI	SI
1	47	12	GE	1251	¿CUÁL ES LA RAZÓN POR LA QUE NO MANTIENE RELACIÓN Y/O CONTACTO CON SU COMUNIDAD Y/O CABILDO DE ORIGEN?	4088	DISTANCIA 	SI	SI
1	47	12	GE	1251	¿CUÁL ES LA RAZÓN POR LA QUE NO MANTIENE RELACIÓN Y/O CONTACTO CON SU COMUNIDAD Y/O CABILDO DE ORIGEN?	4089	DIVISIONES INTERNAS 	SI	SI
1	47	12	GE	1251	¿CUÁL ES LA RAZÓN POR LA QUE NO MANTIENE RELACIÓN Y/O CONTACTO CON SU COMUNIDAD Y/O CABILDO DE ORIGEN?	4090	HECHOS LIGADOS AL CONFLICTO ARMADO (COMUNIDAD DE ORIGEN CONFINADA, TERRITORIO DE ORIGEN CONTAMINADO CON MINAS ANTIPERSONA, PROHIBICIÓN POR PARTE DE ACTORES ARMADOS ILEGALES, TEMOR POR AMENAZAS, ETC)	SI	SI
1	47	12	GE	1251	¿CUÁL ES LA RAZÓN POR LA QUE NO MANTIENE RELACIÓN Y/O CONTACTO CON SU COMUNIDAD Y/O CABILDO DE ORIGEN?	4091	¿OTRO? ¿CUÁL?	SI	SI
1	47	13	GE	1252	¿CUÁL ES LA RAZÓN POR LA QUE NO MANTIENE  RELACIÓN Y/O CONTACTO CON SU COMUNIDAD Y/O CONSEJO COMUNITARIO DE ORIGEN?	4092	DISTANCIA 	SI	SI
1	47	13	GE	1252	¿CUÁL ES LA RAZÓN POR LA QUE NO MANTIENE  RELACIÓN Y/O CONTACTO CON SU COMUNIDAD Y/O CONSEJO COMUNITARIO DE ORIGEN?	4093	DIVISIONES INTERNAS 	SI	SI
1	47	13	GE	1252	¿CUÁL ES LA RAZÓN POR LA QUE NO MANTIENE  RELACIÓN Y/O CONTACTO CON SU COMUNIDAD Y/O CONSEJO COMUNITARIO DE ORIGEN?	4094	HECHOS LIGADOS AL CONFLICTO ARMADO (COMUNIDAD DE ORIGEN CONFINADA, TERRITORIO DE ORIGEN CONTAMINADO CON MINAS ANTIPERSONA, PROHIBICIÓN POR PARTE DE ACTORES ARMADOS ILEGALES, TEMOR POR AMENAZAS, ETC)	SI	SI
1	47	13	GE	1252	¿CUÁL ES LA RAZÓN POR LA QUE NO MANTIENE  RELACIÓN Y/O CONTACTO CON SU COMUNIDAD Y/O CONSEJO COMUNITARIO DE ORIGEN?	4095	¿OTRO? ¿CUÁL?	SI	SI
1	47	14	GE	1253	¿LA COMUNIDAD SE SEPARÓ DEFINITIVAMENTE DE SU CABILDO DE ORIGEN Y HACE PARTE DE OTRO CABILDO?	4096	SI ¿CUÁL?	SI	SI
1	47	14	GE	1253	¿LA COMUNIDAD SE SEPARÓ DEFINITIVAMENTE DE SU CABILDO DE ORIGEN Y HACE PARTE DE OTRO CABILDO?	4097	NO	SI	SI
1	47	15	GE	1254	¿LA COMUNIDAD SE SEPARÓ DEFINITIVAMENTE DE SU CONSEJO COMUNITARIO DE ORIGEN Y HACE PARTE DE OTRO CONSEJO COMUNITARIO?	4098	SI ¿CUÁL?	SI	SI
1	47	15	GE	1254	¿LA COMUNIDAD SE SEPARÓ DEFINITIVAMENTE DE SU CONSEJO COMUNITARIO DE ORIGEN Y HACE PARTE DE OTRO CONSEJO COMUNITARIO?	4099	NO	SI	SI
1	47	16	GE	1255	¿LA COMUNIDAD PERTENECE A ALGUNA ORGANIZACIÓN INDÌGENA?	4100	SI	SI	SI
1	47	16	GE	1255	¿LA COMUNIDAD PERTENECE A ALGUNA ORGANIZACIÓN INDÌGENA?	4101	NO	SI	SI
1	47	17	GE	1256	¿LA COMUNIDAD PERTENECE A UNA ORGANIZACIÓN AFROCOLOMBIANA DE PRIMER O SEGUNDO NIVEL?	4102	SI	SI	SI
1	47	17	GE	1256	¿LA COMUNIDAD PERTENECE A UNA ORGANIZACIÓN AFROCOLOMBIANA DE PRIMER O SEGUNDO NIVEL?	4103	NO	SI	SI
1	47	18	GE	1257	¿LA COMUNIDAD CUENTA CON LISTADO CENSAL?	4104	SI	SI	SI
1	47	18	GE	1257	¿LA COMUNIDAD CUENTA CON LISTADO CENSAL?	4105	NO	SI	SI
1	47	19	GE	1258	¿EL LISTADO CENSAL SE ENCUENTRA ACTUALIZADO? 	4106	SI	SI	SI
1	47	19	GE	1258	¿EL LISTADO CENSAL SE ENCUENTRA ACTUALIZADO? 	4107	NO	SI	SI
1	47	20	GE	1259	¿SE HACE ENTREGA DEL LISTADO CENSAL DURANTE LA APLICACIÓN DEL INSTRUMENTO DE RECOLECCIÓN DE INFORMACIÓN? 	4108	SI	SI	SI
1	47	20	GE	1259	¿SE HACE ENTREGA DEL LISTADO CENSAL DURANTE LA APLICACIÓN DEL INSTRUMENTO DE RECOLECCIÓN DE INFORMACIÓN? 	4109	NO	SI	SI
1	47	21	GE	1260	OBSERVACIONES A ESTE CAPITULO	4110		SI	SI
1	48	1	GE	1261	¿DE QUE LUGAR PROVIENE LA COMUNIDAD DESPLAZADA?	4111		SI	SI
1	48	2	GE	1262	ZONA DE LA QUE PROVIENE LA COMUNIDAD	4112	URBANO - CABECERA MUNICIPAL (DONDE ESTÁ LA ALCALDÍA)	SI	SI
1	48	2	GE	1262	ZONA DE LA QUE PROVIENE LA COMUNIDAD	4113	RURAL - CENTRO POBLADO (CORREGIMIENTO, INSPECCIÓN DE POLICÍA, CASERÍO)	SI	SI
1	48	2	GE	1262	ZONA DE LA QUE PROVIENE LA COMUNIDAD	4114	RURAL - RURAL DISPERSO (VEREDA)	SI	SI
1	48	3	GE	1263	¿CUÁL BARRIO, CENTRO POBLADO O VEREDA?	4115		SI	SI
1	48	4	GE	1264	VERIFIQUE LA RESPUESTA EN EL CUADRO ANTERIOR, Y POR FAVOR ESCRIBA O SEÑALE LA REGIÓN DE BASE A LA CUAL PERTENCE LA COMUNIDAD INDÍGENA: 	4116	NORTE - ATLÁNTICO	SI	SI
1	48	4	GE	1264	VERIFIQUE LA RESPUESTA EN EL CUADRO ANTERIOR, Y POR FAVOR ESCRIBA O SEÑALE LA REGIÓN DE BASE A LA CUAL PERTENCE LA COMUNIDAD INDÍGENA: 	4117	NUDO DE PARAMILLO	SI	SI
1	48	4	GE	1264	VERIFIQUE LA RESPUESTA EN EL CUADRO ANTERIOR, Y POR FAVOR ESCRIBA O SEÑALE LA REGIÓN DE BASE A LA CUAL PERTENCE LA COMUNIDAD INDÍGENA: 	4118	NORORIENTAL, BOSQUE HÚMEDO, SERRANÍA DE LOS MOTILONES	SI	SI
1	48	4	GE	1264	VERIFIQUE LA RESPUESTA EN EL CUADRO ANTERIOR, Y POR FAVOR ESCRIBA O SEÑALE LA REGIÓN DE BASE A LA CUAL PERTENCE LA COMUNIDAD INDÍGENA: 	4119	CORDILLERA ORIENTAL - FAMILIA CHIBCHA	SI	SI
1	48	4	GE	1264	VERIFIQUE LA RESPUESTA EN EL CUADRO ANTERIOR, Y POR FAVOR ESCRIBA O SEÑALE LA REGIÓN DE BASE A LA CUAL PERTENCE LA COMUNIDAD INDÍGENA: 	4120	ORIENTE Y SABANAS INUNDABLES	SI	SI
1	48	4	GE	1264	VERIFIQUE LA RESPUESTA EN EL CUADRO ANTERIOR, Y POR FAVOR ESCRIBA O SEÑALE LA REGIÓN DE BASE A LA CUAL PERTENCE LA COMUNIDAD INDÍGENA: 	4121	PACÍFICO	SI	SI
1	48	4	GE	1264	VERIFIQUE LA RESPUESTA EN EL CUADRO ANTERIOR, Y POR FAVOR ESCRIBA O SEÑALE LA REGIÓN DE BASE A LA CUAL PERTENCE LA COMUNIDAD INDÍGENA: 	4122	AMAZONÍA - BOSQUE HÚMEDO TROPICAL	SI	SI
1	48	4	GE	1264	VERIFIQUE LA RESPUESTA EN EL CUADRO ANTERIOR, Y POR FAVOR ESCRIBA O SEÑALE LA REGIÓN DE BASE A LA CUAL PERTENCE LA COMUNIDAD INDÍGENA: 	4123	ANDES CENTRALES ORIENTALES	SI	SI
1	48	4	GE	1264	VERIFIQUE LA RESPUESTA EN EL CUADRO ANTERIOR, Y POR FAVOR ESCRIBA O SEÑALE LA REGIÓN DE BASE A LA CUAL PERTENCE LA COMUNIDAD INDÍGENA: 	4124	MACIZO COLOMBIANO	SI	SI
1	48	5	GE	1265	VERIFIQUE LA RESPUESTA EN EL CUADRO ANTERIOR, Y POR FAVOR ESCRIBA O SEÑALE LA REGIÓN DE BASE A LA CUAL PERTENCE LA COMUNIDAD AFROCOLOMBIANA: 	4125	COSTA PACÍFICA NARIÑENSE	SI	SI
1	48	5	GE	1265	VERIFIQUE LA RESPUESTA EN EL CUADRO ANTERIOR, Y POR FAVOR ESCRIBA O SEÑALE LA REGIÓN DE BASE A LA CUAL PERTENCE LA COMUNIDAD AFROCOLOMBIANA: 	4126	ZONA CORDILLERA Y VALLES INTERANDINOS	SI	SI
1	48	5	GE	1265	VERIFIQUE LA RESPUESTA EN EL CUADRO ANTERIOR, Y POR FAVOR ESCRIBA O SEÑALE LA REGIÓN DE BASE A LA CUAL PERTENCE LA COMUNIDAD AFROCOLOMBIANA: 	4127	PACÍFICO MEDIO	SI	SI
1	48	5	GE	1265	VERIFIQUE LA RESPUESTA EN EL CUADRO ANTERIOR, Y POR FAVOR ESCRIBA O SEÑALE LA REGIÓN DE BASE A LA CUAL PERTENCE LA COMUNIDAD AFROCOLOMBIANA: 	4128	URABÁ – DARIÉN	SI	SI
1	48	5	GE	1265	VERIFIQUE LA RESPUESTA EN EL CUADRO ANTERIOR, Y POR FAVOR ESCRIBA O SEÑALE LA REGIÓN DE BASE A LA CUAL PERTENCE LA COMUNIDAD AFROCOLOMBIANA: 	4129	LITORAL PACÍFICO	SI	SI
1	48	5	GE	1265	VERIFIQUE LA RESPUESTA EN EL CUADRO ANTERIOR, Y POR FAVOR ESCRIBA O SEÑALE LA REGIÓN DE BASE A LA CUAL PERTENCE LA COMUNIDAD AFROCOLOMBIANA: 	4130	SERRANÍA DEL PERIJÁ	SI	SI
1	48	5	GE	1265	VERIFIQUE LA RESPUESTA EN EL CUADRO ANTERIOR, Y POR FAVOR ESCRIBA O SEÑALE LA REGIÓN DE BASE A LA CUAL PERTENCE LA COMUNIDAD AFROCOLOMBIANA: 	4131	MONTES DE MARÍA	SI	SI
1	48	5	GE	1265	VERIFIQUE LA RESPUESTA EN EL CUADRO ANTERIOR, Y POR FAVOR ESCRIBA O SEÑALE LA REGIÓN DE BASE A LA CUAL PERTENCE LA COMUNIDAD AFROCOLOMBIANA: 	4132	MOJANA SUCREÑA	SI	SI
1	48	5	GE	1265	VERIFIQUE LA RESPUESTA EN EL CUADRO ANTERIOR, Y POR FAVOR ESCRIBA O SEÑALE LA REGIÓN DE BASE A LA CUAL PERTENCE LA COMUNIDAD AFROCOLOMBIANA: 	4133	ALTO Y BAJO PACÍFICO	SI	SI
1	48	5	GE	1265	VERIFIQUE LA RESPUESTA EN EL CUADRO ANTERIOR, Y POR FAVOR ESCRIBA O SEÑALE LA REGIÓN DE BASE A LA CUAL PERTENCE LA COMUNIDAD AFROCOLOMBIANA: 	4134	SIERRA NEVADA DE SANTA MARTA	SI	SI
1	48	6	GE	1266	¿ESTA COMUNIDAD DESPLAZADA SALIÓ DE SU TERRITORIO COLECTIVO?	4135	SI	SI	SI
1	48	6	GE	1266	¿ESTA COMUNIDAD DESPLAZADA SALIÓ DE SU TERRITORIO COLECTIVO?	4136	NO	SI	SI
1	48	7	GE	1267	ESCRIBA EL NOMBRE DEL TERRITORIO SEGÚN CORRESPONDA A CONTINUACIÓN	4137	RESGUARDO	SI	SI
1	48	7	GE	1267	ESCRIBA EL NOMBRE DEL TERRITORIO SEGÚN CORRESPONDA A CONTINUACIÓN	4138	RESERVA INDÍGENA	SI	SI
1	48	7	GE	1267	ESCRIBA EL NOMBRE DEL TERRITORIO SEGÚN CORRESPONDA A CONTINUACIÓN	4139	TERRITORIO ANCESTRAL	SI	SI
1	48	7	GE	1267	ESCRIBA EL NOMBRE DEL TERRITORIO SEGÚN CORRESPONDA A CONTINUACIÓN	4140	OTRO ¿CUÁL? ___________________	SI	SI
1	48	8	GE	1268	ESCRIBA EL NOMBRE DEL TERRITORIO SEGÚN CORRESPONDA A CONTINUACIÓN	4141	TERRITORIO COLECTIVO DE COMUNIDADES NEGRAS - CC	SI	SI
1	48	8	GE	1268	ESCRIBA EL NOMBRE DEL TERRITORIO SEGÚN CORRESPONDA A CONTINUACIÓN	4142	TERRITORIO ANCESTRALMENTE HABITADO	SI	SI
1	48	8	GE	1268	ESCRIBA EL NOMBRE DEL TERRITORIO SEGÚN CORRESPONDA A CONTINUACIÓN	4143	OTRO ¿CUÁL? ___________________	SI	SI
1	48	9	GE	1269	¿EN QUE LUGAR SE ENCUENTRA ASENTADA LA COMUNIDAD DESPLAZADA EN ESTE MOMENTO?	4144		SI	SI
1	48	10	GE	1270	ZONA DE LOS RECIBE	4145	URBANO - CABECERA MUNICIPAL (DONDE ESTÁ LA ALCALDÍA)	SI	SI
1	48	10	GE	1270	ZONA DE LOS RECIBE	4146	RURAL - CENTRO POBLADO (CORREGIMIENTO, INSPECCIÓN DE POLICÍA, CASERÍO)	SI	SI
1	48	10	GE	1270	ZONA DE LOS RECIBE	4147	RURAL - RURAL DISPERSO (VEREDA)	SI	SI
1	48	11	GE	1271	¿CUÁL BARRIO, CENTRO POBLADO O VEREDA?	4148		SI	SI
1	48	12	GE	1272	VERIFIQUE LA RESPUESTA EN EL CUADRO ANTERIOR, Y POR FAVOR ESCRIBA O SEÑALE LA REGIÓN DE BASE EN LA QUE SE ENCUENTRA ACTUALMENTE LA COMUNIDAD INDIGENA:	4149	NORTE - ATLÁNTICO	SI	SI
1	48	12	GE	1272	VERIFIQUE LA RESPUESTA EN EL CUADRO ANTERIOR, Y POR FAVOR ESCRIBA O SEÑALE LA REGIÓN DE BASE EN LA QUE SE ENCUENTRA ACTUALMENTE LA COMUNIDAD INDIGENA:	4150	NUDO DE PARAMILLO	SI	SI
1	48	12	GE	1272	VERIFIQUE LA RESPUESTA EN EL CUADRO ANTERIOR, Y POR FAVOR ESCRIBA O SEÑALE LA REGIÓN DE BASE EN LA QUE SE ENCUENTRA ACTUALMENTE LA COMUNIDAD INDIGENA:	4151	NORORIENTAL, BOSQUE HÚMEDO, SERRANÍA DE LOS MOTILONES	SI	SI
1	48	12	GE	1272	VERIFIQUE LA RESPUESTA EN EL CUADRO ANTERIOR, Y POR FAVOR ESCRIBA O SEÑALE LA REGIÓN DE BASE EN LA QUE SE ENCUENTRA ACTUALMENTE LA COMUNIDAD INDIGENA:	4152	CORDILLERA ORIENTAL - FAMILIA CHIBCHA	SI	SI
1	48	12	GE	1272	VERIFIQUE LA RESPUESTA EN EL CUADRO ANTERIOR, Y POR FAVOR ESCRIBA O SEÑALE LA REGIÓN DE BASE EN LA QUE SE ENCUENTRA ACTUALMENTE LA COMUNIDAD INDIGENA:	4153	ORIENTE Y SABANAS INUNDABLES	SI	SI
1	48	12	GE	1272	VERIFIQUE LA RESPUESTA EN EL CUADRO ANTERIOR, Y POR FAVOR ESCRIBA O SEÑALE LA REGIÓN DE BASE EN LA QUE SE ENCUENTRA ACTUALMENTE LA COMUNIDAD INDIGENA:	4154	PACÍFICO	SI	SI
1	48	12	GE	1272	VERIFIQUE LA RESPUESTA EN EL CUADRO ANTERIOR, Y POR FAVOR ESCRIBA O SEÑALE LA REGIÓN DE BASE EN LA QUE SE ENCUENTRA ACTUALMENTE LA COMUNIDAD INDIGENA:	4155	AMAZONÍA - BOSQUE HÚMEDO TROPICAL	SI	SI
1	48	12	GE	1272	VERIFIQUE LA RESPUESTA EN EL CUADRO ANTERIOR, Y POR FAVOR ESCRIBA O SEÑALE LA REGIÓN DE BASE EN LA QUE SE ENCUENTRA ACTUALMENTE LA COMUNIDAD INDIGENA:	4156	ANDES CENTRALES ORIENTALES	SI	SI
1	48	12	GE	1272	VERIFIQUE LA RESPUESTA EN EL CUADRO ANTERIOR, Y POR FAVOR ESCRIBA O SEÑALE LA REGIÓN DE BASE EN LA QUE SE ENCUENTRA ACTUALMENTE LA COMUNIDAD INDIGENA:	4157	MACIZO COLOMBIANO	SI	SI
1	48	13	GE	1273	VERIFIQUE LA RESPUESTA EN EL CUADRO ANTERIOR, Y POR FAVOR ESCRIBA O SEÑALE LA REGIÓN DE BASE EN LA QUE SE ENCUENTRA ACTUALMENTE LA COMUNIDAD AFROCOLOMBIANA: 	4158	COSTA PACÍFICA NARIÑENSE	SI	SI
1	48	13	GE	1273	VERIFIQUE LA RESPUESTA EN EL CUADRO ANTERIOR, Y POR FAVOR ESCRIBA O SEÑALE LA REGIÓN DE BASE EN LA QUE SE ENCUENTRA ACTUALMENTE LA COMUNIDAD AFROCOLOMBIANA: 	4159	ZONA CORDILLERA Y VALLES INTERANDINOS	SI	SI
1	48	13	GE	1273	VERIFIQUE LA RESPUESTA EN EL CUADRO ANTERIOR, Y POR FAVOR ESCRIBA O SEÑALE LA REGIÓN DE BASE EN LA QUE SE ENCUENTRA ACTUALMENTE LA COMUNIDAD AFROCOLOMBIANA: 	4160	PACÍFICO MEDIO	SI	SI
1	48	13	GE	1273	VERIFIQUE LA RESPUESTA EN EL CUADRO ANTERIOR, Y POR FAVOR ESCRIBA O SEÑALE LA REGIÓN DE BASE EN LA QUE SE ENCUENTRA ACTUALMENTE LA COMUNIDAD AFROCOLOMBIANA: 	4161	URABÁ – DARIÉN	SI	SI
1	48	13	GE	1273	VERIFIQUE LA RESPUESTA EN EL CUADRO ANTERIOR, Y POR FAVOR ESCRIBA O SEÑALE LA REGIÓN DE BASE EN LA QUE SE ENCUENTRA ACTUALMENTE LA COMUNIDAD AFROCOLOMBIANA: 	4162	LITORAL PACÍFICO	SI	SI
1	48	13	GE	1273	VERIFIQUE LA RESPUESTA EN EL CUADRO ANTERIOR, Y POR FAVOR ESCRIBA O SEÑALE LA REGIÓN DE BASE EN LA QUE SE ENCUENTRA ACTUALMENTE LA COMUNIDAD AFROCOLOMBIANA: 	4163	SERRANÍA DEL PERIJÁ	SI	SI
1	48	13	GE	1273	VERIFIQUE LA RESPUESTA EN EL CUADRO ANTERIOR, Y POR FAVOR ESCRIBA O SEÑALE LA REGIÓN DE BASE EN LA QUE SE ENCUENTRA ACTUALMENTE LA COMUNIDAD AFROCOLOMBIANA: 	4164	MONTES DE MARÍA	SI	SI
1	48	13	GE	1273	VERIFIQUE LA RESPUESTA EN EL CUADRO ANTERIOR, Y POR FAVOR ESCRIBA O SEÑALE LA REGIÓN DE BASE EN LA QUE SE ENCUENTRA ACTUALMENTE LA COMUNIDAD AFROCOLOMBIANA: 	4165	MOJANA SUCREÑA	SI	SI
1	48	13	GE	1273	VERIFIQUE LA RESPUESTA EN EL CUADRO ANTERIOR, Y POR FAVOR ESCRIBA O SEÑALE LA REGIÓN DE BASE EN LA QUE SE ENCUENTRA ACTUALMENTE LA COMUNIDAD AFROCOLOMBIANA: 	4166	ALTO Y BAJO PACÍFICO	SI	SI
1	48	13	GE	1273	VERIFIQUE LA RESPUESTA EN EL CUADRO ANTERIOR, Y POR FAVOR ESCRIBA O SEÑALE LA REGIÓN DE BASE EN LA QUE SE ENCUENTRA ACTUALMENTE LA COMUNIDAD AFROCOLOMBIANA: 	4167	SIERRA NEVADA DE SANTA MARTA	SI	SI
1	48	14	GE	1274	¿LA COMUNIDAD DESPLAZADA SE ENCUENTRA ASENTADA DENTRO DE SU TERRITORIO COLECTIVO?	4168	SI	SI	SI
1	48	14	GE	1274	¿LA COMUNIDAD DESPLAZADA SE ENCUENTRA ASENTADA DENTRO DE SU TERRITORIO COLECTIVO?	4169	NO	SI	SI
1	48	15	GE	1275	OBSERVACIONES A ESTE CAPITULO	4170		SI	SI
1	49	1	GE	1276	EL TERRITORIO HABITADO POR ESTA COMUNIDAD TIENE UNA EXTENSIÓN APROXIMADA DE: 	4171		SI	SI
1	49	2	GE	1277	¿EN QUÉ SE UTILIZA EL TERRITORIO DE QUE DISPONE LA COMUNIDAD?	4172	USO FAMILIAR PARA LA PRODUCCIÓN	SI	SI
1	49	2	GE	1277	¿EN QUÉ SE UTILIZA EL TERRITORIO DE QUE DISPONE LA COMUNIDAD?	4173	USO COMUNITARIO PARA LA PRODUCCIÓN	SI	SI
1	49	2	GE	1277	¿EN QUÉ SE UTILIZA EL TERRITORIO DE QUE DISPONE LA COMUNIDAD?	4174	USO PARA MONTE DE RESPALDO O CONSERVACIÓN - RESERVA NATURAL - ÁREAS PROTEGIDAS -MANGLAR	SI	SI
1	49	2	GE	1277	¿EN QUÉ SE UTILIZA EL TERRITORIO DE QUE DISPONE LA COMUNIDAD?	4175	OTRA ¿CUÁL?	SI	SI
1	49	2	GE	1277	¿EN QUÉ SE UTILIZA EL TERRITORIO DE QUE DISPONE LA COMUNIDAD?	4176	NINGUNA	SI	SI
1	49	3	GE	1278	¿DE LAS SIGUIENTES ACTIVIDADES COMPLEMENTARIAS CUÁLES DESARROLLA?	4177	PESCA (ACTIVIDAD QUE SE REALIZA CON EL FIN DE EXTRAER PECES O ANIMALES QUE HABITAN RÍOS, MARES, MANGLARES, Y QUE APORTAN A LA ALIMENTACIÓN DE LA COMUNIDAD PARA LO CUAL SE UTILIZAN HERRAMIENTAS COMO ATARRAYA, ANZUELO, ARPÓN ETC)	SI	SI
1	49	3	GE	1278	¿DE LAS SIGUIENTES ACTIVIDADES COMPLEMENTARIAS CUÁLES DESARROLLA?	4178	CAZA (BÚSQUEDA Y SACRIFICIO DE ANIMALES PRESENTES EN EL TERRITORIO PARA SATISFACER LA ALIMENTACIÓN DE LA COMUNIDAD)	SI	SI
1	49	3	GE	1278	¿DE LAS SIGUIENTES ACTIVIDADES COMPLEMENTARIAS CUÁLES DESARROLLA?	4179	RECOLECCIÓN (BÚSQUEDA Y RECOGIDA DE PLANTAS, FRUTOS, SEMILLAS, RAÍCES ETC, QUE APORTAN A LA ALIMENTACIÓN DE LA COMUNIDAD	SI	SI
1	49	3	GE	1278	¿DE LAS SIGUIENTES ACTIVIDADES COMPLEMENTARIAS CUÁLES DESARROLLA?	4180	NINGUNA	SI	SI
1	49	4	GE	1279	¿CUÁL ES EL TIPO DE PRODUCCIÓN AGRÍCOLA DE LA COMUNIDAD?	4181	MONOCULTIVO – CULTIVO LIMITADO	SI	SI
1	49	4	GE	1279	¿CUÁL ES EL TIPO DE PRODUCCIÓN AGRÍCOLA DE LA COMUNIDAD?	4182	MÁS DE LA MITAD EN MONOCULTIVO	SI	SI
1	49	4	GE	1279	¿CUÁL ES EL TIPO DE PRODUCCIÓN AGRÍCOLA DE LA COMUNIDAD?	4183	DIVERSIFICADO/ASOCIADO (CONUCOS, CHAGRAS, HUERTAS, PARCELAS ETC)	SI	SI
1	49	4	GE	1279	¿CUÁL ES EL TIPO DE PRODUCCIÓN AGRÍCOLA DE LA COMUNIDAD?	4184	NINGUNA	SI	SI
1	49	5	GE	1280	POR FAVOR IDENTIFIQUE CUALES DE LOS SIGUIENTES ALIMENTOS SE PRODUCE / CULTIVA EN LA COMUNIDAD: 	4185	CEREALES Y TUBÉRCULOS (PLÁTANOS, YUCA, ÑAME, PAPA, MAÍZ, ARROZ, AVENA, SORGO, PASTA, MILLO, PAN, OTROS)	SI	SI
1	49	5	GE	1280	POR FAVOR IDENTIFIQUE CUALES DE LOS SIGUIENTES ALIMENTOS SE PRODUCE / CULTIVA EN LA COMUNIDAD: 	4186	LEGUMINOSAS (FRÍJOLES, ARVEJA, NUECES, GARBANZO, LENTEJAS)	SI	SI
1	49	5	GE	1280	POR FAVOR IDENTIFIQUE CUALES DE LOS SIGUIENTES ALIMENTOS SE PRODUCE / CULTIVA EN LA COMUNIDAD: 	4187	HORTALIZAS Y VERDURAS (TOMATE, CEBOLLA, AHUYAMA, HABICHUELA, ZANAHORIA, ESPINACA, PIMENTÓN)	SI	SI
1	49	5	GE	1280	POR FAVOR IDENTIFIQUE CUALES DE LOS SIGUIENTES ALIMENTOS SE PRODUCE / CULTIVA EN LA COMUNIDAD: 	4188	FRUTAS	SI	SI
1	49	5	GE	1280	POR FAVOR IDENTIFIQUE CUALES DE LOS SIGUIENTES ALIMENTOS SE PRODUCE / CULTIVA EN LA COMUNIDAD: 	4189	LÁCTEOS (LECHE, QUESO, YOGOURT, OTROS)	SI	SI
1	49	5	GE	1280	POR FAVOR IDENTIFIQUE CUALES DE LOS SIGUIENTES ALIMENTOS SE PRODUCE / CULTIVA EN LA COMUNIDAD: 	4190	OTRA ¿CUÁL?	SI	SI
1	49	5	GE	1280	POR FAVOR IDENTIFIQUE CUALES DE LOS SIGUIENTES ALIMENTOS SE PRODUCE / CULTIVA EN LA COMUNIDAD: 	4191	NINGUNA	SI	SI
1	49	6	GE	1281	VERIFIQUE SOBRE EL TERRITORIO LA CAPACIDAD DE LA COMUNIDAD PARA LA PRODUCCIÓN ANIMAL, QUE GARANTICE UNOS MÍNIMOS PARA LA SUBSISTENCIA:	4192	AVÍCOLAS (POLLOS, GALLINAS, PATOS, PAVOS, ETC)	SI	SI
1	49	6	GE	1281	VERIFIQUE SOBRE EL TERRITORIO LA CAPACIDAD DE LA COMUNIDAD PARA LA PRODUCCIÓN ANIMAL, QUE GARANTICE UNOS MÍNIMOS PARA LA SUBSISTENCIA:	4193	PORCINOS (CERDOS)	SI	SI
1	49	6	GE	1281	VERIFIQUE SOBRE EL TERRITORIO LA CAPACIDAD DE LA COMUNIDAD PARA LA PRODUCCIÓN ANIMAL, QUE GARANTICE UNOS MÍNIMOS PARA LA SUBSISTENCIA:	4194	BOVINOS (VACAS)	SI	SI
1	49	6	GE	1281	VERIFIQUE SOBRE EL TERRITORIO LA CAPACIDAD DE LA COMUNIDAD PARA LA PRODUCCIÓN ANIMAL, QUE GARANTICE UNOS MÍNIMOS PARA LA SUBSISTENCIA:	4195	OVINOS Y CAPRINOS (OVEJAS, CHIVOS)	SI	SI
1	49	6	GE	1281	VERIFIQUE SOBRE EL TERRITORIO LA CAPACIDAD DE LA COMUNIDAD PARA LA PRODUCCIÓN ANIMAL, QUE GARANTICE UNOS MÍNIMOS PARA LA SUBSISTENCIA:	4196	PECUARIAS (PESCADO, CANGREJO, JAIBA, CAMARÓN, OSTRAS)	SI	SI
1	49	6	GE	1281	VERIFIQUE SOBRE EL TERRITORIO LA CAPACIDAD DE LA COMUNIDAD PARA LA PRODUCCIÓN ANIMAL, QUE GARANTICE UNOS MÍNIMOS PARA LA SUBSISTENCIA:	4197	CUNÍCOLA (CONEJOS, CUYES)	SI	SI
1	49	6	GE	1281	VERIFIQUE SOBRE EL TERRITORIO LA CAPACIDAD DE LA COMUNIDAD PARA LA PRODUCCIÓN ANIMAL, QUE GARANTICE UNOS MÍNIMOS PARA LA SUBSISTENCIA:	4198	PANALES PARA LA APICULTURA (MIEL DE ABEJA)	SI	SI
1	49	6	GE	1281	VERIFIQUE SOBRE EL TERRITORIO LA CAPACIDAD DE LA COMUNIDAD PARA LA PRODUCCIÓN ANIMAL, QUE GARANTICE UNOS MÍNIMOS PARA LA SUBSISTENCIA:	4199	NINGUNA	SI	SI
1	49	7	GE	1282	DE ACUERDO CON SUS USOS Y COSTUMBRES, CONSIDERA QUE, ¿LA PRODUCCIÓN ANIMAL QUE ACTUALMENTE POSEE ES SUFICIENTE Y ADECUADA PARA LA ALIMENTACIÓN DE SU COMUNIDAD?	4200	SI	SI	SI
1	49	7	GE	1282	DE ACUERDO CON SUS USOS Y COSTUMBRES, CONSIDERA QUE, ¿LA PRODUCCIÓN ANIMAL QUE ACTUALMENTE POSEE ES SUFICIENTE Y ADECUADA PARA LA ALIMENTACIÓN DE SU COMUNIDAD?	4201	NO	SI	SI
1	49	8	GE	1283	¿DURANTE LA ÚLTIMA SEMANA, CUÁLES DE LOS SIGUIENTES ALIMENTOS HA CONSUMIDO SU COMUNIDAD, DURANTE CUANTOS DÍAS? CEREALES Y TUBÉRCULOS (PLÁTANOS, YUCA, ÑAME, PAPA, MAÍZ, ARROZ, AVENA, SORGO, PASTA, PAN, OTROS)	4202	SI ¿CUÁNTOS DÍAS?	SI	SI
1	49	8	GE	1283	¿DURANTE LA ÚLTIMA SEMANA, CUÁLES DE LOS SIGUIENTES ALIMENTOS HA CONSUMIDO SU COMUNIDAD, DURANTE CUANTOS DÍAS? CEREALES Y TUBÉRCULOS (PLÁTANOS, YUCA, ÑAME, PAPA, MAÍZ, ARROZ, AVENA, SORGO, PASTA, PAN, OTROS)	4203	NO	SI	SI
1	49	9	GE	1292	¿DURANTE LA ÚLTIMA SEMANA, CUÁLES ALIMENTOS HA CONSUMIDO SU COMUNIDAD? : CEREALES Y TUBÉRCULOS (PLÁTANOS, YUCA, ÑAME, PAPA, MAÍZ, ARROZ, AVENA, SORGO, PASTA, PAN, OTROS)	4220		SI	SI
1	49	10	GE	1284	¿DURANTE LA ÚLTIMA SEMANA, CUÁLES DE LOS SIGUIENTES ALIMENTOS HA CONSUMIDO SU COMUNIDAD, DURANTE CUANTOS DÍAS? LEGUMINOSAS (FRÍJOLES, ARVEJA, NUECES, GARBANZO, LENTEJAS)	4204	SI ¿CUÁNTOS DÍAS?	SI	SI
1	49	10	GE	1284	¿DURANTE LA ÚLTIMA SEMANA, CUÁLES DE LOS SIGUIENTES ALIMENTOS HA CONSUMIDO SU COMUNIDAD, DURANTE CUANTOS DÍAS? LEGUMINOSAS (FRÍJOLES, ARVEJA, NUECES, GARBANZO, LENTEJAS)	4205	NO	SI	SI
1	49	11	GE	1293	¿DURANTE LA ÚLTIMA SEMANA, CUÁLES ALIMENTOS HA CONSUMIDO SU COMUNIDAD?: LEGUMINOSAS (FRÍJOLES, ARVEJA, NUECES, GARBANZO, LENTEJAS)	4221		SI	SI
1	49	12	GE	1285	¿DURANTE LA ÚLTIMA SEMANA, CUÁLES DE LOS SIGUIENTES ALIMENTOS HA CONSUMIDO SU COMUNIDAD, DURANTE CUANTOS DÍAS? HORTALIZAS Y VERDURAS (TOMATE, CEBOLLA, AHUYAMA, HABICHUELA, ZANAHORIA, ESPINACA, PIMENTÓN)	4206	SI ¿CUÁNTOS DÍAS?	SI	SI
1	49	12	GE	1285	¿DURANTE LA ÚLTIMA SEMANA, CUÁLES DE LOS SIGUIENTES ALIMENTOS HA CONSUMIDO SU COMUNIDAD, DURANTE CUANTOS DÍAS? HORTALIZAS Y VERDURAS (TOMATE, CEBOLLA, AHUYAMA, HABICHUELA, ZANAHORIA, ESPINACA, PIMENTÓN)	4207	NO	SI	SI
1	49	13	GE	1294	¿DURANTE LA ÚLTIMA SEMANA, CUÁLES ALIMENTOS HA CONSUMIDO SU COMUNIDAD?: HORTALIZAS Y VERDURAS (TOMATE, CEBOLLA, AHUYAMA, HABICHUELA, ZANAHORIA, ESPINACA, PIMENTÓN)	4222		SI	SI
1	49	14	GE	1286	¿DURANTE LA ÚLTIMA SEMANA, CUÁLES DE LOS SIGUIENTES ALIMENTOS HA CONSUMIDO SU COMUNIDAD, DURANTE CUANTOS DÍAS? FRUTAS	4208	SI ¿CUÁNTOS DÍAS?	SI	SI
1	49	14	GE	1286	¿DURANTE LA ÚLTIMA SEMANA, CUÁLES DE LOS SIGUIENTES ALIMENTOS HA CONSUMIDO SU COMUNIDAD, DURANTE CUANTOS DÍAS? FRUTAS	4209	NO	SI	SI
1	49	15	GE	1295	¿DURANTE LA ÚLTIMA SEMANA, CUÁLES ALIMENTOS HA CONSUMIDO SU COMUNIDAD?: FRUTAS	4223		SI	SI
1	49	16	GE	1287	¿DURANTE LA ÚLTIMA SEMANA, CUÁLES DE LOS SIGUIENTES ALIMENTOS HA CONSUMIDO SU COMUNIDAD, DURANTE CUANTOS DÍAS? CARNES Y PESCADO	4210	SI ¿CUÁNTOS DÍAS?	SI	SI
1	49	16	GE	1287	¿DURANTE LA ÚLTIMA SEMANA, CUÁLES DE LOS SIGUIENTES ALIMENTOS HA CONSUMIDO SU COMUNIDAD, DURANTE CUANTOS DÍAS? CARNES Y PESCADO	4211	NO	SI	SI
1	49	17	GE	1296	¿DURANTE LA ÚLTIMA SEMANA, CUÁLES ALIMENTOS HA CONSUMIDO SU COMUNIDAD?: CARNES Y PESCADO	4224		SI	SI
1	49	18	GE	1288	¿DURANTE LA ÚLTIMA SEMANA, CUÁLES DE LOS SIGUIENTES ALIMENTOS HA CONSUMIDO SU COMUNIDAD, DURANTE CUANTOS DÍAS? LÁCTEOS (LECHE, QUESO, YOGOURT, OTROS)	4212	SI ¿CUÁNTOS DÍAS?	SI	SI
1	49	18	GE	1288	¿DURANTE LA ÚLTIMA SEMANA, CUÁLES DE LOS SIGUIENTES ALIMENTOS HA CONSUMIDO SU COMUNIDAD, DURANTE CUANTOS DÍAS? LÁCTEOS (LECHE, QUESO, YOGOURT, OTROS)	4213	NO	SI	SI
1	49	19	GE	1297	¿DURANTE LA ÚLTIMA SEMANA, CUÁLES ALIMENTOS HA CONSUMIDO SU COMUNIDAD?: LÁCTEOS (LECHE, QUESO, YOGOURT, OTROS)	4225		SI	SI
1	49	20	GE	1289	¿DURANTE LA ÚLTIMA SEMANA, CUÁLES DE LOS SIGUIENTES ALIMENTOS HA CONSUMIDO SU COMUNIDAD, DURANTE CUANTOS DÍAS? AZÚCARES Y DERIVADOS	4214	SI ¿CUÁNTOS DÍAS?	SI	SI
1	49	20	GE	1289	¿DURANTE LA ÚLTIMA SEMANA, CUÁLES DE LOS SIGUIENTES ALIMENTOS HA CONSUMIDO SU COMUNIDAD, DURANTE CUANTOS DÍAS? AZÚCARES Y DERIVADOS	4215	NO	SI	SI
1	49	21	GE	1298	¿DURANTE LA ÚLTIMA SEMANA, CUÁLES ALIMENTOS HA CONSUMIDO SU COMUNIDAD?: AZÚCARES Y DERIVADOS	4226		SI	SI
1	49	22	GE	1290	¿DURANTE LA ÚLTIMA SEMANA, CUÁLES DE LOS SIGUIENTES ALIMENTOS HA CONSUMIDO SU COMUNIDAD, DURANTE CUANTOS DÍAS? ACEITES, MARGARINAS Y MANTEQUILLA	4216	SI ¿CUÁNTOS DÍAS?	SI	SI
1	49	22	GE	1290	¿DURANTE LA ÚLTIMA SEMANA, CUÁLES DE LOS SIGUIENTES ALIMENTOS HA CONSUMIDO SU COMUNIDAD, DURANTE CUANTOS DÍAS? ACEITES, MARGARINAS Y MANTEQUILLA	4217	NO	SI	SI
1	49	23	GE	1299	¿DURANTE LA ÚLTIMA SEMANA, CUÁLES ALIMENTOS HA CONSUMIDO SU COMUNIDAD?: ACEITES, MARGARINAS Y MANTEQUILLA	4227		SI	SI
1	49	24	GE	1291	¿DURANTE LA ÚLTIMA SEMANA, CUÁLES DE LOS SIGUIENTES ALIMENTOS HA CONSUMIDO SU COMUNIDAD, DURANTE CUANTOS DÍAS? CONDIMENTOS	4218	SI ¿CUÁNTOS DÍAS?	SI	SI
1	49	24	GE	1291	¿DURANTE LA ÚLTIMA SEMANA, CUÁLES DE LOS SIGUIENTES ALIMENTOS HA CONSUMIDO SU COMUNIDAD, DURANTE CUANTOS DÍAS? CONDIMENTOS	4219	NO	SI	SI
1	49	25	GE	1300	¿DURANTE LA ÚLTIMA SEMANA, CUÁLES ALIMENTOS HA CONSUMIDO SU COMUNIDAD?: CONDIMENTOS	4228		SI	SI
1	49	26	GE	1301	¿CÓMO ADQUIEREN LOS ALIMENTOS QUE CONSUME LA COMUNIDAD?	4229		SI	SI
1	49	27	GE	1302	¿LA COMUNIDAD CUENTA CON FUENTES DE AGUA PARA SU CONSUMO Y PROCESAMIENTO DE ALIMENTOS?	4230	SI	SI	SI
1	49	27	GE	1302	¿LA COMUNIDAD CUENTA CON FUENTES DE AGUA PARA SU CONSUMO Y PROCESAMIENTO DE ALIMENTOS?	4231	NO	SI	SI
1	49	28	GE	1303	¿CUÁL ES SU PERCEPCIÓN RESPECTO A LA CALIDAD DEL AGUA QUE LA COMUNIDAD UTILIZA PARA SU CONSUMO Y PROCESAMIENTO DE ALIMENTOS?	4232	BUENA	SI	SI
1	49	28	GE	1303	¿CUÁL ES SU PERCEPCIÓN RESPECTO A LA CALIDAD DEL AGUA QUE LA COMUNIDAD UTILIZA PARA SU CONSUMO Y PROCESAMIENTO DE ALIMENTOS?	4233	MALA	SI	SI
1	49	29	GE	1304	¿CUÁL ES SU PERCEPCIÓN RESPECTO A LA CANTIDAD DEL AGUA QUE LA COMUNIDAD UTILIZA PARA SU CONSUMO Y PROCESAMIENTO DE ALIMENTOS?	4234	SUFICIENTE	SI	SI
1	49	29	GE	1304	¿CUÁL ES SU PERCEPCIÓN RESPECTO A LA CANTIDAD DEL AGUA QUE LA COMUNIDAD UTILIZA PARA SU CONSUMO Y PROCESAMIENTO DE ALIMENTOS?	4235	INSUFICIENTE	SI	SI
1	49	30	GE	1305	¿DE DÓNDE OBTIENE PRINCIPALMENTE ESTE HOGAR EL AGUA PARA CONSUMO HUMANO?	4236	DE ACUEDUCTO POR TUBERÍA	SI	SI
1	49	30	GE	1305	¿DE DÓNDE OBTIENE PRINCIPALMENTE ESTE HOGAR EL AGUA PARA CONSUMO HUMANO?	4237	DE OTRA FUENTE POR TUBERÍA	SI	SI
1	49	30	GE	1305	¿DE DÓNDE OBTIENE PRINCIPALMENTE ESTE HOGAR EL AGUA PARA CONSUMO HUMANO?	4238	DE POZO CON BOMBA	SI	SI
1	49	30	GE	1305	¿DE DÓNDE OBTIENE PRINCIPALMENTE ESTE HOGAR EL AGUA PARA CONSUMO HUMANO?	4239	DE POZO SIN BOMBA, ALJIBE, JAGÜEY O BARRENO	SI	SI
1	49	30	GE	1305	¿DE DÓNDE OBTIENE PRINCIPALMENTE ESTE HOGAR EL AGUA PARA CONSUMO HUMANO?	4240	AGUAS LLUVIAS	SI	SI
1	49	30	GE	1305	¿DE DÓNDE OBTIENE PRINCIPALMENTE ESTE HOGAR EL AGUA PARA CONSUMO HUMANO?	4241	RÍO, QUEBRADA, NACIMIENTO O MANANTIAL	SI	SI
1	49	30	GE	1305	¿DE DÓNDE OBTIENE PRINCIPALMENTE ESTE HOGAR EL AGUA PARA CONSUMO HUMANO?	4242	DE PILA PÚBLICA	SI	SI
1	49	30	GE	1305	¿DE DÓNDE OBTIENE PRINCIPALMENTE ESTE HOGAR EL AGUA PARA CONSUMO HUMANO?	4243	CARROTANQUE	SI	SI
1	49	30	GE	1305	¿DE DÓNDE OBTIENE PRINCIPALMENTE ESTE HOGAR EL AGUA PARA CONSUMO HUMANO?	4244	RESERVORIO DE AGUAS LLUVIAS Y POZOS ARTESANALES Y POZOS DE FERROCEMENTOS	SI	SI
1	49	30	GE	1305	¿DE DÓNDE OBTIENE PRINCIPALMENTE ESTE HOGAR EL AGUA PARA CONSUMO HUMANO?	4245	OTRO. ¿CUÁL? _____________	SI	SI
1	49	31	GE	1306	¿LA COMUNIDAD CUENTA CON FUENTES DE ENERGÍA PARA EL PROCESAMIENTO DE LOS ALIMENTOS EN EL LUGAR DE ASENTAMIENTO (ENERGÍA ELÉCTRICA, GAS, LEÑA, CARBÓN, GASOLINA, PLANTA ELÉCTRICA?	4246	SI	SI	SI
1	49	31	GE	1306	¿LA COMUNIDAD CUENTA CON FUENTES DE ENERGÍA PARA EL PROCESAMIENTO DE LOS ALIMENTOS EN EL LUGAR DE ASENTAMIENTO (ENERGÍA ELÉCTRICA, GAS, LEÑA, CARBÓN, GASOLINA, PLANTA ELÉCTRICA?	4247	NO	SI	SI
1	49	32	GE	1307	POR FAVOR IDENTIFIQUE, CUALES SON LOS TIPOS DE FUENTES DE ENERGÍA QUE HABITUALMENTE UTILIZA SU COMUNIDAD PARA EL PROCESAMIENTO DE LOS ALIMENTOS,	4248	ELECTRICIDAD	SI	SI
1	49	32	GE	1307	POR FAVOR IDENTIFIQUE, CUALES SON LOS TIPOS DE FUENTES DE ENERGÍA QUE HABITUALMENTE UTILIZA SU COMUNIDAD PARA EL PROCESAMIENTO DE LOS ALIMENTOS,	4249	PETRÓLEO, GASOLINA, KEROSENE, ALCOHOL	SI	SI
1	49	32	GE	1307	POR FAVOR IDENTIFIQUE, CUALES SON LOS TIPOS DE FUENTES DE ENERGÍA QUE HABITUALMENTE UTILIZA SU COMUNIDAD PARA EL PROCESAMIENTO DE LOS ALIMENTOS,	4250	GAS NATURAL CONECTADO A RED PÚBLICA	SI	SI
1	49	32	GE	1307	POR FAVOR IDENTIFIQUE, CUALES SON LOS TIPOS DE FUENTES DE ENERGÍA QUE HABITUALMENTE UTILIZA SU COMUNIDAD PARA EL PROCESAMIENTO DE LOS ALIMENTOS,	4251	GAS PROPANO EN CILINDRO O PIPETA	SI	SI
1	49	32	GE	1307	POR FAVOR IDENTIFIQUE, CUALES SON LOS TIPOS DE FUENTES DE ENERGÍA QUE HABITUALMENTE UTILIZA SU COMUNIDAD PARA EL PROCESAMIENTO DE LOS ALIMENTOS,	4252	LEÑA, MADERA O CARBÓN DE LEÑA	SI	SI
1	49	32	GE	1307	POR FAVOR IDENTIFIQUE, CUALES SON LOS TIPOS DE FUENTES DE ENERGÍA QUE HABITUALMENTE UTILIZA SU COMUNIDAD PARA EL PROCESAMIENTO DE LOS ALIMENTOS,	4253	CARBÓN MINERAL	SI	SI
1	49	32	GE	1307	POR FAVOR IDENTIFIQUE, CUALES SON LOS TIPOS DE FUENTES DE ENERGÍA QUE HABITUALMENTE UTILIZA SU COMUNIDAD PARA EL PROCESAMIENTO DE LOS ALIMENTOS,	4254	MATERIALES DE DESECHO	SI	SI
1	49	32	GE	1307	POR FAVOR IDENTIFIQUE, CUALES SON LOS TIPOS DE FUENTES DE ENERGÍA QUE HABITUALMENTE UTILIZA SU COMUNIDAD PARA EL PROCESAMIENTO DE LOS ALIMENTOS,	4255	OTRO	SI	SI
1	49	33	GE	1308	DE ACUERDO CON SUS USOS Y COSTUMBRES, CONSIDERA QUE, ¿LAS FUENTES DE ENERGÍA QUE ACTUALMENTE POSEE SON SUFICIENTES Y ADECUADAS PARA EL PROCESAMIENTO DE ALIMENTOS EN SU COMUNIDAD?	4256	SI	SI	SI
1	49	33	GE	1308	DE ACUERDO CON SUS USOS Y COSTUMBRES, CONSIDERA QUE, ¿LAS FUENTES DE ENERGÍA QUE ACTUALMENTE POSEE SON SUFICIENTES Y ADECUADAS PARA EL PROCESAMIENTO DE ALIMENTOS EN SU COMUNIDAD?	4257	NO	SI	SI
1	49	34	GE	1309	¿CON QUÉ FRECUENCIA LA COMUNIDAD CUENTA CON LUGARES DE ACOPIO Y/O DISPONE DE ESPACIOS QUE GARANTICEN LA CONSERVACIÓN DE ALIMENTOS?	4258	NUNCA	SI	SI
1	49	34	GE	1309	¿CON QUÉ FRECUENCIA LA COMUNIDAD CUENTA CON LUGARES DE ACOPIO Y/O DISPONE DE ESPACIOS QUE GARANTICEN LA CONSERVACIÓN DE ALIMENTOS?	4259	MAYOR PARTE DEL TIEMPO	SI	SI
1	49	34	GE	1309	¿CON QUÉ FRECUENCIA LA COMUNIDAD CUENTA CON LUGARES DE ACOPIO Y/O DISPONE DE ESPACIOS QUE GARANTICEN LA CONSERVACIÓN DE ALIMENTOS?	4260	SIEMPRE QUE LA COMUNIDAD LO NECESITE	SI	SI
1	49	35	GE	1310	¿DURANTE LOS ÚLTIMOS SEIS MESES, LOS LUGARES DESTINADOS A LA PRODUCCIÓN (FAMILIAR O COMUNITARIA) Y DE ACCESO AL AGUA SE HAN VISTO AFECTADOS POR HECHOS RELACIONADOS CON EL CONFLICTO ARMADO (SIEMBRA DE MINAS ANTIPERSONAL, ASPERSIONES, ABANDONO POR RESTRICCIONES A LA MOVILIDAD O CONFINAMIENTO, CONTAMINACIÓN DE FUENTES HIDRICAS?	4261	SI	SI	SI
1	49	35	GE	1310	¿DURANTE LOS ÚLTIMOS SEIS MESES, LOS LUGARES DESTINADOS A LA PRODUCCIÓN (FAMILIAR O COMUNITARIA) Y DE ACCESO AL AGUA SE HAN VISTO AFECTADOS POR HECHOS RELACIONADOS CON EL CONFLICTO ARMADO (SIEMBRA DE MINAS ANTIPERSONAL, ASPERSIONES, ABANDONO POR RESTRICCIONES A LA MOVILIDAD O CONFINAMIENTO, CONTAMINACIÓN DE FUENTES HIDRICAS?	4262	NO	SI	SI
1	49	36	GE	1311	POR FAVOR IDENTIFIQUE LOS HECHOS	4263	SIEMBRA DE MINAS ANTIPERSONAL	SI	SI
1	49	36	GE	1311	POR FAVOR IDENTIFIQUE LOS HECHOS	4264	ASPERSIONES	SI	SI
1	49	36	GE	1311	POR FAVOR IDENTIFIQUE LOS HECHOS	4265	ABANDONO POR RESTRICCIÓN A LA MOVILIDAD O CONFINAMIENTO	SI	SI
1	49	36	GE	1311	POR FAVOR IDENTIFIQUE LOS HECHOS	4266	CONTAMINACIÓN DE FUENTES HÍDRICAS	SI	SI
1	49	37	GE	1312	¿DURANTE LOS ÚLTIMOS SEIS MESES, SE HAN PRESENTADO HECHOS DE APROPIACIÓN Y/O HURTO DE BIENES DE SUBSISTENCIA DE LA COMUNIDAD POR PARTE DE GRUPOS ARMADOS? (INCLUYE LA ATENCIÓN HUMANITARIA ENTREGADA POR LA UNIDAD PARA LAS VÍCTIMAS)	4267	SI ¿CUÁNTAS VECES?	SI	SI
1	49	37	GE	1312	¿DURANTE LOS ÚLTIMOS SEIS MESES, SE HAN PRESENTADO HECHOS DE APROPIACIÓN Y/O HURTO DE BIENES DE SUBSISTENCIA DE LA COMUNIDAD POR PARTE DE GRUPOS ARMADOS? (INCLUYE LA ATENCIÓN HUMANITARIA ENTREGADA POR LA UNIDAD PARA LAS VÍCTIMAS)	4268	NO	SI	SI
1	49	38	GE	1313	OBSERVACIONES A ESTE CAPITULO	4269		SI	SI
1	50	1	GE	1314	EL TERRITORIO EN EL QUE SE ENCUENTRA ASENTADA LA COMUNIDAD DESPLAZADA ES: 	4270	TERRITORIO PROPIO	SI	SI
1	50	1	GE	1314	EL TERRITORIO EN EL QUE SE ENCUENTRA ASENTADA LA COMUNIDAD DESPLAZADA ES: 	4271	UN TERRITORIO DE ACOGIDA (RESGUARDO O LOTE EN PRÉSTAMO, ACUERDO DE USUFRUCTO, COMODATO)	SI	SI
1	50	1	GE	1314	EL TERRITORIO EN EL QUE SE ENCUENTRA ASENTADA LA COMUNIDAD DESPLAZADA ES: 	4272	UN TERRENO PRIVADO EN ARRIENDO	SI	SI
1	50	1	GE	1314	EL TERRITORIO EN EL QUE SE ENCUENTRA ASENTADA LA COMUNIDAD DESPLAZADA ES: 	4273	UN TERRENO EN INVASIÓN (OCUPACIÓN ILEGAL)	SI	SI
1	50	2	GE	1315	¿EN QUÉ TIPO DE ALOJAMIENTO HABITA LA COMUNIDAD? 	4274	UNIDADES FAMILIARES	SI	SI
1	50	2	GE	1315	¿EN QUÉ TIPO DE ALOJAMIENTO HABITA LA COMUNIDAD? 	4275	UNIDADES COMUNITARIAS	SI	SI
1	50	3	GE	1316	IDENTIFIQUE SOBRE EL TERRITORIO Y CON EL ACOMPAÑAMIENTO DE LAS PERSONAS DELEGADAS PARA LA PRESENTACIÓN DE LA ENTREVISTA SI ¿EL TERRITORIO EN EL QUE SE ENCUENTRA ASENTADA LA COMUNIDAD CUENTAN CON RECURSOS NATURALES (MADERA, PAJA, LIANAS, FIBRAS, ETC.) PARA CONSTRUIR O ADECUAR LA (S) UNIDAD (ES) EN LA QUE HABITA LA COMUNIDAD?	4276	MADERA	SI	SI
1	50	3	GE	1316	IDENTIFIQUE SOBRE EL TERRITORIO Y CON EL ACOMPAÑAMIENTO DE LAS PERSONAS DELEGADAS PARA LA PRESENTACIÓN DE LA ENTREVISTA SI ¿EL TERRITORIO EN EL QUE SE ENCUENTRA ASENTADA LA COMUNIDAD CUENTAN CON RECURSOS NATURALES (MADERA, PAJA, LIANAS, FIBRAS, ETC.) PARA CONSTRUIR O ADECUAR LA (S) UNIDAD (ES) EN LA QUE HABITA LA COMUNIDAD?	4277	PAJA	SI	SI
1	50	3	GE	1316	IDENTIFIQUE SOBRE EL TERRITORIO Y CON EL ACOMPAÑAMIENTO DE LAS PERSONAS DELEGADAS PARA LA PRESENTACIÓN DE LA ENTREVISTA SI ¿EL TERRITORIO EN EL QUE SE ENCUENTRA ASENTADA LA COMUNIDAD CUENTAN CON RECURSOS NATURALES (MADERA, PAJA, LIANAS, FIBRAS, ETC.) PARA CONSTRUIR O ADECUAR LA (S) UNIDAD (ES) EN LA QUE HABITA LA COMUNIDAD?	4278	LIANA (BEJUCO)	SI	SI
1	50	3	GE	1316	IDENTIFIQUE SOBRE EL TERRITORIO Y CON EL ACOMPAÑAMIENTO DE LAS PERSONAS DELEGADAS PARA LA PRESENTACIÓN DE LA ENTREVISTA SI ¿EL TERRITORIO EN EL QUE SE ENCUENTRA ASENTADA LA COMUNIDAD CUENTAN CON RECURSOS NATURALES (MADERA, PAJA, LIANAS, FIBRAS, ETC.) PARA CONSTRUIR O ADECUAR LA (S) UNIDAD (ES) EN LA QUE HABITA LA COMUNIDAD?	4279	FIBRAS	SI	SI
1	50	3	GE	1316	IDENTIFIQUE SOBRE EL TERRITORIO Y CON EL ACOMPAÑAMIENTO DE LAS PERSONAS DELEGADAS PARA LA PRESENTACIÓN DE LA ENTREVISTA SI ¿EL TERRITORIO EN EL QUE SE ENCUENTRA ASENTADA LA COMUNIDAD CUENTAN CON RECURSOS NATURALES (MADERA, PAJA, LIANAS, FIBRAS, ETC.) PARA CONSTRUIR O ADECUAR LA (S) UNIDAD (ES) EN LA QUE HABITA LA COMUNIDAD?	4280	ADOBE	SI	SI
1	50	3	GE	1316	IDENTIFIQUE SOBRE EL TERRITORIO Y CON EL ACOMPAÑAMIENTO DE LAS PERSONAS DELEGADAS PARA LA PRESENTACIÓN DE LA ENTREVISTA SI ¿EL TERRITORIO EN EL QUE SE ENCUENTRA ASENTADA LA COMUNIDAD CUENTAN CON RECURSOS NATURALES (MADERA, PAJA, LIANAS, FIBRAS, ETC.) PARA CONSTRUIR O ADECUAR LA (S) UNIDAD (ES) EN LA QUE HABITA LA COMUNIDAD?	4281	OTRO ¿CUÁL?	SI	SI
1	50	3	GE	1316	IDENTIFIQUE SOBRE EL TERRITORIO Y CON EL ACOMPAÑAMIENTO DE LAS PERSONAS DELEGADAS PARA LA PRESENTACIÓN DE LA ENTREVISTA SI ¿EL TERRITORIO EN EL QUE SE ENCUENTRA ASENTADA LA COMUNIDAD CUENTAN CON RECURSOS NATURALES (MADERA, PAJA, LIANAS, FIBRAS, ETC.) PARA CONSTRUIR O ADECUAR LA (S) UNIDAD (ES) EN LA QUE HABITA LA COMUNIDAD?	4282	NINGUNA	SI	SI
1	50	4	GE	1317	DE ACUERDO A SU CULTURA Y CONDICIONES DE VIDA, LA COMUNIDAD CUENTA CON ESPACIO SUFICIENTE PARA HABITAR Y DESCANSAR: (POR FAVOR VERIFIQUE EN EL ASENTAMIENTO LA RESPUESTA DE LA COMUNIDAD)	4283	SI	SI	SI
1	50	4	GE	1317	DE ACUERDO A SU CULTURA Y CONDICIONES DE VIDA, LA COMUNIDAD CUENTA CON ESPACIO SUFICIENTE PARA HABITAR Y DESCANSAR: (POR FAVOR VERIFIQUE EN EL ASENTAMIENTO LA RESPUESTA DE LA COMUNIDAD)	4284	NO	SI	SI
1	50	5	GE	1318	IDENTIFIQUE SOBRE EL TERRITORIO Y CON EL ACOMPAÑAMIENTO DE LAS PERSONAS DELEGADAS PARA PRESENTAR LA ENCUESTA, SI EN EL ESPACIO EN EL QUE HABITAN LOS HOGARES O LA COMUNIDAD CUENTAN CON LOS SIGUIENTES ELEMENTOS MOBILIARIOS PARA LA HABITABILIDAD BÁSICA Y SEÑALE A CONTINUACIÓN (CALIDAD COLCHÓN/ COLCHONETA / HAMACAS/ESTERAS)	4285	BUENA	SI	SI
1	50	5	GE	1318	IDENTIFIQUE SOBRE EL TERRITORIO Y CON EL ACOMPAÑAMIENTO DE LAS PERSONAS DELEGADAS PARA PRESENTAR LA ENCUESTA, SI EN EL ESPACIO EN EL QUE HABITAN LOS HOGARES O LA COMUNIDAD CUENTAN CON LOS SIGUIENTES ELEMENTOS MOBILIARIOS PARA LA HABITABILIDAD BÁSICA Y SEÑALE A CONTINUACIÓN (CALIDAD COLCHÓN/ COLCHONETA / HAMACAS/ESTERAS)	4286	MALA	SI	SI
1	50	6	GE	1319	IDENTIFIQUE SOBRE EL TERRITORIO Y CON EL ACOMPAÑAMIENTO DE LAS PERSONAS DELEGADAS PARA PRESENTAR LA ENCUESTA, SI EN EL ESPACIO EN EL QUE HABITAN LOS HOGARES O LA COMUNIDAD CUENTAN CON LOS SIGUIENTES ELEMENTOS MOBILIARIOS PARA LA HABITABILIDAD BÁSICA Y SEÑALE A CONTINUACIÓN (CANTIDAD COLCHÓN/ COLCHONETA / HAMACAS/ESTERAS)	4287	SUFICIENTES	SI	SI
1	50	6	GE	1319	IDENTIFIQUE SOBRE EL TERRITORIO Y CON EL ACOMPAÑAMIENTO DE LAS PERSONAS DELEGADAS PARA PRESENTAR LA ENCUESTA, SI EN EL ESPACIO EN EL QUE HABITAN LOS HOGARES O LA COMUNIDAD CUENTAN CON LOS SIGUIENTES ELEMENTOS MOBILIARIOS PARA LA HABITABILIDAD BÁSICA Y SEÑALE A CONTINUACIÓN (CANTIDAD COLCHÓN/ COLCHONETA / HAMACAS/ESTERAS)	4288	INSUFICIENTES	SI	SI
1	50	7	GE	1320	IDENTIFIQUE SOBRE EL TERRITORIO Y CON EL ACOMPAÑAMIENTO DE LAS PERSONAS DELEGADAS PARA PRESENTAR LA ENCUESTA, SI EN EL ESPACIO EN EL QUE HABITAN LOS HOGARES O LA COMUNIDAD CUENTAN CON LOS SIGUIENTES ELEMENTOS MOBILIARIOS PARA LA HABITABILIDAD BÁSICA Y SEÑALE A CONTINUACIÓN (CALIDAD UTENSILIOS DE COCINA)	4289	BUENA	SI	SI
1	50	7	GE	1320	IDENTIFIQUE SOBRE EL TERRITORIO Y CON EL ACOMPAÑAMIENTO DE LAS PERSONAS DELEGADAS PARA PRESENTAR LA ENCUESTA, SI EN EL ESPACIO EN EL QUE HABITAN LOS HOGARES O LA COMUNIDAD CUENTAN CON LOS SIGUIENTES ELEMENTOS MOBILIARIOS PARA LA HABITABILIDAD BÁSICA Y SEÑALE A CONTINUACIÓN (CALIDAD UTENSILIOS DE COCINA)	4290	MALA	SI	SI
1	50	8	GE	1321	IDENTIFIQUE SOBRE EL TERRITORIO Y CON EL ACOMPAÑAMIENTO DE LAS PERSONAS DELEGADAS PARA PRESENTAR LA ENCUESTA, SI EN EL ESPACIO EN EL QUE HABITAN LOS HOGARES O LA COMUNIDAD CUENTAN CON LOS SIGUIENTES ELEMENTOS MOBILIARIOS PARA LA HABITABILIDAD BÁSICA Y SEÑALE A CONTINUACIÓN (CANTIDAD UTENSILIOS DE COCINA)	4291	SUFICIENTES	SI	SI
1	50	8	GE	1321	IDENTIFIQUE SOBRE EL TERRITORIO Y CON EL ACOMPAÑAMIENTO DE LAS PERSONAS DELEGADAS PARA PRESENTAR LA ENCUESTA, SI EN EL ESPACIO EN EL QUE HABITAN LOS HOGARES O LA COMUNIDAD CUENTAN CON LOS SIGUIENTES ELEMENTOS MOBILIARIOS PARA LA HABITABILIDAD BÁSICA Y SEÑALE A CONTINUACIÓN (CANTIDAD UTENSILIOS DE COCINA)	4292	INSUFICIENTES	SI	SI
1	50	9	GE	1322	¿CÓMO SE DA EL PROCESO DE ELIMINACIÓN DE EXCRETAS EN LA COMUNIDAD?	4293	INODORO CONECTADO  A ALCANTARILLADO  	SI	SI
1	50	9	GE	1322	¿CÓMO SE DA EL PROCESO DE ELIMINACIÓN DE EXCRETAS EN LA COMUNIDAD?	4294	INODORO CONECTADO A POZO SÉPTICO	SI	SI
1	50	9	GE	1322	¿CÓMO SE DA EL PROCESO DE ELIMINACIÓN DE EXCRETAS EN LA COMUNIDAD?	4295	INODORO SIN CONEXIÓN	SI	SI
1	50	9	GE	1322	¿CÓMO SE DA EL PROCESO DE ELIMINACIÓN DE EXCRETAS EN LA COMUNIDAD?	4296	LETRINA	SI	SI
1	50	9	GE	1322	¿CÓMO SE DA EL PROCESO DE ELIMINACIÓN DE EXCRETAS EN LA COMUNIDAD?	4297	BAJAMAR	SI	SI
1	50	9	GE	1322	¿CÓMO SE DA EL PROCESO DE ELIMINACIÓN DE EXCRETAS EN LA COMUNIDAD?	4298	LA ENTIERRAN	SI	SI
1	50	9	GE	1322	¿CÓMO SE DA EL PROCESO DE ELIMINACIÓN DE EXCRETAS EN LA COMUNIDAD?	4299	RÍO, QUEBRADA, CAÑO O LAGUNA	SI	SI
1	50	9	GE	1322	¿CÓMO SE DA EL PROCESO DE ELIMINACIÓN DE EXCRETAS EN LA COMUNIDAD?	4300	PATIO, LOTE, ZANJA O BALDÍO	SI	SI
1	50	9	GE	1322	¿CÓMO SE DA EL PROCESO DE ELIMINACIÓN DE EXCRETAS EN LA COMUNIDAD?	4301	A CAMPO ABIERTO	SI	SI
1	50	10	GE	1323	¿CUÁL ES LA FORMA DE DISPOSICIÓN DE RESIDUOS O LAS BASURAS EN LA COMUNIDAD?	4302	POR RECOLECCIÓN PÚBLICA O PRIVADA	SI	SI
1	50	10	GE	1323	¿CUÁL ES LA FORMA DE DISPOSICIÓN DE RESIDUOS O LAS BASURAS EN LA COMUNIDAD?	4303	LA ARROJAN A UN RÍO, QUEBRADA, CAÑO O LAGUNA	SI	SI
1	50	10	GE	1323	¿CUÁL ES LA FORMA DE DISPOSICIÓN DE RESIDUOS O LAS BASURAS EN LA COMUNIDAD?	4304	LA ARROJAN A UN PATIO, LOTE, ZANJA O BALDÍO	SI	SI
1	50	10	GE	1323	¿CUÁL ES LA FORMA DE DISPOSICIÓN DE RESIDUOS O LAS BASURAS EN LA COMUNIDAD?	4305	LA QUEMAN O ENTIERRAN	SI	SI
1	50	10	GE	1323	¿CUÁL ES LA FORMA DE DISPOSICIÓN DE RESIDUOS O LAS BASURAS EN LA COMUNIDAD?	4306	LA RECICLAN (PRODUCIR ENERGÍA, ALIMENTAR ANIMALES, ABONO)	SI	SI
1	50	10	GE	1323	¿CUÁL ES LA FORMA DE DISPOSICIÓN DE RESIDUOS O LAS BASURAS EN LA COMUNIDAD?	4307	LA ELIMINAN DE OTRA FORMA	SI	SI
1	50	10	GE	1323	¿CUÁL ES LA FORMA DE DISPOSICIÓN DE RESIDUOS O LAS BASURAS EN LA COMUNIDAD?	4308	A CAMPO ABIERTO	SI	SI
1	50	11	GE	1324	¿DURANTE LOS ÚLTIMOS SEIS MESES, LAS UNIDADES DE HABITACIÓN O LA ZONA DESTINADA PARA LA HABITACIÓN DE LOS HOGARES O DE LA COMUNIDAD HAN SIDO OCUPADAS POR GRUPOS ARMADOS RESULTANDO AFECTADAS?	4309	SI	SI	SI
1	50	11	GE	1324	¿DURANTE LOS ÚLTIMOS SEIS MESES, LAS UNIDADES DE HABITACIÓN O LA ZONA DESTINADA PARA LA HABITACIÓN DE LOS HOGARES O DE LA COMUNIDAD HAN SIDO OCUPADAS POR GRUPOS ARMADOS RESULTANDO AFECTADAS?	4310	NO	SI	SI
1	50	12	GE	1325	SI SU RESPUESTA FUE POSITIVA ESCRIBA A CONTINUACIÓN: NÚMERO DE VECES	4311		SI	SI
1	50	13	GE	1326	SI SU RESPUESTA FUE POSITIVA ESCRIBA A CONTINUACIÓN: DURACIÓN EN DÍAS	4312		SI	SI
1	50	14	GE	1327	OBSERVACIONES A ESTE CAPITULO	4313		SI	SI
1	51	1	GE	1328	¿TODOS LOS MIEMBROS DE LA COMUNIDAD SE ENCUENTRAN AFILIADOS AL SISTEMA DE SEGURIDAD SOCIAL EN SALUD?	4314	SI	SI	SI
1	51	1	GE	1328	¿TODOS LOS MIEMBROS DE LA COMUNIDAD SE ENCUENTRAN AFILIADOS AL SISTEMA DE SEGURIDAD SOCIAL EN SALUD?	4315	NO	SI	SI
1	51	2	GE	1329	¿CON QUE FRECUENCIA LA COMUNIDAD ES ATENDIDA EN INSTITUCIONES, CENTROS DE SALUD U HOSPITALES CUANDO ASÍ SE REQUIERE?	4316	SIEMPRE	SI	SI
1	51	2	GE	1329	¿CON QUE FRECUENCIA LA COMUNIDAD ES ATENDIDA EN INSTITUCIONES, CENTROS DE SALUD U HOSPITALES CUANDO ASÍ SE REQUIERE?	4317	CASI SIEMPRE	SI	SI
1	51	2	GE	1329	¿CON QUE FRECUENCIA LA COMUNIDAD ES ATENDIDA EN INSTITUCIONES, CENTROS DE SALUD U HOSPITALES CUANDO ASÍ SE REQUIERE?	4318	CASI NUNCA	SI	SI
1	51	2	GE	1329	¿CON QUE FRECUENCIA LA COMUNIDAD ES ATENDIDA EN INSTITUCIONES, CENTROS DE SALUD U HOSPITALES CUANDO ASÍ SE REQUIERE?	4319	NUNCA	SI	SI
1	51	3	GE	1330	¿DURANTE LOS ÚLTIMOS SEIS MESES SE HAN LLEVADO A CABO JORNADAS PARA LA ATENCIÓN EN SALUD EN LA COMUNIDAD DESPLAZADA?	4320	SI	SI	SI
1	51	3	GE	1330	¿DURANTE LOS ÚLTIMOS SEIS MESES SE HAN LLEVADO A CABO JORNADAS PARA LA ATENCIÓN EN SALUD EN LA COMUNIDAD DESPLAZADA?	4321	NO	SI	SI
1	51	4	GE	1331	POR FAVOR IDENTIFIQUE LOS TIPOS DE SERVICIOS PRESTADOS SEGÚN CORRESPONDA:	4322	MÉDICO GENERAL	SI	SI
1	51	4	GE	1331	POR FAVOR IDENTIFIQUE LOS TIPOS DE SERVICIOS PRESTADOS SEGÚN CORRESPONDA:	4323	PSICOLOGÍA	SI	SI
1	51	4	GE	1331	POR FAVOR IDENTIFIQUE LOS TIPOS DE SERVICIOS PRESTADOS SEGÚN CORRESPONDA:	4324	ODONTOLOGÍA	SI	SI
1	51	4	GE	1331	POR FAVOR IDENTIFIQUE LOS TIPOS DE SERVICIOS PRESTADOS SEGÚN CORRESPONDA:	4325	CONTROL DE CRECIMIENTO Y DESARROLLO	SI	SI
1	51	4	GE	1331	POR FAVOR IDENTIFIQUE LOS TIPOS DE SERVICIOS PRESTADOS SEGÚN CORRESPONDA:	4326	VACUNACIÓN	SI	SI
1	51	4	GE	1331	POR FAVOR IDENTIFIQUE LOS TIPOS DE SERVICIOS PRESTADOS SEGÚN CORRESPONDA:	4327	FUMIGACIÓN DE VECTORES TRANSMISORES DE ENFERMEDADES	SI	SI
1	51	5	GE	1332	¿LA COMUNIDAD CUENTA CON PROMOTOR (ES) DE SALUD ASIGNADO?	4328	SI	SI	SI
1	51	5	GE	1332	¿LA COMUNIDAD CUENTA CON PROMOTOR (ES) DE SALUD ASIGNADO?	4329	NO	SI	SI
1	51	6	GE	1333	¿EN EL LUGAR DE ASENTAMIENTO SE EJERCEN PRÁCTICAS DE MEDICINA ANCESTRAL O DE SANACIÓN Y ARMONZACION DEL CUERPO Y EL ESPIRITU?	4330	SI ¿CUALES?	SI	SI
1	51	6	GE	1333	¿EN EL LUGAR DE ASENTAMIENTO SE EJERCEN PRÁCTICAS DE MEDICINA ANCESTRAL O DE SANACIÓN Y ARMONZACION DEL CUERPO Y EL ESPIRITU?	4331	NO	SI	SI
1	51	7	GE	1334	¿EN EL LUGAR DE ASENTAMIENTO CUENTAN CON PLANTAS O ELEMENTOS PROPIOS Y NECESARIOS PARA EL EJERCICIO DE LA MEDICINA ANCESTRAL?	4332	SI	SI	SI
1	51	7	GE	1334	¿EN EL LUGAR DE ASENTAMIENTO CUENTAN CON PLANTAS O ELEMENTOS PROPIOS Y NECESARIOS PARA EL EJERCICIO DE LA MEDICINA ANCESTRAL?	4333	NO	SI	SI
1	51	8	GE	1335	POR FAVOR SEÑALE LAS ALTERNATIVAS DESARROLLADAS POR LA COMUNIDAD PARA ACCEDER A LAS PLANTAS Y ELEMENTOS DE LA MEDICINA ANCESTRAL:	4334		SI	SI
1	51	9	GE	1336	¿EN EL LUGAR DE ASENTAMIENTO SE DESARROLLAN PROCESOS DE TRANSMISIÓN DE SABERES RELACIONADOS CON LA MEDICINA ANCESTRAL?	4335	SI	SI	SI
1	51	9	GE	1336	¿EN EL LUGAR DE ASENTAMIENTO SE DESARROLLAN PROCESOS DE TRANSMISIÓN DE SABERES RELACIONADOS CON LA MEDICINA ANCESTRAL?	4336	NO ¿POR QUÉ?	SI	SI
1	51	10	GE	1337	OBSERVACIONES A ESTE CAPITULO	4337		SI	SI
1	52	1	GE	1338	DE ACUERDO CON EL TESTIMONIO DE LAS PERSONAS QUE SE ENCUENTRAN BRINDANDO LA INFORMACIÓN, POR FAVOR SEÑALE CON UNA X LAS OPCIONES QUE CORRESPONDAN  A LOS FACTORES PRESENTES EN EL TERRITORIO DE RECEPCIÓN / REUBICACIÓN / RETORNO	4338	MINERÍA ILEGAL 	SI	SI
1	52	1	GE	1338	DE ACUERDO CON EL TESTIMONIO DE LAS PERSONAS QUE SE ENCUENTRAN BRINDANDO LA INFORMACIÓN, POR FAVOR SEÑALE CON UNA X LAS OPCIONES QUE CORRESPONDAN  A LOS FACTORES PRESENTES EN EL TERRITORIO DE RECEPCIÓN / REUBICACIÓN / RETORNO	4339	EXPLORACIÓN Y EXPLORACIÓN MINERO-ENERGÉTICA (PETRÓLEO, GAS ETC)	SI	SI
1	52	1	GE	1338	DE ACUERDO CON EL TESTIMONIO DE LAS PERSONAS QUE SE ENCUENTRAN BRINDANDO LA INFORMACIÓN, POR FAVOR SEÑALE CON UNA X LAS OPCIONES QUE CORRESPONDAN  A LOS FACTORES PRESENTES EN EL TERRITORIO DE RECEPCIÓN / REUBICACIÓN / RETORNO	4340	PRESENCIA DE CAMPAMENTOS DE ACTORES ARMADOS ILEGALES 	SI	SI
1	52	1	GE	1338	DE ACUERDO CON EL TESTIMONIO DE LAS PERSONAS QUE SE ENCUENTRAN BRINDANDO LA INFORMACIÓN, POR FAVOR SEÑALE CON UNA X LAS OPCIONES QUE CORRESPONDAN  A LOS FACTORES PRESENTES EN EL TERRITORIO DE RECEPCIÓN / REUBICACIÓN / RETORNO	4341	PRESENCIA DE BASES MILITARES	SI	SI
1	52	1	GE	1338	DE ACUERDO CON EL TESTIMONIO DE LAS PERSONAS QUE SE ENCUENTRAN BRINDANDO LA INFORMACIÓN, POR FAVOR SEÑALE CON UNA X LAS OPCIONES QUE CORRESPONDAN  A LOS FACTORES PRESENTES EN EL TERRITORIO DE RECEPCIÓN / REUBICACIÓN / RETORNO	4342	COMBATES O BOMBARDEOS	SI	SI
1	52	1	GE	1338	DE ACUERDO CON EL TESTIMONIO DE LAS PERSONAS QUE SE ENCUENTRAN BRINDANDO LA INFORMACIÓN, POR FAVOR SEÑALE CON UNA X LAS OPCIONES QUE CORRESPONDAN  A LOS FACTORES PRESENTES EN EL TERRITORIO DE RECEPCIÓN / REUBICACIÓN / RETORNO	4343	RESTRICCIONES A LA MOVILIDAD	SI	SI
1	52	1	GE	1338	DE ACUERDO CON EL TESTIMONIO DE LAS PERSONAS QUE SE ENCUENTRAN BRINDANDO LA INFORMACIÓN, POR FAVOR SEÑALE CON UNA X LAS OPCIONES QUE CORRESPONDAN  A LOS FACTORES PRESENTES EN EL TERRITORIO DE RECEPCIÓN / REUBICACIÓN / RETORNO	4344	CONFINAMIENTO	SI	SI
1	52	1	GE	1338	DE ACUERDO CON EL TESTIMONIO DE LAS PERSONAS QUE SE ENCUENTRAN BRINDANDO LA INFORMACIÓN, POR FAVOR SEÑALE CON UNA X LAS OPCIONES QUE CORRESPONDAN  A LOS FACTORES PRESENTES EN EL TERRITORIO DE RECEPCIÓN / REUBICACIÓN / RETORNO	4345	PRESENCIA DE MAP, MUSE, ETC	SI	SI
1	52	1	GE	1338	DE ACUERDO CON EL TESTIMONIO DE LAS PERSONAS QUE SE ENCUENTRAN BRINDANDO LA INFORMACIÓN, POR FAVOR SEÑALE CON UNA X LAS OPCIONES QUE CORRESPONDAN  A LOS FACTORES PRESENTES EN EL TERRITORIO DE RECEPCIÓN / REUBICACIÓN / RETORNO	4346	MEGAPROYECTOS DE INFRAESTRUCTURA Y/O TURÍSTICOS (REPRESAS, HOTELERÍA ETC)	SI	SI
1	52	1	GE	1338	DE ACUERDO CON EL TESTIMONIO DE LAS PERSONAS QUE SE ENCUENTRAN BRINDANDO LA INFORMACIÓN, POR FAVOR SEÑALE CON UNA X LAS OPCIONES QUE CORRESPONDAN  A LOS FACTORES PRESENTES EN EL TERRITORIO DE RECEPCIÓN / REUBICACIÓN / RETORNO	4347	GANADERÍA EXTENSIVA 	SI	SI
1	52	1	GE	1338	DE ACUERDO CON EL TESTIMONIO DE LAS PERSONAS QUE SE ENCUENTRAN BRINDANDO LA INFORMACIÓN, POR FAVOR SEÑALE CON UNA X LAS OPCIONES QUE CORRESPONDAN  A LOS FACTORES PRESENTES EN EL TERRITORIO DE RECEPCIÓN / REUBICACIÓN / RETORNO	4348	PRESENCIA DE CULTIVOS DE USO ILÍCITO 	SI	SI
1	52	1	GE	1338	DE ACUERDO CON EL TESTIMONIO DE LAS PERSONAS QUE SE ENCUENTRAN BRINDANDO LA INFORMACIÓN, POR FAVOR SEÑALE CON UNA X LAS OPCIONES QUE CORRESPONDAN  A LOS FACTORES PRESENTES EN EL TERRITORIO DE RECEPCIÓN / REUBICACIÓN / RETORNO	4349	ASPERSIONES Y/O FUMIGACIONES AÉREAS PARA ERRADICACIÓN DE CULTIVOS DE USO ILÍCITO 	SI	SI
1	52	1	GE	1338	DE ACUERDO CON EL TESTIMONIO DE LAS PERSONAS QUE SE ENCUENTRAN BRINDANDO LA INFORMACIÓN, POR FAVOR SEÑALE CON UNA X LAS OPCIONES QUE CORRESPONDAN  A LOS FACTORES PRESENTES EN EL TERRITORIO DE RECEPCIÓN / REUBICACIÓN / RETORNO	4350	RUTAS DE TRÁNSITO DE ESTUPEFACIENTES Y/O ARMAS 	SI	SI
1	52	1	GE	1338	DE ACUERDO CON EL TESTIMONIO DE LAS PERSONAS QUE SE ENCUENTRAN BRINDANDO LA INFORMACIÓN, POR FAVOR SEÑALE CON UNA X LAS OPCIONES QUE CORRESPONDAN  A LOS FACTORES PRESENTES EN EL TERRITORIO DE RECEPCIÓN / REUBICACIÓN / RETORNO	4351	ACTIVIDADES DE EXPLOTACIÓN MADERERA 	SI	SI
1	52	1	GE	1338	DE ACUERDO CON EL TESTIMONIO DE LAS PERSONAS QUE SE ENCUENTRAN BRINDANDO LA INFORMACIÓN, POR FAVOR SEÑALE CON UNA X LAS OPCIONES QUE CORRESPONDAN  A LOS FACTORES PRESENTES EN EL TERRITORIO DE RECEPCIÓN / REUBICACIÓN / RETORNO	4352	CULTIVOS EXTENSIVOS	SI	SI
1	52	1	GE	1338	DE ACUERDO CON EL TESTIMONIO DE LAS PERSONAS QUE SE ENCUENTRAN BRINDANDO LA INFORMACIÓN, POR FAVOR SEÑALE CON UNA X LAS OPCIONES QUE CORRESPONDAN  A LOS FACTORES PRESENTES EN EL TERRITORIO DE RECEPCIÓN / REUBICACIÓN / RETORNO	4353	OTRA ¿CUÁL? 	SI	SI
1	52	1	GE	1338	DE ACUERDO CON EL TESTIMONIO DE LAS PERSONAS QUE SE ENCUENTRAN BRINDANDO LA INFORMACIÓN, POR FAVOR SEÑALE CON UNA X LAS OPCIONES QUE CORRESPONDAN  A LOS FACTORES PRESENTES EN EL TERRITORIO DE RECEPCIÓN / REUBICACIÓN / RETORNO	4354	NINGUNA	SI	SI
1	52	2	GE	1339	OBSERVACIONES A ESTE CAPITULO	4355		SI	SI
1	53	1	GE	1340	POR FAVOR VERIFIQUE LA PRESENCIA DE PROGRAMAS O PROYECTOS QUE SE ESTEN DESARROLLANDO O SE HAYAN CONCLUIDO EN LA COMUNIDAD EN RELACION CON LA ALIMENTACION Y EL ALOJAMIENTO	4356	1 PROYECTO	SI	SI
1	53	1	GE	1340	POR FAVOR VERIFIQUE LA PRESENCIA DE PROGRAMAS O PROYECTOS QUE SE ESTEN DESARROLLANDO O SE HAYAN CONCLUIDO EN LA COMUNIDAD EN RELACION CON LA ALIMENTACION Y EL ALOJAMIENTO	4357	2 PROYECTOS	SI	SI
1	53	1	GE	1340	POR FAVOR VERIFIQUE LA PRESENCIA DE PROGRAMAS O PROYECTOS QUE SE ESTEN DESARROLLANDO O SE HAYAN CONCLUIDO EN LA COMUNIDAD EN RELACION CON LA ALIMENTACION Y EL ALOJAMIENTO	4358	3 PROYECTOS	SI	SI
1	53	1	GE	1340	POR FAVOR VERIFIQUE LA PRESENCIA DE PROGRAMAS O PROYECTOS QUE SE ESTEN DESARROLLANDO O SE HAYAN CONCLUIDO EN LA COMUNIDAD EN RELACION CON LA ALIMENTACION Y EL ALOJAMIENTO	4359	4 PROYECTOS	SI	SI
1	53	1	GE	1340	POR FAVOR VERIFIQUE LA PRESENCIA DE PROGRAMAS O PROYECTOS QUE SE ESTEN DESARROLLANDO O SE HAYAN CONCLUIDO EN LA COMUNIDAD EN RELACION CON LA ALIMENTACION Y EL ALOJAMIENTO	4360	5 PROYECTOS	SI	SI
1	53	1	GE	1340	POR FAVOR VERIFIQUE LA PRESENCIA DE PROGRAMAS O PROYECTOS QUE SE ESTEN DESARROLLANDO O SE HAYAN CONCLUIDO EN LA COMUNIDAD EN RELACION CON LA ALIMENTACION Y EL ALOJAMIENTO	4361	6 PROYECTOS	SI	SI
1	53	1	GE	1340	POR FAVOR VERIFIQUE LA PRESENCIA DE PROGRAMAS O PROYECTOS QUE SE ESTEN DESARROLLANDO O SE HAYAN CONCLUIDO EN LA COMUNIDAD EN RELACION CON LA ALIMENTACION Y EL ALOJAMIENTO	4362	7 PROYECTOS	SI	SI
1	53	1	GE	1340	POR FAVOR VERIFIQUE LA PRESENCIA DE PROGRAMAS O PROYECTOS QUE SE ESTEN DESARROLLANDO O SE HAYAN CONCLUIDO EN LA COMUNIDAD EN RELACION CON LA ALIMENTACION Y EL ALOJAMIENTO	4465	NINGUNO	SI	SI
1	53	2	GE	1341	PROYECTO 1: ENTIDAD / INSTITUCIÓN PROVEEDORA 	4366		SI	SI
1	53	3	GE	1342	PROYECTO 1: CARÁCTER DE LA ENTIDAD	4367	PÚBLICA	SI	SI
1	53	3	GE	1342	PROYECTO 1: CARÁCTER DE LA ENTIDAD	4368	PRIVADA	SI	SI
1	53	3	GE	1342	PROYECTO 1: CARÁCTER DE LA ENTIDAD	4369	TERCER SECTOR ONG'S	SI	SI
1	53	4	GE	1343	PROYECTO 1: NOMBRE DEL PROGRAMA/PROYECTO	4370		SI	SI
1	53	5	GE	1344	PROYECTO 1: DESCRIPCIÓN DE LA OFERTA ENTREGADA/ACCEDIDA	4371		SI	SI
1	53	6	GE	1345	PROYECTO 1: EL PROYECTO O PROGRAMA A LA COMUNIDAD POR:	4372	DEMANDA/GESTIÓN	SI	SI
1	53	6	GE	1345	PROYECTO 1: EL PROYECTO O PROGRAMA A LA COMUNIDAD POR:	4373	OFERTA	SI	SI
1	53	7	GE	1346	PROYECTO 1: FECHA DE INICIO	4374		SI	SI
1	53	8	GE	1347	PROYECTO 1: FECHA CIERRE (También puede ser una fecha proyectada)	4375		SI	SI
1	53	9	GE	1348	PROYECTO 1: NÚMERO DE BENEFICIARIOS	4376		SI	SI
1	53	10	GE	1349	PROYECTO 1: IMPACTO CUALITATIVO DEL PROYECTO	4377		SI	SI
1	53	11	GE	1350	PROYECTO 1: COBERTURA PORCENTUAL DEL PROYECTO	4378		SI	SI
1	53	12	GE	1351	PROYECTO 1: AVANCE PORCENTUAL DEL PROYECTO	4379		SI	SI
1	53	13	GE	1352	PROYECTO 2: ENTIDAD / INSTITUCIÓN PROVEEDORA 	4380		SI	SI
1	53	14	GE	1353	PROYECTO 2: CARÁCTER DE LA ENTIDAD	4381	PÚBLICA	SI	SI
1	53	14	GE	1353	PROYECTO 2: CARÁCTER DE LA ENTIDAD	4382	PRIVADA	SI	SI
1	53	14	GE	1353	PROYECTO 2: CARÁCTER DE LA ENTIDAD	4383	TERCER SECTOR ONG'S	SI	SI
1	53	15	GE	1354	PROYECTO 2: NOMBRE DEL PROGRAMA/PROYECTO	4384		SI	SI
1	53	16	GE	1355	PROYECTO 2: DESCRIPCIÓN DE LA OFERTA ENTREGADA/ACCEDIDA	4385		SI	SI
1	53	17	GE	1356	PROYECTO 2: EL PROYECTO O PROGRAMA A LA COMUNIDAD POR:	4386	DEMANDA/GESTIÓN	SI	SI
1	53	17	GE	1356	PROYECTO 2: EL PROYECTO O PROGRAMA A LA COMUNIDAD POR:	4387	OFERTA	SI	SI
1	53	18	GE	1357	PROYECTO 2: FECHA DE INICIO	4388		SI	SI
1	53	19	GE	1358	PROYECTO 2: FECHA CIERRE (También puede ser una fecha proyectada)	4389		SI	SI
1	53	20	GE	1359	PROYECTO 2: NÚMERO DE BENEFICIARIOS	4390		SI	SI
1	53	21	GE	1360	PROYECTO 2: IMPACTO CUALITATIVO DEL PROYECTO	4391		SI	SI
1	53	22	GE	1361	PROYECTO 2: COBERTURA PORCENTUAL DEL PROYECTO	4392		SI	SI
1	53	23	GE	1362	PROYECTO 2: AVANCE PORCENTUAL DEL PROYECTO	4393		SI	SI
1	53	24	GE	1363	PROYECTO 3: ENTIDAD / INSTITUCIÓN PROVEEDORA 	4394		SI	SI
1	53	25	GE	1364	PROYECTO 3: CARÁCTER DE LA ENTIDAD	4395	PÚBLICA	SI	SI
1	53	25	GE	1364	PROYECTO 3: CARÁCTER DE LA ENTIDAD	4396	PRIVADA	SI	SI
1	53	25	GE	1364	PROYECTO 3: CARÁCTER DE LA ENTIDAD	4397	TERCER SECTOR ONG'S	SI	SI
1	53	26	GE	1365	PROYECTO 3: NOMBRE DEL PROGRAMA/PROYECTO	4398		SI	SI
1	53	27	GE	1366	DESCRIPCIÓN DE LA OFERTA ENTREGADA/ACCEDIDA	4399		SI	SI
1	53	28	GE	1367	PROYECTO 3: EL PROYECTO O PROGRAMA A LA COMUNIDAD POR:	4400	DEMANDA/GESTIÓN	SI	SI
1	53	28	GE	1367	PROYECTO 3: EL PROYECTO O PROGRAMA A LA COMUNIDAD POR:	4401	OFERTA	SI	SI
1	53	29	GE	1368	PROYECTO 3: FECHA DE INICIO	4402		SI	SI
1	53	30	GE	1369	PROYECTO 3: FECHA CIERRE (También puede ser una fecha proyectada)	4403		SI	SI
1	53	31	GE	1370	PROYECTO 3: NÚMERO DE BENEFICIARIOS	4404		SI	SI
1	53	32	GE	1371	PROYECTO 3: IMPACTO CUALITATIVO DEL PROYECTO	4405		SI	SI
1	53	33	GE	1372	PROYECTO 3: COBERTURA PORCENTUAL DEL PROYECTO	4406		SI	SI
1	53	34	GE	1373	PROYECTO 3: AVANCE PORCENTUAL DEL PROYECTO	4407		SI	SI
1	53	35	GE	1374	PROYECTO 4: ENTIDAD / INSTITUCIÓN PROVEEDORA 	4408		SI	SI
1	53	36	GE	1375	PROYECTO 4: CARÁCTER DE LA ENTIDAD	4409	PÚBLICA	SI	SI
1	53	36	GE	1375	PROYECTO 4: CARÁCTER DE LA ENTIDAD	4410	PRIVADA	SI	SI
1	53	36	GE	1375	PROYECTO 4: CARÁCTER DE LA ENTIDAD	4411	TERCER SECTOR ONG'S	SI	SI
1	53	37	GE	1376	PROYECTO 4: NOMBRE DEL PROGRAMA/PROYECTO	4412		SI	SI
1	53	38	GE	1377	PROYECTO 4: DESCRIPCIÓN DE LA OFERTA ENTREGADA/ACCEDIDA	4413		SI	SI
1	53	39	GE	1378	PROYECTO 4: EL PROYECTO O PROGRAMA A LA COMUNIDAD POR:	4414	DEMANDA/GESTIÓN	SI	SI
1	53	39	GE	1378	PROYECTO 4: EL PROYECTO O PROGRAMA A LA COMUNIDAD POR:	4415	OFERTA	SI	SI
1	53	40	GE	1379	PROYECTO 4: FECHA DE INICIO	4416		SI	SI
1	53	41	GE	1380	PROYECTO 4: FECHA CIERRE (También puede ser una fecha proyectada)	4417		SI	SI
1	53	42	GE	1381	PROYECTO 4: NÚMERO DE BENEFICIARIOS	4418		SI	SI
1	53	43	GE	1382	PROYECTO 4: IMPACTO CUALITATIVO DEL PROYECTO	4419		SI	SI
1	53	44	GE	1383	PROYECTO 4: COBERTURA PORCENTUAL DEL PROYECTO	4420		SI	SI
1	53	45	GE	1384	PROYECTO 4: AVANCE PORCENTUAL DEL PROYECTO	4421		SI	SI
1	53	46	GE	1385	PROYECTO 5: ENTIDAD / INSTITUCIÓN PROVEEDORA 	4422		SI	SI
1	53	47	GE	1386	PROYECTO 5: CARÁCTER DE LA ENTIDAD	4423	PÚBLICA	SI	SI
1	53	47	GE	1386	PROYECTO 5: CARÁCTER DE LA ENTIDAD	4424	PRIVADA	SI	SI
1	53	47	GE	1386	PROYECTO 5: CARÁCTER DE LA ENTIDAD	4425	TERCER SECTOR ONG'S	SI	SI
1	53	48	GE	1387	PROYECTO 5: NOMBRE DEL PROGRAMA/PROYECTO	4426		SI	SI
1	53	49	GE	1388	PROYECTO 5: DESCRIPCIÓN DE LA OFERTA ENTREGADA/ACCEDIDA	4427		SI	SI
1	53	50	GE	1389	PROYECTO 5: EL PROYECTO O PROGRAMA A LA COMUNIDAD POR:	4428	DEMANDA/GESTIÓN	SI	SI
1	53	50	GE	1389	PROYECTO 5: EL PROYECTO O PROGRAMA A LA COMUNIDAD POR:	4429	OFERTA	SI	SI
1	53	51	GE	1390	PROYECTO 5: FECHA DE INICIO	4430		SI	SI
1	53	52	GE	1391	PROYECTO 5: FECHA CIERRE (También puede ser una fecha proyectada)	4431		SI	SI
1	53	53	GE	1392	PROYECTO 5: NÚMERO DE BENEFICIARIOS	4432		SI	SI
1	53	54	GE	1393	PROYECTO 5: IMPACTO CUALITATIVO DEL PROYECTO	4433		SI	SI
1	53	55	GE	1394	PROYECTO 5: COBERTURA PORCENTUAL DEL PROYECTO	4434		SI	SI
1	53	56	GE	1395	PROYECTO 5: AVANCE PORCENTUAL DEL PROYECTO	4435		SI	SI
1	53	57	GE	1396	PROYECTO 6: ENTIDAD / INSTITUCIÓN PROVEEDORA 	4436		SI	SI
1	53	58	GE	1397	PROYECTO 6: CARÁCTER DE LA ENTIDAD	4437	PÚBLICA	SI	SI
1	53	58	GE	1397	PROYECTO 6: CARÁCTER DE LA ENTIDAD	4438	PRIVADA	SI	SI
1	53	58	GE	1397	PROYECTO 6: CARÁCTER DE LA ENTIDAD	4439	TERCER SECTOR ONG'S	SI	SI
1	53	59	GE	1398	PROYECTO 6: NOMBRE DEL PROGRAMA/PROYECTO	4440		SI	SI
1	53	60	GE	1399	PROYECTO 6: DESCRIPCIÓN DE LA OFERTA ENTREGADA/ACCEDIDA	4441		SI	SI
1	53	61	GE	1400	PROYECTO 6: EL PROYECTO O PROGRAMA A LA COMUNIDAD POR:	4442	DEMANDA/GESTIÓN	SI	SI
1	53	61	GE	1400	PROYECTO 6: EL PROYECTO O PROGRAMA A LA COMUNIDAD POR:	4443	OFERTA	SI	SI
1	53	62	GE	1401	PROYECTO 6: FECHA DE INICIO	4444		SI	SI
1	53	63	GE	1402	PROYECTO 6: FECHA CIERRE (También puede ser una fecha proyectada)	4445		SI	SI
1	53	64	GE	1403	PROYECTO 6: NÚMERO DE BENEFICIARIOS	4446		SI	SI
1	53	65	GE	1404	PROYECTO 6: IMPACTO CUALITATIVO DEL PROYECTO	4447		SI	SI
1	53	66	GE	1405	PROYECTO 6: COBERTURA PORCENTUAL DEL PROYECTO	4448		SI	SI
1	53	67	GE	1406	PROYECTO 6: AVANCE PORCENTUAL DEL PROYECTO	4449		SI	SI
1	53	68	GE	1407	PROYECTO 7: ENTIDAD / INSTITUCIÓN PROVEEDORA 	4450		SI	SI
1	53	69	GE	1408	PROYECTO 7: CARÁCTER DE LA ENTIDAD	4451	PÚBLICA	SI	SI
1	53	69	GE	1408	PROYECTO 7: CARÁCTER DE LA ENTIDAD	4452	PRIVADA	SI	SI
1	53	69	GE	1408	PROYECTO 7: CARÁCTER DE LA ENTIDAD	4453	TERCER SECTOR ONG'S	SI	SI
1	53	70	GE	1409	PROYECTO 7: NOMBRE DEL PROGRAMA/PROYECTO	4454		SI	SI
1	53	71	GE	1410	PROYECTO 7: DESCRIPCIÓN DE LA OFERTA ENTREGADA/ACCEDIDA	4455		SI	SI
1	53	72	GE	1411	PROYECTO 7: EL PROYECTO O PROGRAMA A LA COMUNIDAD POR:	4456	DEMANDA/GESTIÓN	SI	SI
1	53	72	GE	1411	PROYECTO 7: EL PROYECTO O PROGRAMA A LA COMUNIDAD POR:	4457	OFERTA	SI	SI
1	53	73	GE	1412	PROYECTO 7: FECHA DE INICIO	4458		SI	SI
1	53	74	GE	1413	PROYECTO 7: FECHA CIERRE (También puede ser una fecha proyectada)	4459		SI	SI
1	53	75	GE	1414	PROYECTO 7: NÚMERO DE BENEFICIARIOS	4460		SI	SI
1	53	76	GE	1415	PROYECTO 7: IMPACTO CUALITATIVO DEL PROYECTO	4461		SI	SI
1	53	77	GE	1416	PROYECTO 7: COBERTURA PORCENTUAL DEL PROYECTO	4462		SI	SI
1	53	78	GE	1417	PROYECTO 7: AVANCE PORCENTUAL DEL PROYECTO	4463		SI	SI
1	53	79	GE	1418	OBSERVACIONES A ESTE CAPITULO	4464		SI	SI
1	54	1	GE	1423	¿CUÁLES SON LAS CARACTERÍSTICAS DEL PREDIO/LOTE/TERRENO CON EL CUAL SE MANTIENE UNA RELACIÓN URBANO-RURAL?	4470	ASENTAMIENTOS EN TERRITORIOS GANADOS AL MAR	SI	SI
1	54	1	GE	1423	¿CUÁLES SON LAS CARACTERÍSTICAS DEL PREDIO/LOTE/TERRENO CON EL CUAL SE MANTIENE UNA RELACIÓN URBANO-RURAL?	4471	ES UNA ZONA DE REUBICACION EN ZONA CONTINENTAL	SI	SI
1	54	1	GE	1423	¿CUÁLES SON LAS CARACTERÍSTICAS DEL PREDIO/LOTE/TERRENO CON EL CUAL SE MANTIENE UNA RELACIÓN URBANO-RURAL?	4472	SON PROPIEDADES INDIVIDUALES O ENTREGADAS EN PROPIEDAD POR PARTE DEL GOBIERNO O EL ESTADO	SI	SI
1	54	1	GE	1423	¿CUÁLES SON LAS CARACTERÍSTICAS DEL PREDIO/LOTE/TERRENO CON EL CUAL SE MANTIENE UNA RELACIÓN URBANO-RURAL?	4473	ES UNA PROPIEDAD UBICADA EN ZONA DE ALTO RIESGO	SI	SI
1	54	1	GE	1423	¿CUÁLES SON LAS CARACTERÍSTICAS DEL PREDIO/LOTE/TERRENO CON EL CUAL SE MANTIENE UNA RELACIÓN URBANO-RURAL?	4474	OTRO ¿CUÁL?	SI	SI
1	54	2	GE	1424	¿ESTÁN SUS DERECHOS A LAS TIERRAS, TERRITORIOS Y RECURSOS RECONOCIDOS Y GARANTIZADOS POR EL GOBIERNO?	4475	DE NINGUNA MANERA = LOS DERECHOS COLECTIVOS SOBRE LA TIERRA Y LOS RECURSOS DE SU COMUNIDAD NO ESTÁN OFICIALMENTE RECONOCIDOS EN NINGUNA LEY U OTRA REGLAMENTACIÓN OFICIAL NI GARANTIZADOS POR EL GOBIERNO	SI	SI
1	54	2	GE	1424	¿ESTÁN SUS DERECHOS A LAS TIERRAS, TERRITORIOS Y RECURSOS RECONOCIDOS Y GARANTIZADOS POR EL GOBIERNO?	4476	DE MANERA LIMITADA = EXISTEN POCAS DISPOSICIONES EN LA LEGISLACIÓN U OTRAS REGULACIONES OFICIALES QUE RECONOZCAN ALGUNOS ASPECTOS DE LOS DERECHOS COLECTIVOS DE SU COMUNIDAD A LAS TIERRAS Y RECURSOS, POCOS DE ESTOS DERECHOS SON GARANTIZADOS POR EL GOBIERNO	SI	SI
1	54	2	GE	1424	¿ESTÁN SUS DERECHOS A LAS TIERRAS, TERRITORIOS Y RECURSOS RECONOCIDOS Y GARANTIZADOS POR EL GOBIERNO?	4477	HASTA CIERTO PUNTO = EXISTEN ALGUNAS PROVISIONES EN LA LEGISLACIÓN U OTRAS REGULACIONES OFICIALES QUE RECONOCEN ALGUNOS ASPECTOS DE LOS DERECHOS COLECTIVOS DE SU COMUNIDAD A LAS TIERRAS Y RECURSOS, ALGUNOS DE ESTOS DERECHOS SON GARANTIZADOS POR EL GOBIERNO	SI	SI
1	54	2	GE	1424	¿ESTÁN SUS DERECHOS A LAS TIERRAS, TERRITORIOS Y RECURSOS RECONOCIDOS Y GARANTIZADOS POR EL GOBIERNO?	4478	DE MANERA SIGNIFICATIVA = EXISTEN BASTANTES DISPOSICIONES EN LA LEGISLACIÓN U OTRAS REGULACIONES OFICIALES QUE RECONOCEN LA MAYORÍA DE LOS ASPECTOS DE LOS DERECHOS COLECTIVOS DE SU COMUNIDAD A LA TIERRA Y LOS RECURSOS, MUCHOS DE ESTOS DERECHOS SON GARANTIZADOS POR EL GOBIERNO	SI	SI
1	54	2	GE	1424	¿ESTÁN SUS DERECHOS A LAS TIERRAS, TERRITORIOS Y RECURSOS RECONOCIDOS Y GARANTIZADOS POR EL GOBIERNO?	4479	COMPLETAMENTE = LOS DERECHOS COLECTIVOS DE SU COMUNIDAD A TODAS LAS TIERRAS, TERRITORIOS Y RECURSOS QUE TRADICIONALMENTE HA POSEÍDO, OCUPADO, O DE OTRA FORMA USADO O ADQUIRIDO, ESTÁN PLENAMENTE RECONOCIDOS EN LA LEGISLACIÓN NACIONAL, ESTOS DERECHOS SON COMPLETAMENTE GARANTIZADOS POR EL GOBIERNO	SI	SI
1	54	3	GE	1425	¿TIENE SU HOGAR TÍTULOS DE PROPIEDAD U OTROS ACUERDOS VINCULANTES QUE RECONOZCAN LA PROPIEDAD SOBRE EL PREDIO/LOTE/TERRENO CON EL CUAL SE MANTIENE UNA RELACIÓN URBANO-RURAL?	4480	SI	SI	SI
1	54	3	GE	1425	¿TIENE SU HOGAR TÍTULOS DE PROPIEDAD U OTROS ACUERDOS VINCULANTES QUE RECONOZCAN LA PROPIEDAD SOBRE EL PREDIO/LOTE/TERRENO CON EL CUAL SE MANTIENE UNA RELACIÓN URBANO-RURAL?	4481	NO	SI	SI
1	54	4	GE	1426	¿TIENE SU HOGAR CONFLICTOS RELACIONADOS CON TIERRAS O RECURSOS NATURALES SOBRE EL PREDIO/LOTE/TERRENO CON EL CUAL SE MANTIENE UNA RELACIÓN URBANO-RURAL?	4482	SI	SI	SI
1	54	4	GE	1426	¿TIENE SU HOGAR CONFLICTOS RELACIONADOS CON TIERRAS O RECURSOS NATURALES SOBRE EL PREDIO/LOTE/TERRENO CON EL CUAL SE MANTIENE UNA RELACIÓN URBANO-RURAL?	4483	NO	SI	SI
1	54	5	GE	1427	¿SU PREDIO/LOTE/TERRENO CON EL CUAL SE MANTIENE UNA RELACIÓN URBANO-RURAL ESTÁ SIENDO OCUPADO POR TERCEROS SIN SU CONSENTIMIENTO?	4484	SI	SI	SI
1	54	5	GE	1427	¿SU PREDIO/LOTE/TERRENO CON EL CUAL SE MANTIENE UNA RELACIÓN URBANO-RURAL ESTÁ SIENDO OCUPADO POR TERCEROS SIN SU CONSENTIMIENTO?	4485	NO	SI	SI
1	54	6	GE	1428	¿HA TENIDO SU HOGAR, INCIDENTES DE ASENTAMIENTOS, USURPACIÓN DE TIERRAS, USO O EXTRACCIÓN DE RECURSOS SIN SU CONSENTIMIENTO LIBRE, PREVIO E INFORMADO EN EL PREDIO/LOTE/TERRENO CON EL CUAL SE MANTIENE UNA RELACIÓN URBANO-RURAL?	4486	SI	SI	SI
1	54	6	GE	1428	¿HA TENIDO SU HOGAR, INCIDENTES DE ASENTAMIENTOS, USURPACIÓN DE TIERRAS, USO O EXTRACCIÓN DE RECURSOS SIN SU CONSENTIMIENTO LIBRE, PREVIO E INFORMADO EN EL PREDIO/LOTE/TERRENO CON EL CUAL SE MANTIENE UNA RELACIÓN URBANO-RURAL?	4487	NO	SI	SI
1	54	7	GE	1429	¿HA TENIDO SU HOGAR, INCIDENTES DE DESPLAZAMIENTO O REUBICACIÓN SIN SU CONSENTIMIENTO LIBRE, PREVIO E INFORMADO EN EL PREDIO/LOTE/TERRENO CON EL CUAL SE MANTIENE UNA RELACIÓN URBANO-RURAL?	4488	SI	SI	SI
1	54	7	GE	1429	¿HA TENIDO SU HOGAR, INCIDENTES DE DESPLAZAMIENTO O REUBICACIÓN SIN SU CONSENTIMIENTO LIBRE, PREVIO E INFORMADO EN EL PREDIO/LOTE/TERRENO CON EL CUAL SE MANTIENE UNA RELACIÓN URBANO-RURAL?	4489	NO	SI	SI
1	54	8	GE	1430	¿HA ESTABLECIDO SU HOGAR ÁREA/S DE CONSERVACIÓN EN EL PREDIO/LOTE/TERRENO CON EL CUAL SE MANTIENE UNA RELACIÓN URBANO-RURAL?	4490	SI	SI	SI
1	54	8	GE	1430	¿HA ESTABLECIDO SU HOGAR ÁREA/S DE CONSERVACIÓN EN EL PREDIO/LOTE/TERRENO CON EL CUAL SE MANTIENE UNA RELACIÓN URBANO-RURAL?	4491	NO	SI	SI
1	54	9	GE	1431	EN CASO AFIRMATIVO, ¿CUÁL ES LA SUPERFICIE (EN HECTÁREAS O METROS CUADRADOS) DE TAL ÁREA?	4492		SI	SI
1	54	10	GE	1432	¿HA DECLARADO EL ESTADO ALGUNA PARTE DEL PREDIO/LOTE/TERRENO CON EL CUAL EL HOGAR MANTIENE UNA RELACIÓN URBANO-RURAL COMO PARQUE O ÁREA PROTEGIDA SIN SU CONSENTIMIENTO LIBRE, PREVIO E INFORMADO?	4493	SI	SI	SI
1	54	10	GE	1432	¿HA DECLARADO EL ESTADO ALGUNA PARTE DEL PREDIO/LOTE/TERRENO CON EL CUAL EL HOGAR MANTIENE UNA RELACIÓN URBANO-RURAL COMO PARQUE O ÁREA PROTEGIDA SIN SU CONSENTIMIENTO LIBRE, PREVIO E INFORMADO?	4494	NO	SI	SI
1	54	11	GE	1433	¿HA HABIDO, ACTIVIDADES MILITARES EN EL PREDIO/LOTE/TERRENO CON EL CUAL EL HOGAR MANTIENE UNA RELACIÓN URBANO-RURAL SIN SU CONSENTIMIENTO?	4495	SI	SI	SI
1	54	11	GE	1433	¿HA HABIDO, ACTIVIDADES MILITARES EN EL PREDIO/LOTE/TERRENO CON EL CUAL EL HOGAR MANTIENE UNA RELACIÓN URBANO-RURAL SIN SU CONSENTIMIENTO?	4496	NO	SI	SI
1	54	12	GE	1434	¿HA HABIDO, ACTIVIDADES SUBVERSIVAS EN EL PREDIO/LOTE/TERRENO CON EL CUAL EL HOGAR MANTIENE UNA RELACIÓN URBANO-RURAL SIN SU CONSENTIMIENTO?	4497	SI	SI	SI
1	54	12	GE	1434	¿HA HABIDO, ACTIVIDADES SUBVERSIVAS EN EL PREDIO/LOTE/TERRENO CON EL CUAL EL HOGAR MANTIENE UNA RELACIÓN URBANO-RURAL SIN SU CONSENTIMIENTO?	4498	NO	SI	SI
1	54	13	GE	1437	OBSERVACIONES A ESTE CAPITULO	4520		SI	SI
1	55	1	IN	1439	¿ ... ESTÁ AFILIADO, ES COTIZANTE O ES BENEFICIARIO EN ALGUNO DE LOS SIGUIENTES REGÍMENES DE SEGURIDAD SOCIAL EN SALUD ?	4527	EPS - Contributivo	SI	SI
1	55	1	IN	1439	¿ ... ESTÁ AFILIADO, ES COTIZANTE O ES BENEFICIARIO EN ALGUNO DE LOS SIGUIENTES REGÍMENES DE SEGURIDAD SOCIAL EN SALUD ?	4528	EPS - Subsidiado	SI	SI
1	55	1	IN	1439	¿ ... ESTÁ AFILIADO, ES COTIZANTE O ES BENEFICIARIO EN ALGUNO DE LOS SIGUIENTES REGÍMENES DE SEGURIDAD SOCIAL EN SALUD ?	4529	Regímenes especiales (Fuerzas Armadas, Ecopetrol, universidades públicas, magisterio)	SI	SI
1	55	1	IN	1439	¿ ... ESTÁ AFILIADO, ES COTIZANTE O ES BENEFICIARIO EN ALGUNO DE LOS SIGUIENTES REGÍMENES DE SEGURIDAD SOCIAL EN SALUD ?	4530	No esta afiliado	SI	SI
1	55	1	IN	1439	¿ ... ESTÁ AFILIADO, ES COTIZANTE O ES BENEFICIARIO EN ALGUNO DE LOS SIGUIENTES REGÍMENES DE SEGURIDAD SOCIAL EN SALUD ?	4531	No sabe no responde	SI	SI
1	55	2	IN	1440	SEGÚN LO QUE USTED HA VIVIDO POR EL CONFLICTO ARMADO ¿CONSIDERA QUE REQUIERE ACOMPAÑAMIENTO O ATENCIÓN PSICOSOCIAL?	4532	SI	SI	SI
1	55	2	IN	1440	SEGÚN LO QUE USTED HA VIVIDO POR EL CONFLICTO ARMADO ¿CONSIDERA QUE REQUIERE ACOMPAÑAMIENTO O ATENCIÓN PSICOSOCIAL?	4533	NO	SI	SI
1	55	3	GE	1441	OBSERVACIONES A ESTE CAPITULO	4534		SI	SI
1	56	1	IN	1442	¿En qué actividad ocupó ... la mayor parte del tiempo la semana pasada?	4535	Trabajando	SI	SI
1	56	1	IN	1442	¿En qué actividad ocupó ... la mayor parte del tiempo la semana pasada?	4536	Buscando trabajo	SI	SI
1	56	1	IN	1442	¿En qué actividad ocupó ... la mayor parte del tiempo la semana pasada?	4537	Estudiando	SI	SI
1	56	1	IN	1442	¿En qué actividad ocupó ... la mayor parte del tiempo la semana pasada?	4538	Trabajo doméstico y de cuidado a personas del hogar	SI	SI
1	56	1	IN	1442	¿En qué actividad ocupó ... la mayor parte del tiempo la semana pasada?	4539	Otra actividad, ¿cuál?	SI	SI
1	56	1	IN	1442	¿En qué actividad ocupó ... la mayor parte del tiempo la semana pasada?	4540	Trabaja en los oficios propios de su comunidad	SI	SI
1	56	1	IN	1442	¿En qué actividad ocupó ... la mayor parte del tiempo la semana pasada?	4541	Con limitación(es) permanente(s) para trabajar	SI	SI
1	56	2	IN	1443	En este trabajo… es	4542	Obrero o empleado de  empresa particular	SI	SI
1	56	2	IN	1443	En este trabajo… es	4543	Obrero o empleado del gobierno	SI	SI
1	56	2	IN	1443	En este trabajo… es	4544	Empleado doméstico	SI	SI
1	56	2	IN	1443	En este trabajo… es	4545	Jornalero 	SI	SI
1	56	2	IN	1443	En este trabajo… es	4546	Trabajador por cuenta propia	SI	SI
1	56	2	IN	1443	En este trabajo… es	4547	Patrón o empleador	SI	SI
1	56	2	IN	1443	En este trabajo… es	4548	Trabajador familiar  sin remuneración	SI	SI
1	56	2	IN	1443	En este trabajo… es	4549	Trabajador sin remuneración en empresas o negocios de otros hogares	SI	SI
1	56	3	IN	1444	Antes de descuentos ¿cuánto ganó … el mes pasado en este empleo? (Incluya propinas y comisiones, y excluya viáticos y pagos en especie) 	4550		SI	SI
1	56	4	IN	1445	¿Alguna vez ha llevado a cabo una iniacitiva de negocio propio o ha participado en alguna?	4551	SI	SI	SI
1	56	4	IN	1445	¿Alguna vez ha llevado a cabo una iniacitiva de negocio propio o ha participado en alguna?	4552	NO	SI	SI
1	56	5	IN	1446	¿Actualmente se encuentra activo su negocio?	4553	SI	SI	SI
1	56	5	IN	1446	¿Actualmente se encuentra activo su negocio?	4554	NO	SI	SI
1	56	6	IN	1447	¿Cuánto tiempo ha estado activo su negocio?	4555	Menos de un (1) año	SI	SI
1	56	6	IN	1447	¿Cuánto tiempo ha estado activo su negocio?	4556	Entre 1 y 3 años	SI	SI
1	56	6	IN	1447	¿Cuánto tiempo ha estado activo su negocio?	4557	Entre 3 y 5 años	SI	SI
1	56	6	IN	1447	¿Cuánto tiempo ha estado activo su negocio?	4558	Más de 5 años	SI	SI
1	56	7	IN	1448	¿… hace parte de una organización productiva?	4559	Cooperativa ¿Cuál?	SI	SI
1	56	7	IN	1448	¿… hace parte de una organización productiva?	4560	Gremio ¿Cuál?	SI	SI
1	56	7	IN	1448	¿… hace parte de una organización productiva?	4561	Sindicato ¿Cuál?	SI	SI
1	56	7	IN	1448	¿… hace parte de una organización productiva?	4562	Otra ¿Cuál?	SI	SI
1	56	7	IN	1448	¿… hace parte de una organización productiva?	4563	Ninguna	SI	SI
1	56	8	GE	1449	OBSERVACIONES A ESTE CAPITULO	4564		SI	SI
1	57	1	IN	1450	De acuerdo con su cultura, pueblo o rasgos físicos, ...Se autoreconoce como: <i><font color="#006600">(Encuestador: No asuma la respuesta por la apariencia física, lengua, u apellidos de las personas. Es necesario leer la pregunta)</font></i>	4565	Indígena	SI	SI
1	57	1	IN	1450	De acuerdo con su cultura, pueblo o rasgos físicos, ...Se autoreconoce como: <i><font color="#006600">(Encuestador: No asuma la respuesta por la apariencia física, lengua, u apellidos de las personas. Es necesario leer la pregunta)</font></i>	4566	Gitano(a), Rrom	SI	SI
1	57	1	IN	1450	De acuerdo con su cultura, pueblo o rasgos físicos, ...Se autoreconoce como: <i><font color="#006600">(Encuestador: No asuma la respuesta por la apariencia física, lengua, u apellidos de las personas. Es necesario leer la pregunta)</font></i>	4567	Raizal del Archipiélago de San Andrés, Providencia y Santa Catalina	SI	SI
1	57	1	IN	1450	De acuerdo con su cultura, pueblo o rasgos físicos, ...Se autoreconoce como: <i><font color="#006600">(Encuestador: No asuma la respuesta por la apariencia física, lengua, u apellidos de las personas. Es necesario leer la pregunta)</font></i>	4568	Palenquero (a)	SI	SI
1	57	1	IN	1450	De acuerdo con su cultura, pueblo o rasgos físicos, ...Se autoreconoce como: <i><font color="#006600">(Encuestador: No asuma la respuesta por la apariencia física, lengua, u apellidos de las personas. Es necesario leer la pregunta)</font></i>	4569	Negro(a), afrocolombiano(a) o afrodescendiente	SI	SI
1	57	1	IN	1450	De acuerdo con su cultura, pueblo o rasgos físicos, ...Se autoreconoce como: <i><font color="#006600">(Encuestador: No asuma la respuesta por la apariencia física, lengua, u apellidos de las personas. Es necesario leer la pregunta)</font></i>	4570	Ninguna	SI	SI
1	57	2	GE	1451	Lugar de Residencia	4571		SI	SI
1	57	3	GE	1452	Zona de residencia	4572	Cabecera municipal (donde está la alcaldía)	SI	SI
1	57	3	GE	1452	Zona de residencia	4573	Centro poblado, corregimiento, inspección de policía, caserío	SI	SI
1	57	3	GE	1452	Zona de residencia	4574	Parte rural disperso (vereda, campo)	SI	SI
1	57	4	GE	1453	Nombre del barrio, centro poblado o vereda	4575		SI	SI
1	57	5	GE	1454	Dirección de la vivienda o nombre de la finca/predio<i><font color="#006600"> (Si no conoce la dirección registro 98 )</font></i>	4576		SI	SI
1	57	6	GE	1455	Teléfono fijo  con indicativo <i><font color="#006600"> (XX-XXXXXXX)</font></i> Ejemplo Bogotá <i><font color="#006600"> (91-2345678) si no conoce el número de teléfono digitar 99-9999999</font></i>	4577		SI	SI
1	57	7	IN	1456	Teléfono celular	4578		SI	SI
1	57	8	GE	1457	Otro teléfono de contacto	4579		SI	SI
1	57	9	GE	1458	Correo Electrónico	4580		SI	SI
1	57	10	GE	1459	Lugar de correspondencia es el mismo de residencia.	4581	SI	SI	SI
1	57	10	GE	1459	Lugar de correspondencia es el mismo de residencia.	4582	NO	SI	SI
1	57	11	GE	1460	Departamento y municipio de Correspondencia	4583		SI	SI
1	57	12	GE	1461	Zona de correspondencia	4584	Cabecera municipal (donde está la alcaldía)	SI	SI
1	57	12	GE	1461	Zona de correspondencia	4585	Centro poblado, corregimiento, inspección de policía, caserío	SI	SI
1	57	12	GE	1461	Zona de correspondencia	4586	Parte rural disperso (vereda, campo)	SI	SI
1	57	13	GE	1462	Nombre del Barrio, centro poblado o vereda	4587		SI	SI
1	57	14	GE	1463	Dirección de correspondencia	4588		SI	SI
1	57	15	GE	1464	Observaciones a este capitulo	4589		SI	SI
1	58	1	IN	1465	Nombre(s) y apellido(s) (verifique información)	4590	Primer Nombre	SI	SI
1	58	1	IN	1465	Nombre(s) y apellido(s) (verifique información)	4591	Segundo Nombre	SI	SI
1	58	1	IN	1465	Nombre(s) y apellido(s) (verifique información)	4592	Primer Apellido	SI	SI
1	58	1	IN	1465	Nombre(s) y apellido(s) (verifique información)	4593	Segundo Apellido	SI	SI
1	58	2	IN	1466	¿Cuál es la fecha de nacimiento de...? <i><i><font color="#006600">(Si no conoce la fecha exacta de nacimiento, diligencie la más aproximada posible)</font></i></i>	4594		SI	SI
1	58	3	IN	1530	¿Cuántos años cumplidos tiene ...?	4842		SI	SI
1	58	4	IN	1467	¿...cuenta con el documento de identificación?<i><font color="#006600">(Solicite mostrar el documento)</font></i>	4595	SI	SI	SI
1	58	4	IN	1467	¿...cuenta con el documento de identificación?<i><font color="#006600">(Solicite mostrar el documento)</font></i>	4596	NO	SI	SI
1	58	5	IN	1468	Número Documento de identificación <i><font color="#006600"> (Si no conoce el número, diligencie 99) (verifique información)</font></i>	4597		SI	SI
1	58	6	IN	1469	Sexo: <i><font color="#006600"> (No asumir el sexo a partir del nombre, es necesario preguntar)</font></i>	4598	Hombre	SI	SI
1	58	6	IN	1469	Sexo: <i><font color="#006600"> (No asumir el sexo a partir del nombre, es necesario preguntar)</font></i>	4599	Mujer	SI	SI
1	58	6	IN	1469	Sexo: <i><font color="#006600"> (No asumir el sexo a partir del nombre, es necesario preguntar)</font></i>	4600	Intersexual	SI	SI
1	58	6	IN	1469	Sexo: <i><font color="#006600"> (No asumir el sexo a partir del nombre, es necesario preguntar)</font></i>	4601	Indeterminado	SI	SI
1	58	7	IN	1470	¿Cuál es su orientación sexual?	4602	Heterosexual	SI	SI
1	58	7	IN	1470	¿Cuál es su orientación sexual?	4603	Homosexual	SI	SI
1	58	7	IN	1470	¿Cuál es su orientación sexual?	4604	Bisexual	SI	SI
1	58	7	IN	1470	¿Cuál es su orientación sexual?	4605	Asexual	SI	SI
1	58	7	IN	1470	¿Cuál es su orientación sexual?	4606	Ninguno	SI	SI
1	58	7	IN	1470	¿Cuál es su orientación sexual?	4607	No sabe, no responde	SI	SI
1	58	8	IN	1471	¿Cuál es su identidad de género?	4608	Femenino	SI	SI
1	58	8	IN	1471	¿Cuál es su identidad de género?	4609	Masculino	SI	SI
1	58	8	IN	1471	¿Cuál es su identidad de género?	4610	Transgénero	SI	SI
1	58	8	IN	1471	¿Cuál es su identidad de género?	4611	No sabe / No responde	SI	SI
1	58	9	IN	1472	¿...tiene resuelta su situación  militar?  <i> <strong> <font color="#2E64FE">Ley 48 de 1993 </font></strong> </i><i><font color="#006600">  Si tiene libreta provisional o está vencida, marque  "si"</font></i>	4612	SI	SI	SI
1	58	9	IN	1472	¿...tiene resuelta su situación  militar?  <i> <strong> <font color="#2E64FE">Ley 48 de 1993 </font></strong> </i><i><font color="#006600">  Si tiene libreta provisional o está vencida, marque  "si"</font></i>	4613	NO	SI	SI
1	58	9	IN	1472	¿...tiene resuelta su situación  militar?  <i> <strong> <font color="#2E64FE">Ley 48 de 1993 </font></strong> </i><i><font color="#006600">  Si tiene libreta provisional o está vencida, marque  "si"</font></i>	4614	No sabe / No responde	SI	SI
1	58	10	IN	1473	¿Cuenta con libreta militar en físico?	4615	SI	SI	SI
1	58	10	IN	1473	¿Cuenta con libreta militar en físico?	4616	NO	SI	SI
1	58	11	IN	1474	¿Pertenece o ha pertenecido a la Fuerza Pública?	4617	SI	SI	SI
1	58	11	IN	1474	¿Pertenece o ha pertenecido a la Fuerza Pública?	4618	NO	SI	SI
1	58	12	IN	1475	¿Presenta alguna discapacidad?	4619	SI	SI	SI
1	58	12	IN	1475	¿Presenta alguna discapacidad?	4620	NO	SI	SI
1	58	13	IN	1476	¿Qué tipo de discapacidad presenta?	4621	Fisica	SI	SI
1	58	13	IN	1476	¿Qué tipo de discapacidad presenta?	4622	Visual	SI	SI
1	58	13	IN	1476	¿Qué tipo de discapacidad presenta?	4623	Auditiva	SI	SI
1	58	13	IN	1476	¿Qué tipo de discapacidad presenta?	4624	Intelectual	SI	SI
1	58	13	IN	1476	¿Qué tipo de discapacidad presenta?	4625	Mental	SI	SI
1	58	13	IN	1476	¿Qué tipo de discapacidad presenta?	4626	Sordoceguera	SI	SI
1	58	14	IN	1477	¿Presenta diagnóstico de enfermedades ruinosas, catastróficas y de alto costo?	4627	SI	SI	SI
1	58	14	IN	1477	¿Presenta diagnóstico de enfermedades ruinosas, catastróficas y de alto costo?	4628	NO	SI	SI
1	58	15	IN	1478	¿Cuál enfermedad?	4629	TRANSPLANTE RENAL	SI	SI
1	58	15	IN	1478	¿Cuál enfermedad?	4630	TRASPLANTE RENAL, CORAZÓN, HÍGADO, MÉDULA ÓSEA Y CÓRNEA	SI	SI
1	58	15	IN	1478	¿Cuál enfermedad?	4631	DIÁLISIS PERITONEAL Y HEMODIÁLISIS	SI	SI
1	58	15	IN	1478	¿Cuál enfermedad?	4632	MANEJO QUIRÚRGICO PARA ENFERMEDADES DEL CORAZÓN	SI	SI
1	58	15	IN	1478	¿Cuál enfermedad?	4633	MANEJO QUIRÚRGICO PARA ENFERMEDADES DEL SISTEMA NERVIOSO CENTRAL	SI	SI
1	58	15	IN	1478	¿Cuál enfermedad?	4634	REEMPLAZOS ARTICULARES	SI	SI
1	58	15	IN	1478	¿Cuál enfermedad?	4635	MANEJO MÉDICO QUIRÚRGICO DEL PACIENTE GRAN QUEMADO	SI	SI
1	58	15	IN	1478	¿Cuál enfermedad?	4636	MANEJO DEL TRAUMA MAYOR	SI	SI
1	58	15	IN	1478	¿Cuál enfermedad?	4637	DIAGNÓSTICO Y MANEJO DEL PACIENTE INFECTADO POR VIH/SIDA	SI	SI
1	58	15	IN	1478	¿Cuál enfermedad?	4638	QUIMIOTERAPIA Y RADIOTERAPIA PARA EL CÁNCER	SI	SI
1	58	15	IN	1478	¿Cuál enfermedad?	4639	MANEJO DE PACIENTES EN UNIDAD DE CUIDADOS INTENSIVOS	SI	SI
1	58	15	IN	1478	¿Cuál enfermedad?	4640	MANEJO QUIRÚRGICO DE ENFERMEDADES CONGÉNITAS	SI	SI
1	58	15	IN	1478	¿Cuál enfermedad?	4641	CORRECCIÓN QUIRÚRGICA DE LA HERNIA DE NÚCLEO PULPOSO	SI	SI
1	58	15	IN	1478	¿Cuál enfermedad?	4642	OTRA (EPOC, ANEMIA FALCIFORME, ETC)	SI	SI
1	58	16	IN	1479	¿Se encuentra alguna de las mujeres del hogar en estado de embarazo?	4643	Si, ¿Cuantás semanas?	SI	SI
1	58	16	IN	1479	¿Se encuentra alguna de las mujeres del hogar en estado de embarazo?	4644	No	SI	SI
1	58	17	IN	1480	¿En la actualidad es madre lactante?	4645	SI	SI	SI
1	58	17	IN	1480	¿En la actualidad es madre lactante?	4646	NO	SI	SI
1	58	18	IN	1481	El parentesco … frente al jefe del hogar es:  <i><font color="#006600"> (No acepte como jefe de hogar a persona menor a 14 años)</font></i>	4647	Jefe(a) 	SI	SI
1	58	18	IN	1481	El parentesco … frente al jefe del hogar es:  <i><font color="#006600"> (No acepte como jefe de hogar a persona menor a 14 años)</font></i>	4648	Cónyuge o Compañera(o) 	SI	SI
1	58	18	IN	1481	El parentesco … frente al jefe del hogar es:  <i><font color="#006600"> (No acepte como jefe de hogar a persona menor a 14 años)</font></i>	4649	Hijo(a) - Hijastro(a) 	SI	SI
1	58	18	IN	1481	El parentesco … frente al jefe del hogar es:  <i><font color="#006600"> (No acepte como jefe de hogar a persona menor a 14 años)</font></i>	4650	Padre o madre - padrastro o madrastra 	SI	SI
1	58	18	IN	1481	El parentesco … frente al jefe del hogar es:  <i><font color="#006600"> (No acepte como jefe de hogar a persona menor a 14 años)</font></i>	4651	Hermano(a) - Hermanastro(a)	SI	SI
1	58	18	IN	1481	El parentesco … frente al jefe del hogar es:  <i><font color="#006600"> (No acepte como jefe de hogar a persona menor a 14 años)</font></i>	4652	Otro pariente del jefe	SI	SI
1	58	19	IN	1482	¿Se encuentra habitando algún territorio colectivo?	4653	SI	SI	SI
1	58	19	IN	1482	¿Se encuentra habitando algún territorio colectivo?	4654	NO	SI	SI
1	58	20	IN	1483	¿En que tipo de territorio se encuentra?	4655	Resguardo indigena	SI	SI
1	58	20	IN	1483	¿En que tipo de territorio se encuentra?	4656	Territorio colectivo de Comunidades Negras	SI	SI
1	58	20	IN	1483	¿En que tipo de territorio se encuentra?	4657	Territorio ancestral Habitado	SI	SI
1	58	20	IN	1483	¿En que tipo de territorio se encuentra?	4658	Zonas de reserva campesina 	SI	SI
1	58	20	IN	1483	¿En que tipo de territorio se encuentra?	4659	Otro	SI	SI
1	58	21	IN	1484	¿... A qué pueblo indigena pertenece?<i><font color="#006600"> Ingrese las 3 primeras letras del pueblo indigena</font></i>	4660		SI	SI
1	58	22	IN	1485	¿… A qué comunidad indígena pertenece?	4661		SI	SI
1	58	23	IN	1486	¿… A qué cabildo indígena pertenece?	4662		SI	SI
1	58	24	IN	1487	¿PERTENECE A UN CONSEJO COMUNITARIO?	4663	SI	SI	SI
1	58	24	IN	1487	¿PERTENECE A UN CONSEJO COMUNITARIO?	4664	NO	SI	SI
1	58	25	IN	1488	¿… A qué consejo comunitario pertenece?	4665		SI	SI
1	58	26	IN	1489	¿… A qué <em>Vitsa</em> pertenece?	4666	Bolochoc	SI	SI
1	58	26	IN	1489	¿… A qué <em>Vitsa</em> pertenece?	4667	Bimbay	SI	SI
1	58	26	IN	1489	¿… A qué <em>Vitsa</em> pertenece?	4668	Mijhaís	SI	SI
1	58	26	IN	1489	¿… A qué <em>Vitsa</em> pertenece?	4669	Ghoso	SI	SI
1	58	26	IN	1489	¿… A qué <em>Vitsa</em> pertenece?	4670	Churon	SI	SI
1	58	26	IN	1489	¿… A qué <em>Vitsa</em> pertenece?	4671	Rruso	SI	SI
1	58	26	IN	1489	¿… A qué <em>Vitsa</em> pertenece?	4672	Eskelleichi	SI	SI
1	58	26	IN	1489	¿… A qué <em>Vitsa</em> pertenece?	4673	Otro ¿Cuál? ________	SI	SI
1	58	27	IN	1490	¿… A qué Kumpania pertenece?	4674	Sabana Larga (Atlántico)	SI	SI
1	58	27	IN	1490	¿… A qué Kumpania pertenece?	4675	Sampués (Sucre)	SI	SI
1	58	27	IN	1490	¿… A qué Kumpania pertenece?	4676	Sahagún (Córdoba)	SI	SI
1	58	27	IN	1490	¿… A qué Kumpania pertenece?	4677	San Pelayo (Córdoba)	SI	SI
1	58	27	IN	1490	¿… A qué Kumpania pertenece?	4678	Cúcuta (Norte de Santander)	SI	SI
1	58	27	IN	1490	¿… A qué Kumpania pertenece?	4679	Girón (Santander)	SI	SI
1	58	27	IN	1490	¿… A qué Kumpania pertenece?	4680	Envigado (Antioquia)	SI	SI
1	58	27	IN	1490	¿… A qué Kumpania pertenece?	4681	Ataco (Tolima)	SI	SI
1	58	27	IN	1490	¿… A qué Kumpania pertenece?	4682	Bogotá Unión Romaní	SI	SI
1	58	27	IN	1490	¿… A qué Kumpania pertenece?	4683	Bogotá ProRrom	SI	SI
1	58	27	IN	1490	¿… A qué Kumpania pertenece?	4684	Pasto - Nariño	SI	SI
1	58	27	IN	1490	¿… A qué Kumpania pertenece?	4685	Otra ¿Cuál? ________________	SI	SI
1	58	28	IN	1491	¿ Su comunidad o pueblo tiene un idioma propio ?	4686	SI	SI	SI
1	58	28	IN	1491	¿ Su comunidad o pueblo tiene un idioma propio ?	4687	NO	SI	SI
1	58	29	GE	1492	Observaciones a este capitulo	4688		SI	SI
1	59	1	GE	1493	¿En qué tipo de vivienda habita el hogar?	4689	Casa	SI	SI
1	59	1	GE	1493	¿En qué tipo de vivienda habita el hogar?	4690	Apartamento	SI	SI
1	59	1	GE	1493	¿En qué tipo de vivienda habita el hogar?	4691	Cuarto(s) en inquilinatou otro tipo de estructura	SI	SI
1	59	1	GE	1493	¿En qué tipo de vivienda habita el hogar?	4692	Albergue	SI	SI
1	59	1	GE	1493	¿En qué tipo de vivienda habita el hogar?	4693	Vivienda indígena	SI	SI
1	59	1	GE	1493	¿En qué tipo de vivienda habita el hogar?	4694	Vivienda Étnica - Maloka, bohio, deadaré 	SI	SI
1	59	1	GE	1493	¿En qué tipo de vivienda habita el hogar?	4695	Vivienda Étnica - Vivienda Tradicional familiar	SI	SI
1	59	1	GE	1493	¿En qué tipo de vivienda habita el hogar?	4696	Vivienda Étnica tradicional familiar Palafito/palafitico	SI	SI
1	59	1	GE	1493	¿En qué tipo de vivienda habita el hogar?	4697	Vivienda Étnica - Carpa	SI	SI
1	59	1	GE	1493	¿En qué tipo de vivienda habita el hogar?	4698	Casa Comunitaria	SI	SI
1	59	1	GE	1493	¿En qué tipo de vivienda habita el hogar?	4699	Habitante de Calle	SI	SI
1	59	1	GE	1493	¿En qué tipo de vivienda habita el hogar?	4700	Ocupación Ilegal	SI	SI
1	59	1	GE	1493	¿En qué tipo de vivienda habita el hogar?	4701	Otro tipo de vivienda ( carpa, vagón,  cueva, refugio natural,albergue,embarcación, campamento, asentamiento fluvial, rancho, etc)	SI	SI
1	59	2	GE	1494	La vivienda ocupada por este hogar es:	4702	Propia	SI	SI
1	59	2	GE	1494	La vivienda ocupada por este hogar es:	4703	En arriendo o subarriendo	SI	SI
1	59	2	GE	1494	La vivienda ocupada por este hogar es:	4704	Usufructo	SI	SI
1	59	2	GE	1494	La vivienda ocupada por este hogar es:	4705	Comunitaria en territorio colectivo	SI	SI
1	59	2	GE	1494	La vivienda ocupada por este hogar es:	4706	Comunitario en propiedad privada	SI	SI
1	59	2	GE	1494	La vivienda ocupada por este hogar es:	4707	Familiar en territorio colectivo	SI	SI
1	59	2	GE	1494	La vivienda ocupada por este hogar es:	4708	Posesión sin título (ocupante de hecho) o propiedad colectiva	SI	SI
1	59	2	GE	1494	La vivienda ocupada por este hogar es:	4709	Posada (Acoger a una persona familiar o no familiar sin pagar arriendo)	SI	SI
1	59	2	GE	1494	La vivienda ocupada por este hogar es:	4710	Comunitaria fuera del territorio colectivo	SI	SI
1	59	2	GE	1494	La vivienda ocupada por este hogar es:	4711	Otro. ¿Cuál? ____________	SI	SI
1	59	3	GE	1495	¿Qué tipo de documento soporte tiene?	4712	Escritura, resolución o sentencia registrada	SI	SI
1	59	3	GE	1495	¿Qué tipo de documento soporte tiene?	4713	Escritura, resolución o sentencia SIN registrar	SI	SI
1	59	3	GE	1495	¿Qué tipo de documento soporte tiene?	4714	Certificado de sana posesión	SI	SI
1	59	3	GE	1495	¿Qué tipo de documento soporte tiene?	4715	Acta de adjundicación / contrato de usufructo	SI	SI
1	59	3	GE	1495	¿Qué tipo de documento soporte tiene?	4716	Contrato de compra venta	SI	SI
1	59	3	GE	1495	¿Qué tipo de documento soporte tiene?	4717	Ninguno	SI	SI
1	59	4	GE	1496	¿Cuál es el material predominante de las paredes exteriores de la vivienda?	4718	Ladrillo, Bloque, material prefabricado, piedra	SI	SI
1	59	4	GE	1496	¿Cuál es el material predominante de las paredes exteriores de la vivienda?	4719	Madera pulida	SI	SI
1	59	4	GE	1496	¿Cuál es el material predominante de las paredes exteriores de la vivienda?	4720	Adobe o tapia pisada	SI	SI
1	59	4	GE	1496	¿Cuál es el material predominante de las paredes exteriores de la vivienda?	4721	Bahareque y/o muro tendinoso	SI	SI
1	59	4	GE	1496	¿Cuál es el material predominante de las paredes exteriores de la vivienda?	4722	Madera burda, tabla, tablón	SI	SI
1	59	4	GE	1496	¿Cuál es el material predominante de las paredes exteriores de la vivienda?	4723	Guadua	SI	SI
1	59	4	GE	1496	¿Cuál es el material predominante de las paredes exteriores de la vivienda?	4724	Caña, esterilla, otro tipo de material vegetal	SI	SI
1	59	4	GE	1496	¿Cuál es el material predominante de las paredes exteriores de la vivienda?	4725	Zinc, tela, cartón, latas, desechos, plástico	SI	SI
1	59	4	GE	1496	¿Cuál es el material predominante de las paredes exteriores de la vivienda?	4726	Sin paredes	SI	SI
1	59	5	GE	1497	¿Cuál es el material predominante de los pisos de la vivienda?	4727	Tierra, arena	SI	SI
1	59	5	GE	1497	¿Cuál es el material predominante de los pisos de la vivienda?	4728	Cemento, gravilla	SI	SI
1	59	5	GE	1497	¿Cuál es el material predominante de los pisos de la vivienda?	4729	Madera burda, tabla, tablón, otro vegetal	SI	SI
1	59	5	GE	1497	¿Cuál es el material predominante de los pisos de la vivienda?	4730	baldosín, ladrillo, vinisol, otros materiales sintéticos	SI	SI
1	59	5	GE	1497	¿Cuál es el material predominante de los pisos de la vivienda?	4731	Mármol	SI	SI
1	59	5	GE	1497	¿Cuál es el material predominante de los pisos de la vivienda?	4732	Madera pulida	SI	SI
1	59	5	GE	1497	¿Cuál es el material predominante de los pisos de la vivienda?	4733	Alfombra o tapete de pared a pared	SI	SI
1	59	6	GE	1538	¿CUÁNTOS GRUPOS DE PERSONAS (HOGARES) PREPARAN LOS ALIMENTOS POR SEPARADO EN ESTA VIVIENDA Y ATIENDEN NECESIDADES BÁSICAS CON CARGO A UN PRESUPUESTO COMÚN?	4860		SI	SI
1	59	7	GE	1539	¿CUÁNTAS PERSONAS COMPONEN ESTE HOGAR?	4861		SI	SI
1	59	8	GE	1498	¿El hogar cuenta con el servicio de energía eléctrica?	4734	Si, ¿Estrato?	SI	SI
1	59	8	GE	1498	¿El hogar cuenta con el servicio de energía eléctrica?	4735	No	SI	SI
1	59	9	GE	1499	¿El hogar cuenta con el servicio de alcantarillado?	4736	Si	SI	SI
1	59	9	GE	1499	¿El hogar cuenta con el servicio de alcantarillado?	4737	No	SI	SI
1	59	10	GE	1505	¿Cuál es el principal servicio sanitario con el que cuenta el hogar?	4761	Inodoro conectado a alcantarillado	SI	SI
1	59	10	GE	1505	¿Cuál es el principal servicio sanitario con el que cuenta el hogar?	4762	Inodoro conectado a pozo séptico	SI	SI
1	59	10	GE	1505	¿Cuál es el principal servicio sanitario con el que cuenta el hogar?	4763	Inodoro sin conexión	SI	SI
1	59	10	GE	1505	¿Cuál es el principal servicio sanitario con el que cuenta el hogar?	4764	Letrina sin conexión	SI	SI
1	59	10	GE	1505	¿Cuál es el principal servicio sanitario con el que cuenta el hogar?	4765	Letrina con salida a un afluente o bajamar	SI	SI
1	59	10	GE	1505	¿Cuál es el principal servicio sanitario con el que cuenta el hogar?	4766	Usa el servicio sanitario a través de los vecinos	SI	SI
1	59	10	GE	1505	¿Cuál es el principal servicio sanitario con el que cuenta el hogar?	4767	No tiene servicio sanitario	SI	SI
1	59	11	GE	1500	¿El hogar cuenta con el servicio de acueducto?	4738	Si	SI	SI
1	59	11	GE	1500	¿El hogar cuenta con el servicio de acueducto?	4739	No	SI	SI
1	59	12	GE	1503	¿De donde proviene principalmente el agua que utilizan para beber?	4744	Acueducto por tubería	SI	SI
1	59	12	GE	1503	¿De donde proviene principalmente el agua que utilizan para beber?	4745	De ota fuente por tubería (Redes comunitarias)	SI	SI
1	59	12	GE	1503	¿De donde proviene principalmente el agua que utilizan para beber?	4746	De pozo con bomba	SI	SI
1	59	12	GE	1503	¿De donde proviene principalmente el agua que utilizan para beber?	4747	De pozo sin bomba, aljibe, jagüei o barreno	SI	SI
1	59	12	GE	1503	¿De donde proviene principalmente el agua que utilizan para beber?	4748	Aguas lluvias	SI	SI
1	59	12	GE	1503	¿De donde proviene principalmente el agua que utilizan para beber?	4749	Río, quebrada, yacimiento o manantial	SI	SI
1	59	12	GE	1503	¿De donde proviene principalmente el agua que utilizan para beber?	4750	De pila pública	SI	SI
1	59	12	GE	1503	¿De donde proviene principalmente el agua que utilizan para beber?	4751	Carrotanque	SI	SI
1	59	12	GE	1503	¿De donde proviene principalmente el agua que utilizan para beber?	4752	Aguatero	SI	SI
1	59	12	GE	1503	¿De donde proviene principalmente el agua que utilizan para beber?	4753	Agua embotellada o en bolsa	SI	SI
1	59	13	GE	1501	¿EL HOGAR CUENTA CON EL SERVICIO DE Gas Natural conectado a red pública?	4740	Si	SI	SI
1	59	13	GE	1501	¿EL HOGAR CUENTA CON EL SERVICIO DE Gas Natural conectado a red pública?	4741	No	SI	SI
1	59	14	GE	1502	¿EL HOGAR CUENTA CON EL SERVICIO DE Recolección de basuras?	4742	Si	SI	SI
1	59	14	GE	1502	¿EL HOGAR CUENTA CON EL SERVICIO DE Recolección de basuras?	4743	No	SI	SI
1	59	15	GE	1504	¿Cómo eliminan principalmente las basuras en este hogar?	4754	Por recolección pública o privada	SI	SI
1	59	15	GE	1504	¿Cómo eliminan principalmente las basuras en este hogar?	4755	La tiran a un río, quebrada, caño o laguna	SI	SI
1	59	15	GE	1504	¿Cómo eliminan principalmente las basuras en este hogar?	4756	La tiran a un patio, lote, zanja o baldío	SI	SI
1	59	15	GE	1504	¿Cómo eliminan principalmente las basuras en este hogar?	4757	Las queman o entierran	SI	SI
1	59	15	GE	1504	¿Cómo eliminan principalmente las basuras en este hogar?	4758	Las reciclan (abono, etc)	SI	SI
1	59	15	GE	1504	¿Cómo eliminan principalmente las basuras en este hogar?	4759	La eliminan de otra forma	SI	SI
1	59	15	GE	1504	¿Cómo eliminan principalmente las basuras en este hogar?	4760	Disposición a campo abierto	SI	SI
1	59	16	GE	1506	Incluyendo sala-comedor, ¿de cuántos cuartos en total dispone este hogar? <i><font color="#006600"><br>(Excluya cocinas, baños, garajes y cuartos destinados a negocio)</font></i>	4768		SI	SI
1	59	17	GE	1507	¿En cuántos de esos cuartos que usted mencionó duermen las personas de este hogar?	4769		SI	SI
1	59	18	GE	1540	¿EN DÓNDE PREPARAN LOS ALIMENTOS LAS PERSONAS DE ESTE HOGAR?	4862	En un cuarto usado solo para cocinar	SI	SI
1	59	18	GE	1540	¿EN DÓNDE PREPARAN LOS ALIMENTOS LAS PERSONAS DE ESTE HOGAR?	4863	En un cuarto usado también para dormir	SI	SI
1	59	18	GE	1540	¿EN DÓNDE PREPARAN LOS ALIMENTOS LAS PERSONAS DE ESTE HOGAR?	4864	En una sala-comedor sin lavaplatos	SI	SI
1	59	18	GE	1540	¿EN DÓNDE PREPARAN LOS ALIMENTOS LAS PERSONAS DE ESTE HOGAR?	4865	En una sala-comedor con lavaplatos	SI	SI
1	59	18	GE	1540	¿EN DÓNDE PREPARAN LOS ALIMENTOS LAS PERSONAS DE ESTE HOGAR?	4866	En un patio, corredor, enramada, al aire libre	SI	SI
1	59	18	GE	1540	¿EN DÓNDE PREPARAN LOS ALIMENTOS LAS PERSONAS DE ESTE HOGAR?	4867	En ninguna parte (no preparan alimentos)	SI	SI
1	59	19	GE	1508	¿Cuánto cobraría usted por el arriendo del lugar que ocupa su hogar?<i><font color="#006600"> pesos colombianos</font></i>	4770		SI	SI
1	59	20	GE	1509	¿La vivienda donde habita se encuentra ubicada en zona de alto riesgo de desastre natural declarada por alguna autoridad?	4771	SI	SI	SI
1	59	20	GE	1509	¿La vivienda donde habita se encuentra ubicada en zona de alto riesgo de desastre natural declarada por alguna autoridad?	4772	NO	SI	SI
1	59	20	GE	1509	¿La vivienda donde habita se encuentra ubicada en zona de alto riesgo de desastre natural declarada por alguna autoridad?	4773	No sabe, No responde	SI	SI
1	59	21	GE	1510	En los últimos dos años, ¿… esta zona se ha visto afectada por factores como:	4774	Minería Ilegal	SI	SI
1	59	21	GE	1510	En los últimos dos años, ¿… esta zona se ha visto afectada por factores como:	4775	Exploración y exploración minero-energética (petróleo, gas etc)	SI	SI
1	59	21	GE	1510	En los últimos dos años, ¿… esta zona se ha visto afectada por factores como:	4776	Presencia de campamentos de actores armados ilegales o bases militares	SI	SI
1	59	21	GE	1510	En los últimos dos años, ¿… esta zona se ha visto afectada por factores como:	4777	Combares o bombardeos	SI	SI
1	59	21	GE	1510	En los últimos dos años, ¿… esta zona se ha visto afectada por factores como:	4778	Restricción a la movilidad - Confinamiento	SI	SI
1	59	21	GE	1510	En los últimos dos años, ¿… esta zona se ha visto afectada por factores como:	4779	Presencia de MAP, MUSE, etc	SI	SI
1	59	21	GE	1510	En los últimos dos años, ¿… esta zona se ha visto afectada por factores como:	4780	Megaproyectos de infraestructura y/o turiísticos (represas, hotelería etc)	SI	SI
1	59	21	GE	1510	En los últimos dos años, ¿… esta zona se ha visto afectada por factores como:	4781	Ganadería extensiva	SI	SI
1	59	21	GE	1510	En los últimos dos años, ¿… esta zona se ha visto afectada por factores como:	4782	Presencia de cultivos ilícitos 	SI	SI
1	59	21	GE	1510	En los últimos dos años, ¿… esta zona se ha visto afectada por factores como:	4783	Aspersiones y/o fumigaciones aéreas para erradicación de cultivos de uso ilícito	SI	SI
1	59	21	GE	1510	En los últimos dos años, ¿… esta zona se ha visto afectada por factores como:	4784	Rutas de tránsito de estupefacientes y/o armas	SI	SI
1	59	21	GE	1510	En los últimos dos años, ¿… esta zona se ha visto afectada por factores como:	4785	Actividades de explotación maderera	SI	SI
1	59	21	GE	1510	En los últimos dos años, ¿… esta zona se ha visto afectada por factores como:	4786	Ninguna	SI	SI
1	59	22	GE	1511	Observaciones a este capitulo	4787		SI	SI
1	60	1	IN	1512	… sabe leer y escribir español?  <i><font color="#006600">(Encuestador: Al realizar la pregunta omitir la palabra español si la persona no tiene enfoque étnico.)</font></i>	4788	SI	SI	SI
1	60	1	IN	1512	… sabe leer y escribir español?  <i><font color="#006600">(Encuestador: Al realizar la pregunta omitir la palabra español si la persona no tiene enfoque étnico.)</font></i>	4789	NO	SI	SI
1	60	2	IN	1513	¿Cuál es el nivel educativo más alto alcanzado ... ? Y ¿Cuál es el último año o grado aprobado en este nivel?  <i><font color="#006600">(NOTA: Para el caso de comunidades etnicas, aclarar que es Educación formal)</font></i>	4790	Preescolar 	SI	SI
1	60	2	IN	1513	¿Cuál es el nivel educativo más alto alcanzado ... ? Y ¿Cuál es el último año o grado aprobado en este nivel?  <i><font color="#006600">(NOTA: Para el caso de comunidades etnicas, aclarar que es Educación formal)</font></i>	4791	Básica primaria (1º - 5º)	SI	SI
1	60	2	IN	1513	¿Cuál es el nivel educativo más alto alcanzado ... ? Y ¿Cuál es el último año o grado aprobado en este nivel?  <i><font color="#006600">(NOTA: Para el caso de comunidades etnicas, aclarar que es Educación formal)</font></i>	4792	Básica secundaria (6º - 9º)	SI	SI
1	60	2	IN	1513	¿Cuál es el nivel educativo más alto alcanzado ... ? Y ¿Cuál es el último año o grado aprobado en este nivel?  <i><font color="#006600">(NOTA: Para el caso de comunidades etnicas, aclarar que es Educación formal)</font></i>	4793	Media (10º - 13º)	SI	SI
1	60	2	IN	1513	¿Cuál es el nivel educativo más alto alcanzado ... ? Y ¿Cuál es el último año o grado aprobado en este nivel?  <i><font color="#006600">(NOTA: Para el caso de comunidades etnicas, aclarar que es Educación formal)</font></i>	4794	Técnica	SI	SI
1	60	2	IN	1513	¿Cuál es el nivel educativo más alto alcanzado ... ? Y ¿Cuál es el último año o grado aprobado en este nivel?  <i><font color="#006600">(NOTA: Para el caso de comunidades etnicas, aclarar que es Educación formal)</font></i>	4795	Tecnologica	SI	SI
1	60	2	IN	1513	¿Cuál es el nivel educativo más alto alcanzado ... ? Y ¿Cuál es el último año o grado aprobado en este nivel?  <i><font color="#006600">(NOTA: Para el caso de comunidades etnicas, aclarar que es Educación formal)</font></i>	4796	Profesional	SI	SI
1	60	2	IN	1513	¿Cuál es el nivel educativo más alto alcanzado ... ? Y ¿Cuál es el último año o grado aprobado en este nivel?  <i><font color="#006600">(NOTA: Para el caso de comunidades etnicas, aclarar que es Educación formal)</font></i>	4797	Especialización Técnica	SI	SI
1	60	2	IN	1513	¿Cuál es el nivel educativo más alto alcanzado ... ? Y ¿Cuál es el último año o grado aprobado en este nivel?  <i><font color="#006600">(NOTA: Para el caso de comunidades etnicas, aclarar que es Educación formal)</font></i>	4798	Especialización Tecnológica	SI	SI
1	60	2	IN	1513	¿Cuál es el nivel educativo más alto alcanzado ... ? Y ¿Cuál es el último año o grado aprobado en este nivel?  <i><font color="#006600">(NOTA: Para el caso de comunidades etnicas, aclarar que es Educación formal)</font></i>	4799	Especialización Profesional	SI	SI
1	60	2	IN	1513	¿Cuál es el nivel educativo más alto alcanzado ... ? Y ¿Cuál es el último año o grado aprobado en este nivel?  <i><font color="#006600">(NOTA: Para el caso de comunidades etnicas, aclarar que es Educación formal)</font></i>	4800	Maestría	SI	SI
1	60	2	IN	1513	¿Cuál es el nivel educativo más alto alcanzado ... ? Y ¿Cuál es el último año o grado aprobado en este nivel?  <i><font color="#006600">(NOTA: Para el caso de comunidades etnicas, aclarar que es Educación formal)</font></i>	4801	Doctorado	SI	SI
1	60	2	IN	1513	¿Cuál es el nivel educativo más alto alcanzado ... ? Y ¿Cuál es el último año o grado aprobado en este nivel?  <i><font color="#006600">(NOTA: Para el caso de comunidades etnicas, aclarar que es Educación formal)</font></i>	4802	Posdoctorado	SI	SI
1	60	2	IN	1513	¿Cuál es el nivel educativo más alto alcanzado ... ? Y ¿Cuál es el último año o grado aprobado en este nivel?  <i><font color="#006600">(NOTA: Para el caso de comunidades etnicas, aclarar que es Educación formal)</font></i>	4803	Ninguno	SI	SI
1	60	2	IN	1513	¿Cuál es el nivel educativo más alto alcanzado ... ? Y ¿Cuál es el último año o grado aprobado en este nivel?  <i><font color="#006600">(NOTA: Para el caso de comunidades etnicas, aclarar que es Educación formal)</font></i>	4804	No sabe/No responde	SI	SI
1	61	1	IN	1514	Observaciones Iniciales	4805		SI	SI
1	61	2	GE	1515	 ¿Generalmente como se aprovisiona el hogar de alimentos?	4806	Donación	SI	SI
1	61	2	GE	1515	 ¿Generalmente como se aprovisiona el hogar de alimentos?	4807	Atención humanitaria	SI	SI
1	61	2	GE	1515	 ¿Generalmente como se aprovisiona el hogar de alimentos?	4808	Compra	SI	SI
1	61	2	GE	1515	 ¿Generalmente como se aprovisiona el hogar de alimentos?	4809	Actividades tradicionales: caza	SI	SI
1	61	2	GE	1515	 ¿Generalmente como se aprovisiona el hogar de alimentos?	4810	Actividades tradicionales: pesca	SI	SI
1	61	2	GE	1515	 ¿Generalmente como se aprovisiona el hogar de alimentos?	4811	Actividades tradicionales: recolección 	SI	SI
1	61	2	GE	1515	 ¿Generalmente como se aprovisiona el hogar de alimentos?	4812	Actividades tradicionales: trueque	SI	SI
1	61	2	GE	1515	 ¿Generalmente como se aprovisiona el hogar de alimentos?	4813	Producción en pancoger (Chagra, conuco, roza, monte, patio, colino, tul, tambo o parcela)	SI	SI
1	61	2	GE	1515	 ¿Generalmente como se aprovisiona el hogar de alimentos?	4814	Producción para vender y comprar otros productos	SI	SI
1	61	3	GE	1516	¿En los últimos siete días, contando el día de ayer, este hogar consumió y con que frecuencia: Leguminosas (fríjol, lentejas, garbanzos, arvejas, ...)?	4815	Si ¿Cuántos días?	SI	SI
1	61	3	GE	1516	¿En los últimos siete días, contando el día de ayer, este hogar consumió y con que frecuencia: Leguminosas (fríjol, lentejas, garbanzos, arvejas, ...)?	4816	NO	SI	SI
1	61	4	GE	1517	¿En los últimos siete días, contando el día de ayer, este hogar consumió y con que frecuencia: Cereales (arroz, harina de trigo, avena)?	4817	Si ¿Cuántos días?	SI	SI
1	61	4	GE	1517	¿En los últimos siete días, contando el día de ayer, este hogar consumió y con que frecuencia: Cereales (arroz, harina de trigo, avena)?	4818	NO	SI	SI
1	61	5	GE	1518	¿EN LOS ÚLTIMOS SIETE DÍAS, CONTANDO EL DÍA DE AYER, ESTE HOGAR CONSUMIÓ Y CON QUE FRECUENCIA: TUBÉRCULOS Y PLÁTANOS (YUCA, ÑAME, ARRACACHA, PLÁTANO, PAPA, HOLLUCO, CALABAZA, AHUYAMA, PAPA CHINA, BANANO VERDE, BANANO CHIVO,BATATA)?	4819	Si ¿Cuántos días?	SI	SI
1	61	5	GE	1518	¿EN LOS ÚLTIMOS SIETE DÍAS, CONTANDO EL DÍA DE AYER, ESTE HOGAR CONSUMIÓ Y CON QUE FRECUENCIA: TUBÉRCULOS Y PLÁTANOS (YUCA, ÑAME, ARRACACHA, PLÁTANO, PAPA, HOLLUCO, CALABAZA, AHUYAMA, PAPA CHINA, BANANO VERDE, BANANO CHIVO,BATATA)?	4820	NO	SI	SI
1	61	6	GE	1519	¿En los últimos siete días, contando el día de ayer, este hogar consumió y con que frecuencia: Verduras y hortalizas (tomate, cebolla, habichuela, arveja verde, zanahoria, col, etc.)?	4821	Si ¿Cuántos días?	SI	SI
1	61	6	GE	1519	¿En los últimos siete días, contando el día de ayer, este hogar consumió y con que frecuencia: Verduras y hortalizas (tomate, cebolla, habichuela, arveja verde, zanahoria, col, etc.)?	4822	NO	SI	SI
1	61	7	GE	1520	¿EN LOS ÚLTIMOS SIETE DÍAS, CONTANDO EL DÍA DE AYER, ESTE HOGAR CONSUMIÓ Y CON QUE FRECUENCIA: FRUTAS (PAPAYA, GUAYABA, PIÑA, BOROJO, CAIMITO, GUAMA, POMARROSA, ZAPOTE, CHONTADURO, PEPEPAN, ETC)?	4823	Si ¿Cuántos días?	SI	SI
1	61	7	GE	1520	¿EN LOS ÚLTIMOS SIETE DÍAS, CONTANDO EL DÍA DE AYER, ESTE HOGAR CONSUMIÓ Y CON QUE FRECUENCIA: FRUTAS (PAPAYA, GUAYABA, PIÑA, BOROJO, CAIMITO, GUAMA, POMARROSA, ZAPOTE, CHONTADURO, PEPEPAN, ETC)?	4824	NO	SI	SI
1	61	8	GE	1521	¿EN LOS ÚLTIMOS SIETE DÍAS, CONTANDO EL DÍA DE AYER, ESTE HOGAR CONSUMIÓ Y CON QUE FRECUENCIA: CARNES ( RES, POLLO, CERDO, CABRA)?	4825	Si ¿Cuántos días?	SI	SI
1	61	8	GE	1521	¿EN LOS ÚLTIMOS SIETE DÍAS, CONTANDO EL DÍA DE AYER, ESTE HOGAR CONSUMIÓ Y CON QUE FRECUENCIA: CARNES ( RES, POLLO, CERDO, CABRA)?	4826	NO	SI	SI
1	61	9	GE	1522	¿EN LOS ÚLTIMOS SIETE DÍAS, CONTANDO EL DÍA DE AYER, ESTE HOGAR CONSUMIÓ Y CON QUÉ FRECUENCIA: PESCADOS Y/O MARISCOS? 	4827	Si ¿Cuántos días?	SI	SI
1	61	9	GE	1522	¿EN LOS ÚLTIMOS SIETE DÍAS, CONTANDO EL DÍA DE AYER, ESTE HOGAR CONSUMIÓ Y CON QUÉ FRECUENCIA: PESCADOS Y/O MARISCOS? 	4828	NO	SI	SI
1	61	10	GE	1523	¿En los últimos siete días, contando el día de ayer, este hogar consumió y con que frecuencia: Otras carnes (Patos, tortugas, ranas, insectos, reptiles, aves)?	4829	Si ¿Cuántos días?	SI	SI
1	61	10	GE	1523	¿En los últimos siete días, contando el día de ayer, este hogar consumió y con que frecuencia: Otras carnes (Patos, tortugas, ranas, insectos, reptiles, aves)?	4830	NO	SI	SI
1	61	11	GE	1524	¿En los últimos siete días, contando el día de ayer, este hogar consumió y con que frecuenciaI: Huevo?	4831	Si ¿Cuántos días?	SI	SI
1	61	11	GE	1524	¿En los últimos siete días, contando el día de ayer, este hogar consumió y con que frecuenciaI: Huevo?	4832	NO	SI	SI
1	61	12	GE	1525	¿En los últimos siete días, contando el día de ayer, este hogar consumió y con que frecuencia: Lácteos (leche, queso, kumis, yogur, etc)?	4833	Si ¿Cuántos días?	SI	SI
1	61	12	GE	1525	¿En los últimos siete días, contando el día de ayer, este hogar consumió y con que frecuencia: Lácteos (leche, queso, kumis, yogur, etc)?	4834	NO	SI	SI
1	61	13	GE	1526	¿En los últimos siete días, contando el día de ayer, este hogar consumió y con que frecuencia: Grasas (aceites, mantequilla, margarina, mayonesa, manteca, etc.)?	4835	Si ¿Cuántos días?	SI	SI
1	61	13	GE	1526	¿En los últimos siete días, contando el día de ayer, este hogar consumió y con que frecuencia: Grasas (aceites, mantequilla, margarina, mayonesa, manteca, etc.)?	4836	NO	SI	SI
1	61	14	GE	1527	¿En los últimos siete días, contando el día de ayer, este hogar consumió y con que frecuencia: Azúcar o panela?	4837	Si ¿Cuántos días?	SI	SI
1	61	14	GE	1527	¿En los últimos siete días, contando el día de ayer, este hogar consumió y con que frecuencia: Azúcar o panela?	4838	NO	SI	SI
1	61	15	GE	1528	¿En los últimos siete días, contando el día de ayer, este hogar consumió y con que frecuencia: Bienestarina?	4839	Si ¿Cuántos días?	SI	SI
1	61	15	GE	1528	¿En los últimos siete días, contando el día de ayer, este hogar consumió y con que frecuencia: Bienestarina?	4840	NO	SI	SI
1	61	16	GE	1529	Observaciones a este capitulo	4841		SI	SI
1	62	1	GE	1532	¿A causa del victimizante, el hogar se vio obligado a separarse?	4845	SI	SI	NO
1	62	1	GE	1532	¿A causa del victimizante, el hogar se vio obligado a separarse?	4846	NO	SI	NO
1	62	2	GE	1533	¿El hogar solicitó apoyo del  gobierno u otra entidad privada para la reunificación familiar?	4847	SI	SI	NO
1	62	2	GE	1533	¿El hogar solicitó apoyo del  gobierno u otra entidad privada para la reunificación familiar?	4848	NO	SI	NO
1	62	3	GE	1534	¿El hogar logró reunificarse?	4849	SI	SI	NO
1	62	3	GE	1534	¿El hogar logró reunificarse?	4850	NO	SI	NO
1	62	4	GE	1535	¿Está interesado en iniciar un proceso de reunificación familiar?	4851	SI	SI	NO
1	62	4	GE	1535	¿Está interesado en iniciar un proceso de reunificación familiar?	4852	No le interesa	SI	NO
1	62	4	GE	1535	¿Está interesado en iniciar un proceso de reunificación familiar?	4853	No conoce el proceso de reunificacion	SI	NO
1	62	6	GE	1537	Observaciones a este capitulo	4859		SI	NO
1	65	1	GE	1541	LUGAR DE LA ENCUESTA 	4868		SI	SI
1	65	2	IN	1542	Nombre(s) y Apellidos (s)	4869	Primer Nombre	SI	SI
1	65	2	IN	1542	Nombre(s) y Apellidos (s)	4870	Segundo Nombre	SI	SI
1	65	2	IN	1542	Nombre(s) y Apellidos (s)	4871	Primer Apellido	SI	SI
1	65	2	IN	1542	Nombre(s) y Apellidos (s)	4872	Segundo Apellido	SI	SI
1	65	3	IN	1543	Que tipo de identificación tiene...?	4873	Cédula de ciudadanía / Contraseña	SI	SI
1	65	3	IN	1543	Que tipo de identificación tiene...?	4874	Cédula de extranjería	SI	SI
1	65	3	IN	1543	Que tipo de identificación tiene...?	4875	Tarjeta de identidad	SI	SI
1	65	3	IN	1543	Que tipo de identificación tiene...?	4876	Registro civil/NUIP	SI	SI
1	65	3	IN	1543	Que tipo de identificación tiene...?	4877	Permiso especial de permanencia	SI	SI
1	65	3	IN	1543	Que tipo de identificación tiene...?	4878	Permiso temporal de permanencia	SI	SI
1	65	3	IN	1543	Que tipo de identificación tiene...?	4879	Pasaporte	SI	SI
1	65	3	IN	1543	Que tipo de identificación tiene...?	4880	Adulto sin identificar	SI	SI
1	65	3	IN	1543	Que tipo de identificación tiene...?	4881	Menor sin identificar	SI	SI
1	65	3	IN	1543	Que tipo de identificación tiene...?	4882	Recién nacido	SI	SI
1	65	3	IN	1543	Que tipo de identificación tiene...?	4883	Certificado de pertenencia étnica	SI	SI
1	65	4	IN	1544	Número Documento de identificación <i><font color="#006600"> (Si no conoce el número, diligencie 99) (verifique información)</font></i>	4884		SI	SI
1	65	5	IN	1545	El parentesco … frente al jefe del hogar es:  <i><font color="#006600"> (No acepte como jefe de hogar a persona menor a 14 años)</font></i>	4885	Jefe(a)	SI	SI
1	65	5	IN	1545	El parentesco … frente al jefe del hogar es:  <i><font color="#006600"> (No acepte como jefe de hogar a persona menor a 14 años)</font></i>	4886	Cónyuge o Compañera(o)	SI	SI
1	65	5	IN	1545	El parentesco … frente al jefe del hogar es:  <i><font color="#006600"> (No acepte como jefe de hogar a persona menor a 14 años)</font></i>	4887	Hijo(a) - Hijastro(a)	SI	SI
1	65	5	IN	1545	El parentesco … frente al jefe del hogar es:  <i><font color="#006600"> (No acepte como jefe de hogar a persona menor a 14 años)</font></i>	4888	Padre o madre - Padrastro o madrastra	SI	SI
1	65	5	IN	1545	El parentesco … frente al jefe del hogar es:  <i><font color="#006600"> (No acepte como jefe de hogar a persona menor a 14 años)</font></i>	4889	Hermano(a) - Hermanastro(a)	SI	SI
1	65	5	IN	1545	El parentesco … frente al jefe del hogar es:  <i><font color="#006600"> (No acepte como jefe de hogar a persona menor a 14 años)</font></i>	4890	Otro pariente del jefe	SI	SI
1	65	6	IN	1546	¿Cuál es la fecha de nacimiento de...? <i><i><font color="#006600">(Si no conoce la fecha exacta de nacimiento, diligencie la más aproximada posible)</font></i></i>	4891		SI	SI
1	65	7	IN	1547	¿Cuántos años cumplidos tiene ...? <i><font color="#006600"> (Si es menor de un año diligencie 00) (verifique información)</font></i>	4892		SI	SI
1	65	8	IN	1548	¿Usted se considera víctima del conflicto armado colombiano?	4893	SI	SI	SI
1	65	8	IN	1548	¿Usted se considera víctima del conflicto armado colombiano?	4894	NO	SI	SI
1	65	9	IN	1549	Esa persona vive en*:	4895		SI	SI
1	65	10	IN	1550	Esa persona nació en*:	4898		SI	SI
1	65	11	IN	1551	¿Es usted de origen colombiano?	4900	Si	SI	SI
1	65	11	IN	1551	¿Es usted de origen colombiano?	4901	No, ¿Cuál es su origen?	SI	SI
1	65	12	IN	1552	¿Cuenta con otra nacionalidad?	4902	Si, ¿de qué otro país o países cuenta con la nacionalidad? 	SI	SI
1	65	12	IN	1552	¿Cuenta con otra nacionalidad?	4903	No	SI	SI
1	65	13	IN	1553	¿En dónde Nació?	4904		SI	SI
1	65	14	IN	1554	Sexo: <i><font color="#006600"> (No asumir el sexo a partir del nombre, es necesario preguntar)</font></i>	4905	Hombre	SI	SI
1	65	14	IN	1554	Sexo: <i><font color="#006600"> (No asumir el sexo a partir del nombre, es necesario preguntar)</font></i>	4906	Mujer	SI	SI
1	65	14	IN	1554	Sexo: <i><font color="#006600"> (No asumir el sexo a partir del nombre, es necesario preguntar)</font></i>	4907	Intersexual	SI	SI
1	65	14	IN	1554	Sexo: <i><font color="#006600"> (No asumir el sexo a partir del nombre, es necesario preguntar)</font></i>	4908	Indeterminado	SI	SI
1	65	15	IN	1555	¿Cuál es su orientación sexual?	4909	Heterosexual	SI	SI
1	65	15	IN	1555	¿Cuál es su orientación sexual?	4910	Homosexual	SI	SI
1	65	15	IN	1555	¿Cuál es su orientación sexual?	4911	Bisexual	SI	SI
1	65	15	IN	1555	¿Cuál es su orientación sexual?	4912	Asexual	SI	SI
1	65	15	IN	1555	¿Cuál es su orientación sexual?	4913	Ninguno	SI	SI
1	65	15	IN	1555	¿Cuál es su orientación sexual?	4914	Otro ¿Cuál?	SI	SI
1	65	16	IN	1556	¿Cuál es su identidad de género?	4915	Femenino	SI	SI
1	65	16	IN	1556	¿Cuál es su identidad de género?	4916	Masculino	SI	SI
1	65	16	IN	1556	¿Cuál es su identidad de género?	4917	Trangénero	SI	SI
1	65	16	IN	1556	¿Cuál es su identidad de género?	4918	Otro ¿Cuál?	SI	SI
1	65	17	IN	1557	De acuerdo con su cultura, pueblo o rasgos físicos, ...Se autoreconoce como: <i><font color="#006600">(Encuestador: No asuma la respuesta por la apariencia física, lengua, u apellidos de las personas. Es necesario leer la pregunta)</font></i>	4919	Indígena	SI	SI
1	65	17	IN	1557	De acuerdo con su cultura, pueblo o rasgos físicos, ...Se autoreconoce como: <i><font color="#006600">(Encuestador: No asuma la respuesta por la apariencia física, lengua, u apellidos de las personas. Es necesario leer la pregunta)</font></i>	4920	Gitano(a), Rrom	SI	SI
1	65	17	IN	1557	De acuerdo con su cultura, pueblo o rasgos físicos, ...Se autoreconoce como: <i><font color="#006600">(Encuestador: No asuma la respuesta por la apariencia física, lengua, u apellidos de las personas. Es necesario leer la pregunta)</font></i>	4921	Raizal del Archipiélago de San Andrés, Providencia y Santa Catalina	SI	SI
1	65	17	IN	1557	De acuerdo con su cultura, pueblo o rasgos físicos, ...Se autoreconoce como: <i><font color="#006600">(Encuestador: No asuma la respuesta por la apariencia física, lengua, u apellidos de las personas. Es necesario leer la pregunta)</font></i>	4922	Palenquero(a) 	SI	SI
1	65	17	IN	1557	De acuerdo con su cultura, pueblo o rasgos físicos, ...Se autoreconoce como: <i><font color="#006600">(Encuestador: No asuma la respuesta por la apariencia física, lengua, u apellidos de las personas. Es necesario leer la pregunta)</font></i>	4923	Negro(a), afrocolombiano(a) o afrodescendiente	SI	SI
1	65	17	IN	1557	De acuerdo con su cultura, pueblo o rasgos físicos, ...Se autoreconoce como: <i><font color="#006600">(Encuestador: No asuma la respuesta por la apariencia física, lengua, u apellidos de las personas. Es necesario leer la pregunta)</font></i>	4924	Ninguna	SI	SI
1	65	18	IN	1558	¿... A qué pueblo indigena pertenece?	4925		SI	SI
1	65	19	IN	1559	¿… A qué comunidad indígena pertenece?	4926		SI	SI
1	65	20	IN	1560	¿… A qué cabildo indígena pertenece?	4927		SI	SI
1	65	21	IN	1561	¿PERTENECE A UN CONSEJO COMUNITARIO?	4928	SI	SI	SI
1	65	21	IN	1561	¿PERTENECE A UN CONSEJO COMUNITARIO?	4929	NO	SI	SI
1	65	22	IN	1562	¿… A qué consejo comunitario pertenece?	4930		SI	SI
1	65	23	IN	1563	¿… A qué <em>Vitsa</em> pertenece?	4931	Bolochoc	SI	SI
1	65	23	IN	1563	¿… A qué <em>Vitsa</em> pertenece?	4932	Bimbay	SI	SI
1	65	23	IN	1563	¿… A qué <em>Vitsa</em> pertenece?	4933	Mijhaís	SI	SI
1	65	23	IN	1563	¿… A qué <em>Vitsa</em> pertenece?	4934	Ghoso	SI	SI
1	65	23	IN	1563	¿… A qué <em>Vitsa</em> pertenece?	4935	Churon	SI	SI
1	65	23	IN	1563	¿… A qué <em>Vitsa</em> pertenece?	4936	Rruso	SI	SI
1	65	23	IN	1563	¿… A qué <em>Vitsa</em> pertenece?	4937	Eskelleichi	SI	SI
1	65	23	IN	1563	¿… A qué <em>Vitsa</em> pertenece?	4938	Otro ¿Cuál? ________	SI	SI
1	65	24	IN	1564	¿… A qué Kumpania pertenece?	4939	Sabana Larga (Atlántico)	SI	SI
1	65	24	IN	1564	¿… A qué Kumpania pertenece?	4940	Sampués (Sucre)	SI	SI
1	65	24	IN	1564	¿… A qué Kumpania pertenece?	4941	Sahagún (Córdoba)	SI	SI
1	65	24	IN	1564	¿… A qué Kumpania pertenece?	4942	San Pelayo (Córdoba)	SI	SI
1	65	24	IN	1564	¿… A qué Kumpania pertenece?	4943	Cúcuta (Norte de Santander)	SI	SI
1	65	24	IN	1564	¿… A qué Kumpania pertenece?	4944	Girón (Santander)	SI	SI
1	65	24	IN	1564	¿… A qué Kumpania pertenece?	4945	Envigado (Antioquia)	SI	SI
1	65	24	IN	1564	¿… A qué Kumpania pertenece?	4946	Ataco (Tolima)	SI	SI
1	65	24	IN	1564	¿… A qué Kumpania pertenece?	4947	Bogotá Unión Romaní	SI	SI
1	65	24	IN	1564	¿… A qué Kumpania pertenece?	4948	Bogotá ProRrom	SI	SI
1	65	24	IN	1564	¿… A qué Kumpania pertenece?	4949	Pasto - Nariño	SI	SI
1	65	24	IN	1564	¿… A qué Kumpania pertenece?	4950	Otra ¿Cuál? ________________	SI	SI
1	65	25	IN	1565	¿Presenta alguna discapacidad?	4951	SI	SI	SI
1	65	25	IN	1565	¿Presenta alguna discapacidad?	4952	NO	SI	SI
1	65	26	IN	1566	¿Qué tipo de discapacidad presenta?	4953	Fisica	SI	SI
1	65	26	IN	1566	¿Qué tipo de discapacidad presenta?	4954	Visual	SI	SI
1	65	26	IN	1566	¿Qué tipo de discapacidad presenta?	4955	Auditiva	SI	SI
1	65	26	IN	1566	¿Qué tipo de discapacidad presenta?	4956	Intelectual	SI	SI
1	65	26	IN	1566	¿Qué tipo de discapacidad presenta?	4957	Mental	SI	SI
1	65	26	IN	1566	¿Qué tipo de discapacidad presenta?	4958	Sordoceguera	SI	SI
1	65	27	IN	1567	¿Presenta diagnóstico de enfermedades ruinosas, catastróficas y de alto costo?	4959	SI	SI	SI
1	65	27	IN	1567	¿Presenta diagnóstico de enfermedades ruinosas, catastróficas y de alto costo?	4960	NO	SI	SI
1	65	28	IN	1568	¿Cuál enfermedad?	4961	TRANSPLANTE RENAL	SI	SI
1	65	28	IN	1568	¿Cuál enfermedad?	4962	TRASPLANTE RENAL, CORAZÓN, HÍGADO, MÉDULA ÓSEA Y CÓRNEA	SI	SI
1	65	28	IN	1568	¿Cuál enfermedad?	4963	DIÁLISIS PERITONEAL Y HEMODIÁLISIS	SI	SI
1	65	28	IN	1568	¿Cuál enfermedad?	4964	MANEJO QUIRÚRGICO PARA ENFERMEDADES DEL CORAZÓN	SI	SI
1	65	28	IN	1568	¿Cuál enfermedad?	4965	MANEJO QUIRÚRGICO PARA ENFERMEDADES DEL SISTEMA NERVIOSO CENTRAL	SI	SI
1	65	28	IN	1568	¿Cuál enfermedad?	4966	REEMPLAZOS ARTICULARES	SI	SI
1	65	28	IN	1568	¿Cuál enfermedad?	4967	MANEJO MÉDICO QUIRÚRGICO DEL PACIENTE GRAN QUEMADO	SI	SI
1	65	28	IN	1568	¿Cuál enfermedad?	4968	MANEJO DEL TRAUMA MAYOR	SI	SI
1	65	28	IN	1568	¿Cuál enfermedad?	4969	DIAGNÓSTICO Y MANEJO DEL PACIENTE INFECTADO POR VIH/SIDA	SI	SI
1	65	28	IN	1568	¿Cuál enfermedad?	4970	QUIMIOTERAPIA Y RADIOTERAPIA PARA EL CÁNCER	SI	SI
1	65	28	IN	1568	¿Cuál enfermedad?	4971	MANEJO DE PACIENTES EN UNIDAD DE CUIDADOS INTENSIVOS	SI	SI
1	65	28	IN	1568	¿Cuál enfermedad?	4972	MANEJO QUIRÚRGICO DE ENFERMEDADES CONGÉNITAS	SI	SI
1	65	28	IN	1568	¿Cuál enfermedad?	4973	CORRECCIÓN QUIRÚRGICA DE LA HERNIA DE NÚCLEO PULPOSO	SI	SI
1	65	28	IN	1568	¿Cuál enfermedad?	4974	OTRA (EPOC, ANEMIA FALCIFORME, ETC)	SI	SI
1	65	29	IN	1569	¿Cuál es el nivel educativo más alto alcanzado ... ? Y ¿Cuál es el último año o grado aprobado en este nivel?  <i><font color="#006600">(NOTA: Para el caso de comunidades etnicas, aclarar que es Educación formal)</font></i>	4975	Preescolar 	SI	SI
1	65	29	IN	1569	¿Cuál es el nivel educativo más alto alcanzado ... ? Y ¿Cuál es el último año o grado aprobado en este nivel?  <i><font color="#006600">(NOTA: Para el caso de comunidades etnicas, aclarar que es Educación formal)</font></i>	4976	Básica primaria (1º - 5º)	SI	SI
1	65	29	IN	1569	¿Cuál es el nivel educativo más alto alcanzado ... ? Y ¿Cuál es el último año o grado aprobado en este nivel?  <i><font color="#006600">(NOTA: Para el caso de comunidades etnicas, aclarar que es Educación formal)</font></i>	4977	Básica secundaria (6º - 9º)	SI	SI
1	65	29	IN	1569	¿Cuál es el nivel educativo más alto alcanzado ... ? Y ¿Cuál es el último año o grado aprobado en este nivel?  <i><font color="#006600">(NOTA: Para el caso de comunidades etnicas, aclarar que es Educación formal)</font></i>	4978	Media (10º - 13º)	SI	SI
1	65	29	IN	1569	¿Cuál es el nivel educativo más alto alcanzado ... ? Y ¿Cuál es el último año o grado aprobado en este nivel?  <i><font color="#006600">(NOTA: Para el caso de comunidades etnicas, aclarar que es Educación formal)</font></i>	4979	Técnica	SI	SI
1	65	29	IN	1569	¿Cuál es el nivel educativo más alto alcanzado ... ? Y ¿Cuál es el último año o grado aprobado en este nivel?  <i><font color="#006600">(NOTA: Para el caso de comunidades etnicas, aclarar que es Educación formal)</font></i>	4980	Tecnologica	SI	SI
1	65	29	IN	1569	¿Cuál es el nivel educativo más alto alcanzado ... ? Y ¿Cuál es el último año o grado aprobado en este nivel?  <i><font color="#006600">(NOTA: Para el caso de comunidades etnicas, aclarar que es Educación formal)</font></i>	4981	Profesional	SI	SI
1	65	29	IN	1569	¿Cuál es el nivel educativo más alto alcanzado ... ? Y ¿Cuál es el último año o grado aprobado en este nivel?  <i><font color="#006600">(NOTA: Para el caso de comunidades etnicas, aclarar que es Educación formal)</font></i>	4982	Especialización	SI	SI
1	65	29	IN	1569	¿Cuál es el nivel educativo más alto alcanzado ... ? Y ¿Cuál es el último año o grado aprobado en este nivel?  <i><font color="#006600">(NOTA: Para el caso de comunidades etnicas, aclarar que es Educación formal)</font></i>	4983	Maestría	SI	SI
1	65	29	IN	1569	¿Cuál es el nivel educativo más alto alcanzado ... ? Y ¿Cuál es el último año o grado aprobado en este nivel?  <i><font color="#006600">(NOTA: Para el caso de comunidades etnicas, aclarar que es Educación formal)</font></i>	4984	Doctorado	SI	SI
1	65	29	IN	1569	¿Cuál es el nivel educativo más alto alcanzado ... ? Y ¿Cuál es el último año o grado aprobado en este nivel?  <i><font color="#006600">(NOTA: Para el caso de comunidades etnicas, aclarar que es Educación formal)</font></i>	4985	Posdoctorado	SI	SI
1	65	29	IN	1569	¿Cuál es el nivel educativo más alto alcanzado ... ? Y ¿Cuál es el último año o grado aprobado en este nivel?  <i><font color="#006600">(NOTA: Para el caso de comunidades etnicas, aclarar que es Educación formal)</font></i>	4986	Ninguno	SI	SI
1	65	29	IN	1569	¿Cuál es el nivel educativo más alto alcanzado ... ? Y ¿Cuál es el último año o grado aprobado en este nivel?  <i><font color="#006600">(NOTA: Para el caso de comunidades etnicas, aclarar que es Educación formal)</font></i>	4987	No sabe/No responde	SI	SI
1	65	30	IN	1570	¿Cuenta con el certificado del nivel educativo más alto alcanzado?   	4988	SI	SI	SI
1	65	30	IN	1570	¿Cuenta con el certificado del nivel educativo más alto alcanzado?   	4989	NO	SI	SI
1	65	31	IN	1571	En el tiempo que lleva viviendo aquí, ¿ha recibido atención psicosocial o psicológica en algún programa?	4990	SI	SI	SI
1	65	31	IN	1571	En el tiempo que lleva viviendo aquí, ¿ha recibido atención psicosocial o psicológica en algún programa?	4991	NO	SI	SI
1	65	32	IN	1572	¿Por parte de qué institución recibió esta atención?	4992	Ministerio de Salud de Colombia	SI	SI
1	65	32	IN	1572	¿Por parte de qué institución recibió esta atención?	4993	Unidad para las Víctimas de Colombia	SI	SI
1	65	32	IN	1572	¿Por parte de qué institución recibió esta atención?	4994	Ministerio de Relaciones Exteriores de Colombia	SI	SI
1	65	32	IN	1572	¿Por parte de qué institución recibió esta atención?	4995	Una institución del Estado receptor	SI	SI
1	65	32	IN	1572	¿Por parte de qué institución recibió esta atención?	4996	Organización de víctimas 	SI	SI
1	65	32	IN	1572	¿Por parte de qué institución recibió esta atención?	4997	Organización humanitaria 	SI	SI
1	65	32	IN	1572	¿Por parte de qué institución recibió esta atención?	4998	Otra ¿cuál? 	SI	SI
1	65	33	IN	1573	¿Usted está interesado (a) en recibir atención psicosocial?	4999	SI	SI	SI
1	65	33	IN	1573	¿Usted está interesado (a) en recibir atención psicosocial?	5000	NO	SI	SI
1	65	34	IN	1574	¿Qué tipo de estudio cursan actualmente?	5001	Estudios no formales	SI	SI
1	65	34	IN	1574	¿Qué tipo de estudio cursan actualmente?	5002	Estudios de la Básica/primaria/media/bachiller	SI	SI
1	65	34	IN	1574	¿Qué tipo de estudio cursan actualmente?	5003	Estudios técnicos	SI	SI
1	65	34	IN	1574	¿Qué tipo de estudio cursan actualmente?	5004	Estudios profesionales	SI	SI
1	65	34	IN	1574	¿Qué tipo de estudio cursan actualmente?	5005	Estudios de especialización/maestría/doctorado	SI	SI
1	65	34	IN	1574	¿Qué tipo de estudio cursan actualmente?	5006	Ninguno	SI	SI
1	65	35	IN	1575	Actualmente, su ocupación es:	5008	Empleado formal (con contrato)	SI	SI
1	65	35	IN	1575	Actualmente, su ocupación es:	5009	Empleado Informal (sin contrato)	SI	SI
1	65	35	IN	1575	Actualmente, su ocupación es:	5010	Independiente	SI	SI
1	65	35	IN	1575	Actualmente, su ocupación es:	5011	Desempleado	SI	SI
1	65	35	IN	1575	Actualmente, su ocupación es:	5012	Hogar (labores de la casa)	SI	SI
1	65	35	IN	1575	Actualmente, su ocupación es:	5013	Rentista (persona que recibe dinero por arrendar bienes)	SI	SI
1	65	35	IN	1575	Actualmente, su ocupación es:	5014	Estudiante	SI	SI
1	65	35	IN	1575	Actualmente, su ocupación es:	5015	Pensionado	SI	SI
1	65	35	IN	1575	Actualmente, su ocupación es:	5016	Otro ¿cuál? 	SI	SI
1	66	1	GE	1576	Lugar	5017		SI	SI
1	66	2	GE	1577	Zona de residencia	5018	Rural	SI	SI
1	66	2	GE	1577	Zona de residencia	5019	Urbana	SI	SI
1	66	3	GE	1578	CÓDIGO POSTAL	5020		SI	SI
1	66	4	GE	1579	Teléfono fijo  con indicativo <i><font color="#006600"> (XX-XXXXXXX)</font></i> Ejemplo Bogotá <i><font color="#006600"> (91-2345678) si no conoce el número de teléfono digitar 99-9999999</font></i>	5021		SI	SI
1	66	5	GE	1580	Otro teléfono de contacto	5022		SI	SI
1	66	6	GE	1581	Teléfono celular	5023		SI	SI
1	66	7	GE	1582	Correo Electrónico	5024		SI	SI
1	67	1	GE	1583	¿Usted ha declarado ante la Defensoría, Procuraduría, Personería,Unidad de restitución de tierras  o Consulado colombiano sobre los hechos de los cuales fue víctima, con el fin de ser reconocido como víctima por el Estado colombiano? 	5025	SI	SI	SI
1	67	1	GE	1583	¿Usted ha declarado ante la Defensoría, Procuraduría, Personería,Unidad de restitución de tierras  o Consulado colombiano sobre los hechos de los cuales fue víctima, con el fin de ser reconocido como víctima por el Estado colombiano? 	5026	NO	SI	SI
1	67	2	GE	1584	¿Usted sabe si está incluido en en el Registro Único de Victimas o en el Registro de Tierras?	5027	SI	SI	SI
1	67	2	GE	1584	¿Usted sabe si está incluido en en el Registro Único de Victimas o en el Registro de Tierras?	5028	NO	SI	SI
1	67	2	GE	1584	¿Usted sabe si está incluido en en el Registro Único de Victimas o en el Registro de Tierras?	5029	NO SABE/NO RESPONDE	SI	SI
1	67	3	GE	1585	¿Por qué no ha declarado ante la Defensoría, Procuraduría, Personería, Unidad de Restitución de Tierras o Consulado colombiano sobre los hechos de los cuales fue víctima?	5030	No conoce el lugar donde puede hacerlo 	SI	SI
1	67	3	GE	1585	¿Por qué no ha declarado ante la Defensoría, Procuraduría, Personería, Unidad de Restitución de Tierras o Consulado colombiano sobre los hechos de los cuales fue víctima?	5031	El lugar donde sabe que puede hacerlo le queda muy lejos	SI	SI
1	67	3	GE	1585	¿Por qué no ha declarado ante la Defensoría, Procuraduría, Personería, Unidad de Restitución de Tierras o Consulado colombiano sobre los hechos de los cuales fue víctima?	5032	No desea hacerlo	SI	SI
1	67	3	GE	1585	¿Por qué no ha declarado ante la Defensoría, Procuraduría, Personería, Unidad de Restitución de Tierras o Consulado colombiano sobre los hechos de los cuales fue víctima?	5033	No sabía que podía declarar los hechos que le ocurrieron ni los trámites necesarios para hacerlo 	SI	SI
1	67	3	GE	1585	¿Por qué no ha declarado ante la Defensoría, Procuraduría, Personería, Unidad de Restitución de Tierras o Consulado colombiano sobre los hechos de los cuales fue víctima?	5034	Tiene miedo de declarar los hechos ocurridos	SI	SI
1	67	3	GE	1585	¿Por qué no ha declarado ante la Defensoría, Procuraduría, Personería, Unidad de Restitución de Tierras o Consulado colombiano sobre los hechos de los cuales fue víctima?	5035	No confía en el Estado colombiano 	SI	SI
1	67	3	GE	1585	¿Por qué no ha declarado ante la Defensoría, Procuraduría, Personería, Unidad de Restitución de Tierras o Consulado colombiano sobre los hechos de los cuales fue víctima?	5036	Otra ¿cuál? 	SI	SI
1	67	4	GE	1586	A causa de los hechos victimizantes tuvo que abandonar  un predio rural o urbano o este le fue despojado?	5037	SI	SI	SI
1	67	4	GE	1586	A causa de los hechos victimizantes tuvo que abandonar  un predio rural o urbano o este le fue despojado?	5038	NO	SI	SI
1	67	5	GE	1587	Los hechos victimizantes por los cuales usted es víctima, ¿en qué año o años ocurrieron?  	5039		SI	SI
1	67	6	GE	1588	¿Cuáles fueron los hechos victimizantes que usted sufrió?	5040	Acto terrorista / atentados / combates /enfrentamientos / hostigamientos	SI	SI
1	67	6	GE	1588	¿Cuáles fueron los hechos victimizantes que usted sufrió?	5041	Amenaza	SI	SI
1	67	6	GE	1588	¿Cuáles fueron los hechos victimizantes que usted sufrió?	5042	Delitos contra la libertad y la integridad sexual en desarrollo del conflicto armado	SI	SI
1	67	6	GE	1588	¿Cuáles fueron los hechos victimizantes que usted sufrió?	5043	Desaparición forzada	SI	SI
1	67	6	GE	1588	¿Cuáles fueron los hechos victimizantes que usted sufrió?	5044	Desplazamiento forzado	SI	SI
1	67	6	GE	1588	¿Cuáles fueron los hechos victimizantes que usted sufrió?	5045	Homicidio	SI	SI
1	67	6	GE	1588	¿Cuáles fueron los hechos victimizantes que usted sufrió?	5046	Minas antipersonal, munición sin explotar y artefacto explosivo improvisado	SI	SI
1	67	6	GE	1588	¿Cuáles fueron los hechos victimizantes que usted sufrió?	5047	Secuestro	SI	SI
1	67	6	GE	1588	¿Cuáles fueron los hechos victimizantes que usted sufrió?	5048	Tortura	SI	SI
1	67	6	GE	1588	¿Cuáles fueron los hechos victimizantes que usted sufrió?	5049	Vinculación de niños niñas y adolescentes a actividades relacionadas con grupos armados	SI	SI
1	67	6	GE	1588	¿Cuáles fueron los hechos victimizantes que usted sufrió?	5050	Abandono o despojo forzado de tierras	SI	SI
1	67	6	GE	1588	¿Cuáles fueron los hechos victimizantes que usted sufrió?	5051	Eventos masivos	SI	SI
1	67	6	GE	1588	¿Cuáles fueron los hechos victimizantes que usted sufrió?	5052	Perdida de bienes muebles o inmuebles	SI	SI
1	67	6	GE	1588	¿Cuáles fueron los hechos victimizantes que usted sufrió?	5053	Lesiones personales físicas	SI	SI
1	67	6	GE	1588	¿Cuáles fueron los hechos victimizantes que usted sufrió?	5054	Lesiones personales psicológicas	SI	SI
1	67	6	GE	1588	¿Cuáles fueron los hechos victimizantes que usted sufrió?	5055	Confinamiento	SI	SI
1	67	6	GE	1588	¿Cuáles fueron los hechos victimizantes que usted sufrió?	5056	Otra ¿cuál? 	SI	SI
1	67	7	GE	1589	A partir de los hechos victimizantes sufridos por usted, los daños que estos le causaron fueron: 	5057	Dejó de tener ingresos por la pérdida o afectación a algún tipo de negocio o pertenencia (lucro cesante)	SI	SI
1	67	7	GE	1589	A partir de los hechos victimizantes sufridos por usted, los daños que estos le causaron fueron: 	5058	La situación le ocasionó gastos que no había contemplado (daño emergente)	SI	SI
1	67	7	GE	1589	A partir de los hechos victimizantes sufridos por usted, los daños que estos le causaron fueron: 	5059	Sus vínculos familiares y sociales se vieron afectados 	SI	SI
1	67	7	GE	1589	A partir de los hechos victimizantes sufridos por usted, los daños que estos le causaron fueron: 	5060	Afectaciones físicas 	SI	SI
1	67	7	GE	1589	A partir de los hechos victimizantes sufridos por usted, los daños que estos le causaron fueron: 	5061	Afectaciones psicológicas	SI	SI
1	67	7	GE	1589	A partir de los hechos victimizantes sufridos por usted, los daños que estos le causaron fueron: 	5062	tuvo que abandonar su predio	SI	SI
1	67	7	GE	1589	A partir de los hechos victimizantes sufridos por usted, los daños que estos le causaron fueron: 	5063	Sufrió la perdida de su predio con ocasión del conflicto	SI	SI
1	67	8	GE	1590	En su opinión, ¿Qué tanto conoce la Ley 1448 de 2011  (Ley de Víctimas y Restitución de Tierras) de Colombia?	5064	La conoce mucho	SI	SI
1	67	8	GE	1590	En su opinión, ¿Qué tanto conoce la Ley 1448 de 2011  (Ley de Víctimas y Restitución de Tierras) de Colombia?	5065	La conoce poco	SI	SI
1	67	8	GE	1590	En su opinión, ¿Qué tanto conoce la Ley 1448 de 2011  (Ley de Víctimas y Restitución de Tierras) de Colombia?	5066	No la conoce	SI	SI
1	67	9	GE	1591	En su opinión, ¿Qué tanto conoce los decretos Ley Étnicos, 4333, 4334, 4335 en Colombia?	5067	La conoce mucho	SI	SI
1	67	9	GE	1591	En su opinión, ¿Qué tanto conoce los decretos Ley Étnicos, 4333, 4334, 4335 en Colombia?	5068	La conoce poco	SI	SI
1	67	9	GE	1591	En su opinión, ¿Qué tanto conoce los decretos Ley Étnicos, 4333, 4334, 4335 en Colombia?	5069	No la conoce	SI	SI
1	67	10	GE	1592	Cuáles considera usted son los derechos que tiene por haber sido víctima del conflicto armado colombiano?	5070	Derecho a la verdad sobre los hechos ocurridos	SI	SI
1	67	10	GE	1592	Cuáles considera usted son los derechos que tiene por haber sido víctima del conflicto armado colombiano?	5071	Derecho a la Justicia (judicialización de los responsables, conocer el estado de procesos judiciales que se estén adelantando)	SI	SI
1	67	10	GE	1592	Cuáles considera usted son los derechos que tiene por haber sido víctima del conflicto armado colombiano?	5072	Derecho a acudir a escenarios de diálogo y participación institucional y comunitario 	SI	SI
1	67	10	GE	1592	Cuáles considera usted son los derechos que tiene por haber sido víctima del conflicto armado colombiano?	5073	Derecho a que el Estado lo proteja y garantice su derecho a la vida, la atención y asistencia en condiciones de dignidad	SI	SI
1	67	10	GE	1592	Cuáles considera usted son los derechos que tiene por haber sido víctima del conflicto armado colombiano?	5074	Derecho a participar en la formulación, implementación y seguimiento de la política pública de prevención, atención y reparación integral	SI	SI
1	67	10	GE	1592	Cuáles considera usted son los derechos que tiene por haber sido víctima del conflicto armado colombiano?	5075	Derecho a que las mujeres, los niños, niñas y adolescentes, los adultos mayores, los grupos étnicos, la población LGBTI, y las personas con discapacidad sean tenidos en cuenta prioritariamente por la ley en tanto poblaciones más vulnerables	SI	SI
1	67	10	GE	1592	Cuáles considera usted son los derechos que tiene por haber sido víctima del conflicto armado colombiano?	5076	Derecho a la restitución de la tierra si ha sido despojado de ella	SI	SI
1	67	10	GE	1592	Cuáles considera usted son los derechos que tiene por haber sido víctima del conflicto armado colombiano?	5077	Derecho a la reparación integral (a medidas de indemnización, satisfacción, restitución, garantías de no repetición y retorno)	SI	SI
1	67	10	GE	1592	Cuáles considera usted son los derechos que tiene por haber sido víctima del conflicto armado colombiano?	5078	Derecho de las mujeres a vivir libres de violencia	SI	SI
1	67	10	GE	1592	Cuáles considera usted son los derechos que tiene por haber sido víctima del conflicto armado colombiano?	5079	Otro ¿cuál? _______________	SI	SI
1	67	11	GE	1655	Usted reconoce haber accedido a alguna medida de atención asistencia y / o reparación? 	5361	SI	SI	SI
1	67	11	GE	1655	Usted reconoce haber accedido a alguna medida de atención asistencia y / o reparación? 	5362	NO	SI	SI
1	67	12	GE	1593	¿A cuáles medidas de atención, asistencia y reparación ha accedido?	5080	Atención - Orientación por canales virtuales, telefónicos o presenciales	SI	SI
1	67	12	GE	1593	¿A cuáles medidas de atención, asistencia y reparación ha accedido?	5081	Atención - Orientación en jornadas de atención	SI	SI
1	67	12	GE	1593	¿A cuáles medidas de atención, asistencia y reparación ha accedido?	5082	Asistencia - Gratuidad en el trámite de documentos de identificación colombianos	SI	SI
1	67	12	GE	1593	¿A cuáles medidas de atención, asistencia y reparación ha accedido?	5083	Asistencia -Gratuidad en el trámite de registros civiles colombianos	SI	SI
1	67	12	GE	1593	¿A cuáles medidas de atención, asistencia y reparación ha accedido?	5084	Asistencia - Ayuda a través de alguna organización humanitaria que sea una aliada de la Unidad para las Víctimas	SI	SI
1	67	12	GE	1593	¿A cuáles medidas de atención, asistencia y reparación ha accedido?	5085	Asistencia - Otro ¿cuál?	SI	SI
1	67	12	GE	1593	¿A cuáles medidas de atención, asistencia y reparación ha accedido?	5086	Reparación integral - Indemnización administrativa (Consiste en la entrega de una suma de dinero como compensación por los daños causados por el conflicto armado)	SI	SI
1	67	12	GE	1593	¿A cuáles medidas de atención, asistencia y reparación ha accedido?	5087	Reparación integral -Restitución (Busca reestablecer los derechos de las víctimas y facilitar la reconstrucción de su proyecto de vida, En este caso, nos referimos concretamente al acceso a la restitución de tierras a través de la Unidad de Restitución de Tierras)	SI	SI
1	67	12	GE	1593	¿A cuáles medidas de atención, asistencia y reparación ha accedido?	5088	Reparación integral - Satisfacción (Busca resarcir el dolor de las víctimas mediante la memoria histórica, la verdad y la dignificación, por ejemplo, a través de estrategias de la Unidad para las Víctimas como “Cimientos: iniciativas para una reparación sin fronteras” )	SI	SI
1	67	12	GE	1593	¿A cuáles medidas de atención, asistencia y reparación ha accedido?	5089	Reparación integral -Garantías de no repetición (Se enfoca en procesos de transformación de las causas de la victimización y de reconciliación)	SI	SI
1	67	12	GE	1593	¿A cuáles medidas de atención, asistencia y reparación ha accedido?	5090	Reparación integral -Rehabilitación (Se refiere a estrategias de atención psicosocial individual y grupal, presencial en algunos países y no presencial en el mundo entero Ejemplo: las estrategias Raíces e Illa)	SI	SI
1	67	13	GE	1594	¿A través de qué instituciones ha accedido a cualquiera de las medidas de atención, asistencia y reparación integral antes mencionadas? 	5092	Unidad para las Víctimas	SI	SI
1	67	13	GE	1594	¿A través de qué instituciones ha accedido a cualquiera de las medidas de atención, asistencia y reparación integral antes mencionadas? 	5093	Unidad de Restitución de Tierras	SI	SI
1	67	13	GE	1594	¿A través de qué instituciones ha accedido a cualquiera de las medidas de atención, asistencia y reparación integral antes mencionadas? 	5094	Centro Nacional de Memoria Histórica	SI	SI
1	67	13	GE	1594	¿A través de qué instituciones ha accedido a cualquiera de las medidas de atención, asistencia y reparación integral antes mencionadas? 	5095	Consulados o Embajadas colombianos 	SI	SI
1	67	13	GE	1594	¿A través de qué instituciones ha accedido a cualquiera de las medidas de atención, asistencia y reparación integral antes mencionadas? 	5096	Otra ¿cuál? 	SI	SI
1	67	13	GE	1594	¿A través de qué instituciones ha accedido a cualquiera de las medidas de atención, asistencia y reparación integral antes mencionadas? 	5097	No sabe / no responde 	SI	SI
1	67	14	GE	1595	¿Por qué no ha accedido a ninguna de las medidas a las que las víctimas del conflicto tienen derecho bajo la Ley 1448 de 2011 – Ley de Víctimas y Restitución de Tierras? Si alguien responde “Otra”, el encuestador (a) debe escribir cuál es esa otra razón.	5098	Porque no sabe cómo acceder 	SI	SI
1	67	14	GE	1595	¿Por qué no ha accedido a ninguna de las medidas a las que las víctimas del conflicto tienen derecho bajo la Ley 1448 de 2011 – Ley de Víctimas y Restitución de Tierras? Si alguien responde “Otra”, el encuestador (a) debe escribir cuál es esa otra razón.	5099	Porque no está incluida (a) en el Registro Único de Víctimas 	SI	SI
1	67	14	GE	1595	¿Por qué no ha accedido a ninguna de las medidas a las que las víctimas del conflicto tienen derecho bajo la Ley 1448 de 2011 – Ley de Víctimas y Restitución de Tierras? Si alguien responde “Otra”, el encuestador (a) debe escribir cuál es esa otra razón.	5100	Porque no ha declarado para ser incluido (a) en el Registro Único de Víctimas 	SI	SI
1	67	14	GE	1595	¿Por qué no ha accedido a ninguna de las medidas a las que las víctimas del conflicto tienen derecho bajo la Ley 1448 de 2011 – Ley de Víctimas y Restitución de Tierras? Si alguien responde “Otra”, el encuestador (a) debe escribir cuál es esa otra razón.	5101	Porque no ha declarado para ser incluido (a) en el Registro de Tierras	SI	SI
1	67	14	GE	1595	¿Por qué no ha accedido a ninguna de las medidas a las que las víctimas del conflicto tienen derecho bajo la Ley 1448 de 2011 – Ley de Víctimas y Restitución de Tierras? Si alguien responde “Otra”, el encuestador (a) debe escribir cuál es esa otra razón.	5102	Porque los trámites de acceso se le dificultan 	SI	SI
1	67	14	GE	1595	¿Por qué no ha accedido a ninguna de las medidas a las que las víctimas del conflicto tienen derecho bajo la Ley 1448 de 2011 – Ley de Víctimas y Restitución de Tierras? Si alguien responde “Otra”, el encuestador (a) debe escribir cuál es esa otra razón.	5103	Porque teme perder su estatus de refugiado u otra medida de protección internacional	SI	SI
1	67	14	GE	1595	¿Por qué no ha accedido a ninguna de las medidas a las que las víctimas del conflicto tienen derecho bajo la Ley 1448 de 2011 – Ley de Víctimas y Restitución de Tierras? Si alguien responde “Otra”, el encuestador (a) debe escribir cuál es esa otra razón.	5104	Otra ¿cuál? 	SI	SI
1	67	15	GE	1596	¿Ha participado en algún proceso de verdad, justicia o reparación a través de las siguientes instituciones colombianas	5105	Comisión para el Esclarecimiento de la Verdad 	SI	SI
1	67	15	GE	1596	¿Ha participado en algún proceso de verdad, justicia o reparación a través de las siguientes instituciones colombianas	5106	Unidad de Búsqueda de Personas dadas por Desaparecidas	SI	SI
1	67	15	GE	1596	¿Ha participado en algún proceso de verdad, justicia o reparación a través de las siguientes instituciones colombianas	5107	Jurisdicción Especial para la Paz (JEP)	SI	SI
1	67	15	GE	1596	¿Ha participado en algún proceso de verdad, justicia o reparación a través de las siguientes instituciones colombianas	5108	Ninguna  	SI	SI
1	68	1	GE	1597	¿Dónde vivía usted antes de salir de Colombia?	5109		SI	SI
1	68	2	GE	1598	¿Cuántos años tenía usted cuando salió de Colombia? 	5111		SI	SI
1	68	3	GE	1599	¿Hace cuantos años salió de Colombia? 	5112	Menos de 1 año	SI	SI
1	68	3	GE	1599	¿Hace cuantos años salió de Colombia? 	5113	Entre 1 y 2 años	SI	SI
1	68	3	GE	1599	¿Hace cuantos años salió de Colombia? 	5114	Entre 2 y 5 años	SI	SI
1	68	3	GE	1599	¿Hace cuantos años salió de Colombia? 	5115	Entre 5 y 10 años	SI	SI
1	68	3	GE	1599	¿Hace cuantos años salió de Colombia? 	5116	Entre 10 y 20 años	SI	SI
1	68	3	GE	1599	¿Hace cuantos años salió de Colombia? 	5117	Más de 20 años 	SI	SI
1	68	4	GE	1600	¿Hace cuánto tiempo vive en este país? *	5118	Menos de 1 año	SI	SI
1	68	4	GE	1600	¿Hace cuánto tiempo vive en este país? *	5119	Entre 1 y 2 años	SI	SI
1	68	4	GE	1600	¿Hace cuánto tiempo vive en este país? *	5120	Entre 2 y 5 años	SI	SI
1	68	4	GE	1600	¿Hace cuánto tiempo vive en este país? *	5121	Entre 5 y 10 años	SI	SI
1	68	4	GE	1600	¿Hace cuánto tiempo vive en este país? *	5122	Entre 10 y 20 años	SI	SI
1	68	4	GE	1600	¿Hace cuánto tiempo vive en este país? *	5123	Más de 20 años 	SI	SI
1	68	5	GE	1601	Cuando decidió salir de Colombia, ¿éste fue su primer país de destino? 	5124	SI	SI	SI
1	68	5	GE	1601	Cuando decidió salir de Colombia, ¿éste fue su primer país de destino? 	5125	NO	SI	SI
1	68	6	GE	1602	Antes de llegar a este país, ¿por cuántos países pasó? * 	5126	Cero	SI	SI
1	68	6	GE	1602	Antes de llegar a este país, ¿por cuántos países pasó? * 	5127	Uno	SI	SI
1	68	6	GE	1602	Antes de llegar a este país, ¿por cuántos países pasó? * 	5128	Dos	SI	SI
1	68	6	GE	1602	Antes de llegar a este país, ¿por cuántos países pasó? * 	5129	Tres	SI	SI
1	68	6	GE	1602	Antes de llegar a este país, ¿por cuántos países pasó? * 	5130	Cuatro	SI	SI
1	68	6	GE	1602	Antes de llegar a este país, ¿por cuántos países pasó? * 	5131	Cinco	SI	SI
1	68	7	GE	1654	¿Cuáles fueron estos países?	5354	Pais 1__	SI	SI
1	68	7	GE	1654	¿Cuáles fueron estos países?	5357	Pais 2__	SI	SI
1	68	7	GE	1654	¿Cuáles fueron estos países?	5358	Pais 3__	SI	SI
1	68	7	GE	1654	¿Cuáles fueron estos países?	5359	Pais 4__	SI	SI
1	68	7	GE	1654	¿Cuáles fueron estos países?	5360	Pais 5__	SI	SI
1	68	8	GE	1603	Cuando salió del país en un primer momento, ¿con quién lo hizo?	5132	Solo (a)	SI	SI
1	68	8	GE	1603	Cuando salió del país en un primer momento, ¿con quién lo hizo?	5133	Con su esposa (o) o compañera (o)	SI	SI
1	68	8	GE	1603	Cuando salió del país en un primer momento, ¿con quién lo hizo?	5134	Con su esposa (o) o compañera (o) e hijos	SI	SI
1	68	8	GE	1603	Cuando salió del país en un primer momento, ¿con quién lo hizo?	5135	Con sus hijos (as)	SI	SI
1	68	8	GE	1603	Cuando salió del país en un primer momento, ¿con quién lo hizo?	5136	Con otros familiares	SI	SI
1	68	8	GE	1603	Cuando salió del país en un primer momento, ¿con quién lo hizo?	5137	Con conocido (s) o amigos	SI	SI
1	68	8	GE	1603	Cuando salió del país en un primer momento, ¿con quién lo hizo?	5138	Con otras víctimas del conflicto armado	SI	SI
1	68	8	GE	1603	Cuando salió del país en un primer momento, ¿con quién lo hizo?	5139	Otros ¿quiénes? _________________________ 	SI	SI
1	68	9	GE	1604	Si los miembros de su núcleo familiar cercano no vinieron con usted en un primer momento, ¿hace cuánto tiempo que llegaron? 	5140	Menos de 1 año	SI	SI
1	68	9	GE	1604	Si los miembros de su núcleo familiar cercano no vinieron con usted en un primer momento, ¿hace cuánto tiempo que llegaron? 	5141	Entre 1 y 2 años	SI	SI
1	68	9	GE	1604	Si los miembros de su núcleo familiar cercano no vinieron con usted en un primer momento, ¿hace cuánto tiempo que llegaron? 	5142	Entre 2 y 5 años	SI	SI
1	68	9	GE	1604	Si los miembros de su núcleo familiar cercano no vinieron con usted en un primer momento, ¿hace cuánto tiempo que llegaron? 	5143	Entre 5 y 10 años	SI	SI
1	68	9	GE	1604	Si los miembros de su núcleo familiar cercano no vinieron con usted en un primer momento, ¿hace cuánto tiempo que llegaron? 	5144	Entre 10 y 20 años 	SI	SI
1	68	9	GE	1604	Si los miembros de su núcleo familiar cercano no vinieron con usted en un primer momento, ¿hace cuánto tiempo que llegaron? 	5145	Más de 20 años	SI	SI
1	68	9	GE	1604	Si los miembros de su núcleo familiar cercano no vinieron con usted en un primer momento, ¿hace cuánto tiempo que llegaron? 	5146	No han llegado	SI	SI
1	68	9	GE	1604	Si los miembros de su núcleo familiar cercano no vinieron con usted en un primer momento, ¿hace cuánto tiempo que llegaron? 	5147	Ya se encontraban aquí	SI	SI
1	68	10	GE	1605	¿Usted vive actualmente con los miembros del núcleo familiar cercano que tenía en Colombia? 	5148	SI	SI	SI
1	68	10	GE	1605	¿Usted vive actualmente con los miembros del núcleo familiar cercano que tenía en Colombia? 	5149	NO	SI	SI
1	68	11	GE	1606	Las razones por las que usted vino a este país fueron: *	5150	Los costos del transporte para llegar aquí son económicos	SI	SI
1	68	11	GE	1606	Las razones por las que usted vino a este país fueron: *	5151	Este país se encuentra cerca de Colombia	SI	SI
1	68	11	GE	1606	Las razones por las que usted vino a este país fueron: *	5152	Este país se encuentra lejos de Colombia	SI	SI
1	68	11	GE	1606	Las razones por las que usted vino a este país fueron: *	5153	Porque lo ayudaron para venir aquí	SI	SI
1	68	11	GE	1606	Las razones por las que usted vino a este país fueron: *	5154	Porque tenía familiares 	SI	SI
1	68	11	GE	1606	Las razones por las que usted vino a este país fueron: *	5155	Porque tenía amigos o conocidos 	SI	SI
1	68	11	GE	1606	Las razones por las que usted vino a este país fueron: *	5156	Porque es seguro	SI	SI
1	68	11	GE	1606	Las razones por las que usted vino a este país fueron: *	5157	Porque tiene alta probabilidad de obtener el estatus de refugiado	SI	SI
1	68	11	GE	1606	Las razones por las que usted vino a este país fueron: *	5158	Porque domina el idioma de este país	SI	SI
1	68	11	GE	1606	Las razones por las que usted vino a este país fueron: *	5159	Porque ya conocía este país	SI	SI
1	68	11	GE	1606	Las razones por las que usted vino a este país fueron: *	5160	Otra ¿cuál? __________	SI	SI
1	69	1	GE	1607	¿Usted ha solicitado asilo o alguna medida de protección internacional en este país? *	5161	SI	SI	SI
1	69	1	GE	1607	¿Usted ha solicitado asilo o alguna medida de protección internacional en este país? *	5162	NO	SI	SI
1	69	2	GE	1608	Después de haber solicitado asilo o alguna medida de protección internacional en este país, usted fue: *	5163	Aceptado	SI	SI
1	69	2	GE	1608	Después de haber solicitado asilo o alguna medida de protección internacional en este país, usted fue: *	5164	Está a la espera de una respuesta 	SI	SI
1	69	2	GE	1608	Después de haber solicitado asilo o alguna medida de protección internacional en este país, usted fue: *	5165	Rechazado	SI	SI
1	69	3	GE	1609	¿Cuánto tiempo lleva esperando una respuesta? *	5166	Menos de 1 año	SI	SI
1	69	3	GE	1609	¿Cuánto tiempo lleva esperando una respuesta? *	5167	Entre 1 y 2 años	SI	SI
1	69	3	GE	1609	¿Cuánto tiempo lleva esperando una respuesta? *	5168	Entre 2 y 5 años	SI	SI
1	69	3	GE	1609	¿Cuánto tiempo lleva esperando una respuesta? *	5169	Más de 5 años	SI	SI
1	69	4	GE	1610	Durante el trámite de solicitud de asilo o de alguna medida de protección internacional, ¿usted tuvo (ha tenido) alguna restricción para acercarse a entidades del Estado colombiano para acceder a sus derechos como víctima del conflicto armado?	5170	SI	SI	SI
1	69	4	GE	1610	Durante el trámite de solicitud de asilo o de alguna medida de protección internacional, ¿usted tuvo (ha tenido) alguna restricción para acercarse a entidades del Estado colombiano para acceder a sus derechos como víctima del conflicto armado?	5172	NO	SI	SI
1	69	5	GE	1611	¿Qué dejo de hacer a causa de esta restricción?	5173	No se acercó al consulado colombiano para declarar los hechos que sufrió	SI	SI
1	69	5	GE	1611	¿Qué dejo de hacer a causa de esta restricción?	5174	No informó al consulado colombiano o a la Unidad para las Víctimas en Colombia su nuevo país de ubicación	SI	SI
1	69	5	GE	1611	¿Qué dejo de hacer a causa de esta restricción?	5175	No ha accedido a las medidas de atención, asistencia o reparación integral 	SI	SI
1	69	5	GE	1611	¿Qué dejo de hacer a causa de esta restricción?	5176	Otro, ¿cuál	SI	SI
1	69	6	GE	1612	Actualmente, usted en este país: *	5177	Tiene residencia permanente 	SI	SI
1	69	6	GE	1612	Actualmente, usted en este país: *	5178	Tiene una visa con permanencia de tiempo limitado 	SI	SI
1	69	6	GE	1612	Actualmente, usted en este país: *	5179	No tiene permiso de permanencia 	SI	SI
1	69	6	GE	1612	Actualmente, usted en este país: *	5180	Tiene nacionalidad de este país	SI	SI
1	69	6	GE	1612	Actualmente, usted en este país: *	5181	Tiene estatus de refugiado o alguna medida de protección del Estado de acogida	SI	SI
1	69	6	GE	1612	Actualmente, usted en este país: *	5182	Otro ¿cuál? _________	SI	SI
1	70	1	GE	1613	¿En este país ha debido aprender otro idioma, distinto al español, para comunicarse? * 	5183	Si	SI	SI
1	70	1	GE	1613	¿En este país ha debido aprender otro idioma, distinto al español, para comunicarse? * 	5184	No 	SI	SI
1	70	1	GE	1613	¿En este país ha debido aprender otro idioma, distinto al español, para comunicarse? * 	5185	No Aplica	SI	SI
1	70	2	GE	1614	El dominio que usted tiene sobre el idioma de este país ahora es: *	5186	Lo domina mucho	SI	SI
1	70	2	GE	1614	El dominio que usted tiene sobre el idioma de este país ahora es: *	5187	Lo domina poco	SI	SI
1	70	2	GE	1614	El dominio que usted tiene sobre el idioma de este país ahora es: *	5188	No lo domina	SI	SI
1	70	2	GE	1614	El dominio que usted tiene sobre el idioma de este país ahora es: *	5189	No aplica 	SI	SI
1	70	3	GE	1615	Las razones por las que usted y su núcleo familiar cercano viven en este lugar son:	5190	Porque está cerca de familiares y/o amigos que lo (la) apoyan	SI	SI
1	70	3	GE	1615	Las razones por las que usted y su núcleo familiar cercano viven en este lugar son:	5191	Porque hay buenas oportunidades económicas	SI	SI
1	70	3	GE	1615	Las razones por las que usted y su núcleo familiar cercano viven en este lugar son:	5192	Porque se siente más seguro	SI	SI
1	70	3	GE	1615	Las razones por las que usted y su núcleo familiar cercano viven en este lugar son:	5193	Porque hay mayor acceso a programas del Estado 	SI	SI
1	70	3	GE	1615	Las razones por las que usted y su núcleo familiar cercano viven en este lugar son:	5194	Porque hay mayor acceso a los servicios sociales (salud, educación, vivienda)	SI	SI
1	70	3	GE	1615	Las razones por las que usted y su núcleo familiar cercano viven en este lugar son:	5195	Porque hay una gran cantidad de población víctima 	SI	SI
1	70	3	GE	1615	Las razones por las que usted y su núcleo familiar cercano viven en este lugar son:	5196	Porque se siente parte de la comunidad	SI	SI
1	70	3	GE	1615	Las razones por las que usted y su núcleo familiar cercano viven en este lugar son:	5197	Porque no tiene otra opción	SI	SI
1	70	3	GE	1615	Las razones por las que usted y su núcleo familiar cercano viven en este lugar son:	5198	Por asignación del programa de protección	SI	SI
1	70	3	GE	1615	Las razones por las que usted y su núcleo familiar cercano viven en este lugar son:	5199	Otra ¿cuál?	SI	SI
1	70	4	GE	1616	¿Considera que usted y su núcleo familiar cercano tienen dificultades en el lugar donde viven ahora? 	5200	Si	SI	SI
1	70	4	GE	1616	¿Considera que usted y su núcleo familiar cercano tienen dificultades en el lugar donde viven ahora? 	5201	No	SI	SI
1	70	5	GE	1617	Las dificultades que usted y su núcleo familiar cercano tienen en el lugar donde viven ahora:	5202	Falta de oportunidades económicas	SI	SI
1	70	5	GE	1617	Las dificultades que usted y su núcleo familiar cercano tienen en el lugar donde viven ahora:	5203	Discriminación y racismo por su pertenencia a un grupo étnico 	SI	SI
1	70	5	GE	1617	Las dificultades que usted y su núcleo familiar cercano tienen en el lugar donde viven ahora:	5204	Riesgos de que sus hijos se vinculen a pandillas o grupos armados	SI	SI
1	70	5	GE	1617	Las dificultades que usted y su núcleo familiar cercano tienen en el lugar donde viven ahora:	5205	Por los choques culturales, la discriminación	SI	SI
1	70	5	GE	1617	Las dificultades que usted y su núcleo familiar cercano tienen en el lugar donde viven ahora:	5206	No se identifica con las costumbres de la comunidad	SI	SI
1	70	5	GE	1617	Las dificultades que usted y su núcleo familiar cercano tienen en el lugar donde viven ahora:	5207	Se le dificulta movilizarse por el lugar y/o pagar por el transporte	SI	SI
1	70	5	GE	1617	Las dificultades que usted y su núcleo familiar cercano tienen en el lugar donde viven ahora:	5208	Hay pocas vías de acceso al lugar donde vive	SI	SI
1	70	5	GE	1617	Las dificultades que usted y su núcleo familiar cercano tienen en el lugar donde viven ahora:	5209	Se siente inseguro	SI	SI
1	70	5	GE	1617	Las dificultades que usted y su núcleo familiar cercano tienen en el lugar donde viven ahora:	5210	No tiene redes de apoyo (amigos, familiares, vecinos)	SI	SI
1	70	5	GE	1617	Las dificultades que usted y su núcleo familiar cercano tienen en el lugar donde viven ahora:	5211	No domina el idioma de este país	SI	SI
1	70	5	GE	1617	Las dificultades que usted y su núcleo familiar cercano tienen en el lugar donde viven ahora:	5212	Otro ¿cuál?	SI	SI
1	70	6	GE	1618	Actualmente, usted vive en*:	5213	Una casa 	SI	SI
1	70	6	GE	1618	Actualmente, usted vive en*:	5214	Un apartamento 	SI	SI
1	70	6	GE	1618	Actualmente, usted vive en*:	5215	Una habitación	SI	SI
1	70	6	GE	1618	Actualmente, usted vive en*:	5216	Un inquilinato/pensión	SI	SI
1	70	6	GE	1618	Actualmente, usted vive en*:	5217	Albergue	SI	SI
1	70	6	GE	1618	Actualmente, usted vive en*:	5218	Otro ¿cuál?	SI	SI
1	70	7	GE	1619	La vivienda donde vive actualmente es*:	5219	Arrendada	SI	SI
1	70	7	GE	1619	La vivienda donde vive actualmente es*:	5220	Propia 	SI	SI
1	70	7	GE	1619	La vivienda donde vive actualmente es*:	5221	Posada (acoger a una persona familiar o no familiar sin pagar arriendo)	SI	SI
1	70	7	GE	1619	La vivienda donde vive actualmente es*:	5222	Ocupación de hecho	SI	SI
1	70	7	GE	1619	La vivienda donde vive actualmente es*:	5223	Hipotecada	SI	SI
1	70	7	GE	1619	La vivienda donde vive actualmente es*:	5224	Facilitada por una ONG o por el Estado receptor	SI	SI
1	70	8	GE	1620	Actualmente, ¿con quién vive usted?	5225	Solo (a)	SI	SI
1	70	8	GE	1620	Actualmente, ¿con quién vive usted?	5226	Con su pareja	SI	SI
1	70	8	GE	1620	Actualmente, ¿con quién vive usted?	5227	Con su familia 	SI	SI
1	70	8	GE	1620	Actualmente, ¿con quién vive usted?	5228	Con otras familias o personas 	SI	SI
1	70	9	GE	1621	¿Ha tenido dificultades para conseguir vivienda? 	5229	SI	SI	SI
1	70	9	GE	1621	¿Ha tenido dificultades para conseguir vivienda? 	5230	NO	SI	SI
1	70	10	GE	1622	Las dificultades que ha tenido para conseguir vivienda han sido: 	5231	Condiciones exigidas para acceder a una vivienda (documentos)	SI	SI
1	70	10	GE	1622	Las dificultades que ha tenido para conseguir vivienda han sido: 	5232	Rechazo por su nacionalidad  	SI	SI
1	70	10	GE	1622	Las dificultades que ha tenido para conseguir vivienda han sido: 	5233	Falta de ingresos económicos 	SI	SI
1	70	10	GE	1622	Las dificultades que ha tenido para conseguir vivienda han sido: 	5234	Otro ¿cuál? 	SI	SI
1	70	11	GE	1623	¿Usted tiene acceso a servicios de salud en este país? 	5235	SI	SI	SI
1	70	11	GE	1623	¿Usted tiene acceso a servicios de salud en este país? 	5236	NO	SI	SI
1	70	12	GE	1624	En este país, ¿usted ha cursado o está cursando algún tipo de estudio? 	5237	SI	SI	SI
1	70	12	GE	1624	En este país, ¿usted ha cursado o está cursando algún tipo de estudio? 	5238	NO	SI	SI
1	70	13	GE	1625	¿Qué tipo de estudio ha cursado o está cursando en este país?	5239	Estudios no formales	SI	SI
1	70	13	GE	1625	¿Qué tipo de estudio ha cursado o está cursando en este país?	5240	Estudios escolares (Básica/primaria/media/bachiller)	SI	SI
1	70	13	GE	1625	¿Qué tipo de estudio ha cursado o está cursando en este país?	5241	Estudios técnicos	SI	SI
1	70	13	GE	1625	¿Qué tipo de estudio ha cursado o está cursando en este país?	5242	Estudios profesionales	SI	SI
1	70	13	GE	1625	¿Qué tipo de estudio ha cursado o está cursando en este país?	5243	Estudios de especialización/maestría/doctorado	SI	SI
1	70	13	GE	1625	¿Qué tipo de estudio ha cursado o está cursando en este país?	5244	Otro ¿Cuál?	SI	SI
1	70	14	GE	1626	¿Ha podido convalidar sus títulos acadêmicos en este país?	5245	SI	SI	SI
1	70	14	GE	1626	¿Ha podido convalidar sus títulos acadêmicos en este país?	5246	NO	SI	SI
1	70	15	GE	1627	 ¿Ha tenido dificultades para desarrollar una actividad económica? 	5247	SI	SI	SI
1	70	15	GE	1627	 ¿Ha tenido dificultades para desarrollar una actividad económica? 	5248	NO	SI	SI
1	70	16	GE	1628	Las dificultades principales para desarrollar una actividad económica actualmente son:	5249	No hay oportunidades en este país	SI	SI
1	70	16	GE	1628	Las dificultades principales para desarrollar una actividad económica actualmente son:	5250	Es muy difícil para un colombiano encontrar empleo	SI	SI
1	70	16	GE	1628	Las dificultades principales para desarrollar una actividad económica actualmente son:	5251	Es difícil para un colombiano poner un negocio	SI	SI
1	70	16	GE	1628	Las dificultades principales para desarrollar una actividad económica actualmente son:	5252	No domina el idioma oficial de este país	SI	SI
1	70	16	GE	1628	Las dificultades principales para desarrollar una actividad económica actualmente son:	5253	No tiene los recursos económicos	SI	SI
1	70	16	GE	1628	Las dificultades principales para desarrollar una actividad económica actualmente son:	5254	No tiene documentación necesaria o requisitos exigidos (cuenta bancaria, seguro médico, permiso de residencia, permiso de trabajo y/o documento de identificación) 	SI	SI
1	70	16	GE	1628	Las dificultades principales para desarrollar una actividad económica actualmente son:	5255	Otro ¿cuál?	SI	SI
1	70	17	GE	1629	Considera usted que sus ingresos mensuales le alcanzan para: 	5256	Cubrir todas sus necesidades	SI	SI
1	70	17	GE	1629	Considera usted que sus ingresos mensuales le alcanzan para: 	5257	Cubrir parcialmente (más o menos) sus necesidades	SI	SI
1	70	17	GE	1629	Considera usted que sus ingresos mensuales le alcanzan para: 	5258	No cubre sus necesidades 	SI	SI
1	70	18	GE	1630	Cuando vivía en Colombia sus ingresos mensuales le alcanzaban para: 	5259	Cubrir todas sus necesidades	SI	SI
1	70	18	GE	1630	Cuando vivía en Colombia sus ingresos mensuales le alcanzaban para: 	5260	Cubrir parcialmente (más o menos) sus necesidades	SI	SI
1	70	18	GE	1630	Cuando vivía en Colombia sus ingresos mensuales le alcanzaban para: 	5261	No podía cubrir sus necesidades 	SI	SI
1	70	19	GE	1631	En Colombia, su ocupación era*:	5262	Empleado formal (con contrato)	SI	SI
1	70	19	GE	1631	En Colombia, su ocupación era*:	5263	Empleado Informal (sin contrato)	SI	SI
1	70	19	GE	1631	En Colombia, su ocupación era*:	5264	Independiente	SI	SI
1	70	19	GE	1631	En Colombia, su ocupación era*:	5265	Desempleado	SI	SI
1	70	19	GE	1631	En Colombia, su ocupación era*:	5266	Hogar (labores de la casa)	SI	SI
1	70	19	GE	1631	En Colombia, su ocupación era*:	5267	Rentista (persona que recibe dinero por arrendar bienes)	SI	SI
1	70	19	GE	1631	En Colombia, su ocupación era*:	5268	Estudiante	SI	SI
1	70	19	GE	1631	En Colombia, su ocupación era*:	5269	Pensionado	SI	SI
1	70	19	GE	1631	En Colombia, su ocupación era*:	5270	Agricultor	SI	SI
1	70	19	GE	1631	En Colombia, su ocupación era*:	5271	Otro ¿cuál? 	SI	SI
1	70	20	GE	1632	En este país usted se siente*:	5272	Más seguro (a) que en Colombia	SI	SI
1	70	20	GE	1632	En este país usted se siente*:	5273	Igual de seguro (a) que en Colombia	SI	SI
1	70	20	GE	1632	En este país usted se siente*:	5274	Menos seguro (a) que en Colombia	SI	SI
1	70	21	GE	1633	Las personas que usted considera que le brindan apoyo o le ayudan se encuentran en*:	5275	En la ciudad en que reside actualmente	SI	SI
1	70	21	GE	1633	Las personas que usted considera que le brindan apoyo o le ayudan se encuentran en*:	5276	Otra ciudad en este país	SI	SI
1	70	21	GE	1633	Las personas que usted considera que le brindan apoyo o le ayudan se encuentran en*:	5277	Otro país	SI	SI
1	70	21	GE	1633	Las personas que usted considera que le brindan apoyo o le ayudan se encuentran en*:	5278	En Colombia	SI	SI
1	70	21	GE	1633	Las personas que usted considera que le brindan apoyo o le ayudan se encuentran en*:	5279	No cuenta con personas que le apoyen y ayuden	SI	SI
1	70	22	GE	1634	¿Usted ha recibido en este país algún tipo de apoyo por su condición de víctima del conflicto armado colombiano por parte de alguna institución local?	5280	SI	SI	SI
1	70	22	GE	1634	¿Usted ha recibido en este país algún tipo de apoyo por su condición de víctima del conflicto armado colombiano por parte de alguna institución local?	5281	NO	SI	SI
1	70	23	GE	1635	Estos apoyos los ha recibido de: 	5282	Gobierno local	SI	SI
1	70	23	GE	1635	Estos apoyos los ha recibido de: 	5283	La Cruz Roja	SI	SI
1	70	23	GE	1635	Estos apoyos los ha recibido de: 	5284	La Iglesia	SI	SI
1	70	23	GE	1635	Estos apoyos los ha recibido de: 	5285	Organismos Internacionales (ACNUR – OIM, entre otros)	SI	SI
1	70	23	GE	1635	Estos apoyos los ha recibido de: 	5286	ONG (ejemplos: Consejo Noruego para refugiados, RET Internacional, Fupad, entre otros)	SI	SI
1	70	23	GE	1635	Estos apoyos los ha recibido de: 	5287	Consulado o Embajada colombiana	SI	SI
1	70	23	GE	1635	Estos apoyos los ha recibido de: 	5288	Defensoría del Pueblo de la ciudad donde reside	SI	SI
1	70	23	GE	1635	Estos apoyos los ha recibido de: 	5289	Otro ¿cuál? __	SI	SI
1	70	24	GE	1636	Cuando vivía en Colombia, ¿usted participaba en alguna organización social y/o política? 	5290	SI	SI	SI
1	70	24	GE	1636	Cuando vivía en Colombia, ¿usted participaba en alguna organización social y/o política? 	5291	NO	SI	SI
1	70	25	GE	1637	Actualmente, ¿Usted participa en alguna organización social y/o política?	5292	SI	SI	SI
1	70	25	GE	1637	Actualmente, ¿Usted participa en alguna organización social y/o política?	5293	NO	SI	SI
1	70	26	GE	1638	¿En qué tipo de organización participa usted?	5294	Organizaciones benéficas o voluntarias	SI	SI
1	70	26	GE	1638	¿En qué tipo de organización participa usted?	5295	Organizaciones religiosas	SI	SI
1	70	26	GE	1638	¿En qué tipo de organización participa usted?	5296	Organizaciones de derechos humanos (género, víctimas, refugiados)	SI	SI
1	70	26	GE	1638	¿En qué tipo de organización participa usted?	5297	Comunitarias o barriales	SI	SI
1	70	27	GE	1639	¿Usted considera que su calidad de vida ha mejorado con respecto a la que vivía cuando estaba en Colombia?	5298	SI	SI	SI
1	70	27	GE	1639	¿Usted considera que su calidad de vida ha mejorado con respecto a la que vivía cuando estaba en Colombia?	5299	NO	SI	SI
1	71	1	GE	1640	¿Cuál fue el motivo por el cual perdió su predio? 	5300	Abandono forzado	SI	SI
1	71	1	GE	1640	¿Cuál fue el motivo por el cual perdió su predio? 	5301	Despojo	SI	SI
1	71	1	GE	1640	¿Cuál fue el motivo por el cual perdió su predio? 	5302	Abandono forzado y despojo	SI	SI
1	71	1	GE	1640	¿Cuál fue el motivo por el cual perdió su predio? 	5303	Otra ¿cuál? __	SI	SI
1	71	2	GE	1641	¿Dónde se encontraba ubicado su predio?	5304		SI	SI
1	71	3	GE	1642	¿Ha recibido amenazas, hostigamientos o intimidaciones con motivo de su reclamación de tierras? *	5305	Si	SI	SI
1	71	3	GE	1642	¿Ha recibido amenazas, hostigamientos o intimidaciones con motivo de su reclamación de tierras? *	5306	No	SI	SI
1	71	3	GE	1642	¿Ha recibido amenazas, hostigamientos o intimidaciones con motivo de su reclamación de tierras? *	5307	Prefiere no responder	SI	SI
1	71	4	GE	1643	¿Conoce sobre el Registro Único de Predios y Territorios Abandonados - RUPTA que busca proteger los predios que fueron abandonados por causa del conflicto armado?	5308	SI	SI	SI
1	71	4	GE	1643	¿Conoce sobre el Registro Único de Predios y Territorios Abandonados - RUPTA que busca proteger los predios que fueron abandonados por causa del conflicto armado?	5309	NO	SI	SI
1	71	5	GE	1644	¿Desea recibir mayor información sobre la medida a través de:?	5310	Correo Electrónico	SI	SI
1	71	5	GE	1644	¿Desea recibir mayor información sobre la medida a través de:?	5311	Llamada Telefónica	SI	SI
1	71	5	GE	1644	¿Desea recibir mayor información sobre la medida a través de:?	5312	No está interesado en recibir mayor información	SI	SI
1	72	1	GE	1645	Usted tiene intención principalmente de:	5313	Retornar a Colombia	SI	SI
1	72	1	GE	1645	Usted tiene intención principalmente de:	5314	Reubicarse en otro país	SI	SI
1	72	1	GE	1645	Usted tiene intención principalmente de:	5315	Permanecer en el pais actual	SI	SI
1	72	2	GE	1646	¿En cuánto tiempo piensa retornar a Colombia? 	5316	Entre 1 y 6 meses	SI	SI
1	72	2	GE	1646	¿En cuánto tiempo piensa retornar a Colombia? 	5317	Entre 6 meses y un año	SI	SI
1	72	2	GE	1646	¿En cuánto tiempo piensa retornar a Colombia? 	5318	Entre uno y tres años	SI	SI
1	72	2	GE	1646	¿En cuánto tiempo piensa retornar a Colombia? 	5319	Más de tres años	SI	SI
1	72	2	GE	1646	¿En cuánto tiempo piensa retornar a Colombia? 	5320	No lo tiene claro 	SI	SI
1	72	3	GE	1647	¿A qué parte de Colombia regresaría?   	5321	A su lugar de nacimiento	SI	SI
1	72	3	GE	1647	¿A qué parte de Colombia regresaría?   	5322	Al lugar donde vivía antes de salir del país	SI	SI
1	72	3	GE	1647	¿A qué parte de Colombia regresaría?   	5323	Al predio donde fue despojado o tuvo que abandonarlo forzadamente	SI	SI
1	72	3	GE	1647	¿A qué parte de Colombia regresaría?   	5324	No lo sabe	SI	SI
1	72	3	GE	1647	¿A qué parte de Colombia regresaría?   	5325	A otro ¿Cuál?	SI	SI
1	72	4	GE	1648	La principal razón por la cual usted no considera retornar a Colombia es:	5326	Temor que vuelva a ser víctima del conflicto armado 	SI	SI
1	72	4	GE	1648	La principal razón por la cual usted no considera retornar a Colombia es:	5327	Temor a recodar sucesos a causa del conflicto armado	SI	SI
1	72	4	GE	1648	La principal razón por la cual usted no considera retornar a Colombia es:	5328	Allá no existen las condiciones necesarias para desarrollar sus proyectos 	SI	SI
1	72	4	GE	1648	La principal razón por la cual usted no considera retornar a Colombia es:	5329	Por falta de recursos económicos	SI	SI
1	72	4	GE	1648	La principal razón por la cual usted no considera retornar a Colombia es:	5330	Temor a volver a ser victimizado por recuperar el predio que le fue despojado o tuvo que abandonarlo forzadamente	SI	SI
1	72	4	GE	1648	La principal razón por la cual usted no considera retornar a Colombia es:	5331	Otra ¿cuál? 	SI	SI
1	72	5	GE	1649	Las razones por las cuales usted retornaría a Colombia son: 	5332	Quiere estar con su familia	SI	SI
1	72	5	GE	1649	Las razones por las cuales usted retornaría a Colombia son: 	5333	Extraña su país	SI	SI
1	72	5	GE	1649	Las razones por las cuales usted retornaría a Colombia son: 	5334	Quiere retomar actividades que solo puede hacer en Colombia	SI	SI
1	72	5	GE	1649	Las razones por las cuales usted retornaría a Colombia son: 	5335	Colombia ahora tiene mejores condiciones de vida	SI	SI
1	72	5	GE	1649	Las razones por las cuales usted retornaría a Colombia son: 	5336	Hay mayor seguridad en Colombia	SI	SI
1	72	5	GE	1649	Las razones por las cuales usted retornaría a Colombia son: 	5337	Que le garanticen las medidas de atención, asistencia y reparación integral	SI	SI
1	72	5	GE	1649	Las razones por las cuales usted retornaría a Colombia son: 	5338	Que le aseguren la reubicación en el lugar que usted desee	SI	SI
1	72	5	GE	1649	Las razones por las cuales usted retornaría a Colombia son: 	5339	Porque desde la implementación de los Acuerdos de Paz, usted se siente seguro 	SI	SI
1	72	5	GE	1649	Las razones por las cuales usted retornaría a Colombia son: 	5340	Desea que le restituyan su predio que le fue despojado o tuvo que abandonarlo forzadamente	SI	SI
1	72	5	GE	1649	Las razones por las cuales usted retornaría a Colombia son: 	5342	Otro ¿Cuál?	SI	SI
1	72	6	GE	1650	¿Usted considera que el retorno mejoraría sus condiciones actuales? 	5343	Sí	SI	SI
1	72	6	GE	1650	¿Usted considera que el retorno mejoraría sus condiciones actuales? 	5344	No	SI	SI
1	72	6	GE	1650	¿Usted considera que el retorno mejoraría sus condiciones actuales? 	5345	No sabe/ No responde 	SI	SI
1	72	7	GE	1651	Estas mejoras se darían en:	5346	Ingresos	SI	SI
1	72	7	GE	1651	Estas mejoras se darían en:	5347	Sus relaciones y vínculos familiares o afectivos	SI	SI
1	72	7	GE	1651	Estas mejoras se darían en:	5348	Desarrollo profesional o personal	SI	SI
1	72	7	GE	1651	Estas mejoras se darían en:	5349	Seguridad 	SI	SI
1	72	7	GE	1651	Estas mejoras se darían en:	5350	Otro ¿Cuál?	SI	SI
1	72	8	GE	1652	¿Usted conoce sobre la Ley de Retorno que lidera el Ministerio de Relaciones Exteriores de Colombia y sus beneficios? 	5351	SI	SI	SI
1	72	8	GE	1652	¿Usted conoce sobre la Ley de Retorno que lidera el Ministerio de Relaciones Exteriores de Colombia y sus beneficios? 	5352	NO	SI	SI
1	72	9	GE	1653	¿Desea recibir mayor información sobre esta Ley a través de:?	5353	Correo Electrónico	SI	SI
1	72	9	GE	1653	¿Desea recibir mayor información sobre esta Ley a través de:?	5355	Llamada Telefónica	SI	SI
1	72	9	GE	1653	¿Desea recibir mayor información sobre esta Ley a través de:?	5356	No está interesado en recibir mayor información	SI	SI
